{"type":"FeatureCollection", "features": [
{"type":"Feature","geometry":{"type":"MultiPolygon","coordinates":[[[[-61.54898,16.25308],[-61.54191,16.24438],[-61.54174,16.24055],[-61.53897,16.23992],[-61.53956,16.23705],[-61.53337,16.23424],[-61.53375,16.22924],[-61.53033,16.22632],[-61.53286,16.22628],[-61.53287,16.22452],[-61.52729,16.2229],[-61.52976,16.22003],[-61.52559,16.21932],[-61.52329,16.22113],[-61.52417,16.21714],[-61.53205,16.2203],[-61.53011,16.21637],[-61.52215,16.21273],[-61.51181,16.21655],[-61.50797,16.21367],[-61.50765,16.2062],[-61.48589,16.20502],[-61.46401,16.19661],[-61.45627,16.20216],[-61.45504,16.20028],[-61.44401,16.20268],[-61.44238,16.20742],[-61.43817,16.20897],[-61.42716,16.21062],[-61.42459,16.20788],[-61.41789,16.21156],[-61.4087,16.21232],[-61.40364,16.2181],[-61.3981,16.21953],[-61.3948,16.21713],[-61.39371,16.22128],[-61.39023,16.22378],[-61.37885,16.2229],[-61.36996,16.23214],[-61.36376,16.2347],[-61.34949,16.23609],[-61.33854,16.24186],[-61.32515,16.24104],[-61.32406,16.24417],[-61.31965,16.24052],[-61.29443,16.24324],[-61.28091,16.25005],[-61.26581,16.25026],[-61.26806,16.25323],[-61.26484,16.25173],[-61.25515,16.2564],[-61.22228,16.25356],[-61.20531,16.24971],[-61.1921,16.25022],[-61.17966,16.24531],[-61.17654,16.24163],[-61.17413,16.24575],[-61.17637,16.2489],[-61.18012,16.24768],[-61.18833,16.2547],[-61.19251,16.25348],[-61.19894,16.25811],[-61.20024,16.25448],[-61.20657,16.25536],[-61.22047,16.26399],[-61.23629,16.26872],[-61.24744,16.27839],[-61.24906,16.28509],[-61.26033,16.30476],[-61.26634,16.30488],[-61.26726,16.30977],[-61.2727,16.31369],[-61.27563,16.31306],[-61.27731,16.31676],[-61.28208,16.31659],[-61.2859,16.32158],[-61.29713,16.32266],[-61.29746,16.32764],[-61.30434,16.32496],[-61.31304,16.3317],[-61.32004,16.32996],[-61.33424,16.3337],[-61.34035,16.33298],[-61.34251,16.32883],[-61.34683,16.33603],[-61.35164,16.33354],[-61.36298,16.33699],[-61.36438,16.33488],[-61.36774,16.33483],[-61.36788,16.33868],[-61.37962,16.34389],[-61.39743,16.36746],[-61.40583,16.38474],[-61.40392,16.40323],[-61.40596,16.40576],[-61.40049,16.41198],[-61.40247,16.41544],[-61.39867,16.41801],[-61.39841,16.42822],[-61.40314,16.44568],[-61.40764,16.44747],[-61.40634,16.45134],[-61.40867,16.46024],[-61.41098,16.46054],[-61.41025,16.46767],[-61.42847,16.47866],[-61.42866,16.48258],[-61.43303,16.48329],[-61.43387,16.48684],[-61.43898,16.49057],[-61.4416,16.48883],[-61.44355,16.50016],[-61.44667,16.50088],[-61.45219,16.49745],[-61.45984,16.50128],[-61.46173,16.49944],[-61.46363,16.50265],[-61.46177,16.50524],[-61.46676,16.50666],[-61.4647,16.51449],[-61.46607,16.51099],[-61.473,16.51048],[-61.47524,16.50571],[-61.47793,16.50484],[-61.47969,16.49792],[-61.48623,16.49129],[-61.50404,16.48408],[-61.50727,16.47376],[-61.51715,16.47113],[-61.52337,16.46314],[-61.52949,16.46071],[-61.53528,16.45508],[-61.53757,16.44369],[-61.54152,16.43766],[-61.53701,16.43591],[-61.53727,16.43214],[-61.53315,16.42423],[-61.53336,16.41458],[-61.52975,16.40978],[-61.52655,16.39623],[-61.52384,16.39324],[-61.51208,16.3893],[-61.50866,16.38514],[-61.50665,16.38955],[-61.49954,16.38348],[-61.49516,16.37666],[-61.4967,16.36729],[-61.50133,16.36488],[-61.49589,16.36063],[-61.49953,16.35533],[-61.49094,16.35364],[-61.50414,16.35108],[-61.50418,16.34893],[-61.50607,16.35044],[-61.50538,16.34615],[-61.5085,16.34198],[-61.51995,16.34324],[-61.52269,16.34536],[-61.52973,16.33931],[-61.52785,16.33825],[-61.52922,16.33677],[-61.53445,16.3337],[-61.53455,16.31256],[-61.54125,16.30247],[-61.54534,16.30123],[-61.54568,16.3037],[-61.547,16.30124],[-61.54551,16.29641],[-61.54248,16.29609],[-61.54116,16.28956],[-61.54203,16.28786],[-61.54624,16.29286],[-61.55082,16.28677],[-61.54787,16.27995],[-61.54835,16.26808],[-61.54662,16.26715],[-61.54661,16.25446],[-61.54898,16.25308]]],[[[-61.54252,16.29354],[-61.54297,16.29532],[-61.54506,16.29472],[-61.54252,16.29354]]],[[[-61.55093,16.28805],[-61.55433,16.2884],[-61.55265,16.28677],[-61.55093,16.28805]]],[[[-61.62648,16.27275],[-61.62464,16.27577],[-61.62692,16.28018],[-61.61916,16.28691],[-61.62021,16.29229],[-61.6168,16.28822],[-61.62123,16.28356],[-61.61668,16.28228],[-61.61303,16.28495],[-61.6106,16.29409],[-61.60205,16.30026],[-61.60226,16.30362],[-61.60861,16.30458],[-61.62482,16.30131],[-61.63814,16.30958],[-61.64338,16.30879],[-61.64488,16.31278],[-61.64097,16.31631],[-61.65169,16.32142],[-61.663,16.32011],[-61.66498,16.31762],[-61.66685,16.32009],[-61.66977,16.31767],[-61.6726,16.32447],[-61.67846,16.32846],[-61.68055,16.32857],[-61.68186,16.32514],[-61.6855,16.32485],[-61.68659,16.32984],[-61.69363,16.33482],[-61.7014,16.33443],[-61.70345,16.33641],[-61.71451,16.33777],[-61.71748,16.34278],[-61.71625,16.34429],[-61.72136,16.34719],[-61.72479,16.35405],[-61.74369,16.36189],[-61.75072,16.35413],[-61.76001,16.35564],[-61.77196,16.34947],[-61.77622,16.34942],[-61.77848,16.34607],[-61.77776,16.34271],[-61.78518,16.33809],[-61.78924,16.33251],[-61.78708,16.3295],[-61.7884,16.32246],[-61.80068,16.31626],[-61.80218,16.31321],[-61.79503,16.30836],[-61.79478,16.30618],[-61.80239,16.30091],[-61.8018,16.28593],[-61.80434,16.28133],[-61.80271,16.27922],[-61.80436,16.27518],[-61.80984,16.27294],[-61.80585,16.26804],[-61.80635,16.25813],[-61.80159,16.24255],[-61.79196,16.23537],[-61.78755,16.22895],[-61.78262,16.21457],[-61.78295,16.20716],[-61.78788,16.19523],[-61.78249,16.1877],[-61.78417,16.17634],[-61.78291,16.17384],[-61.77941,16.17452],[-61.77603,16.17127],[-61.77518,16.14892],[-61.77997,16.13945],[-61.77508,16.13892],[-61.76996,16.131],[-61.77045,16.12772],[-61.77394,16.12661],[-61.77314,16.10756],[-61.77481,16.10252],[-61.77223,16.10182],[-61.77375,16.09812],[-61.7707,16.09607],[-61.7731,16.09127],[-61.76632,16.08975],[-61.7694,16.08676],[-61.76764,16.08203],[-61.76938,16.07975],[-61.76969,16.05882],[-61.76508,16.04939],[-61.7505,16.03437],[-61.7468,16.01211],[-61.74355,16.00605],[-61.72629,15.98836],[-61.71519,15.98262],[-61.70841,15.96466],[-61.70945,15.95525],[-61.70754,15.94899],[-61.7001,15.94657],[-61.68023,15.95053],[-61.6757,15.95295],[-61.66862,15.96238],[-61.66204,15.96432],[-61.65965,15.96054],[-61.64821,15.96983],[-61.63385,15.96634],[-61.63008,15.96724],[-61.63017,15.96993],[-61.62718,15.97204],[-61.61925,15.97168],[-61.62065,15.97695],[-61.61441,15.98227],[-61.61426,15.98915],[-61.56914,16.02588],[-61.56993,16.02789],[-61.56447,16.03419],[-61.56427,16.04216],[-61.55546,16.0534],[-61.5608,16.06369],[-61.55903,16.09403],[-61.56276,16.10732],[-61.56727,16.10876],[-61.57043,16.11427],[-61.56957,16.12159],[-61.56041,16.13054],[-61.56286,16.13466],[-61.57386,16.1374],[-61.57791,16.14304],[-61.5745,16.15067],[-61.57647,16.15358],[-61.58168,16.15521],[-61.58518,16.16765],[-61.5796,16.17351],[-61.58,16.17853],[-61.58609,16.18064],[-61.5904,16.19212],[-61.58903,16.19766],[-61.58322,16.20428],[-61.58747,16.20896],[-61.58562,16.21433],[-61.58847,16.21925],[-61.5848,16.2327],[-61.58029,16.2371],[-61.57454,16.23443],[-61.56749,16.23619],[-61.5664,16.23348],[-61.56218,16.23181],[-61.56163,16.23505],[-61.55913,16.23523],[-61.55173,16.2242],[-61.54376,16.22441],[-61.54686,16.22784],[-61.54176,16.23141],[-61.54416,16.23323],[-61.54969,16.23262],[-61.55098,16.23961],[-61.54855,16.24251],[-61.55321,16.24954],[-61.5475,16.25637],[-61.54971,16.27757],[-61.55411,16.27782],[-61.55676,16.27335],[-61.55903,16.27713],[-61.5608,16.27618],[-61.55985,16.2805],[-61.55485,16.27755],[-61.55308,16.28262],[-61.559,16.28661],[-61.56218,16.28359],[-61.56494,16.28666],[-61.57102,16.28184],[-61.57482,16.28237],[-61.57561,16.28497],[-61.57993,16.28389],[-61.57889,16.27943],[-61.58374,16.27428],[-61.5843,16.27021],[-61.59095,16.26684],[-61.5979,16.26611],[-61.60065,16.26885],[-61.5974,16.27444],[-61.59839,16.28085],[-61.60229,16.27309],[-61.60746,16.26838],[-61.61353,16.26762],[-61.61523,16.2698],[-61.61164,16.27871],[-61.62318,16.27614],[-61.62648,16.27275]]],[[[-61.78911,16.16733],[-61.79011,16.1696],[-61.79205,16.16743],[-61.78911,16.16733]]],[[[-61.2246,15.96452],[-61.22334,15.9681],[-61.22757,15.9683],[-61.2312,15.97358],[-61.23038,15.98099],[-61.23325,15.98567],[-61.23966,15.98563],[-61.23929,15.98841],[-61.24359,15.98835],[-61.24405,15.99169],[-61.25275,15.99281],[-61.26319,16.00095],[-61.27542,16.00484],[-61.27623,16.00728],[-61.28227,16.00332],[-61.28975,16.00394],[-61.29693,15.99686],[-61.30104,15.98797],[-61.30614,15.98625],[-61.30648,15.97882],[-61.3191,15.97572],[-61.31834,15.96147],[-61.32094,15.95139],[-61.33715,15.94141],[-61.32926,15.90482],[-61.33161,15.90034],[-61.32353,15.88743],[-61.31698,15.88126],[-61.30978,15.87964],[-61.30202,15.87461],[-61.28248,15.86983],[-61.27935,15.86656],[-61.26887,15.8674],[-61.26357,15.87083],[-61.24251,15.87439],[-61.22176,15.88839],[-61.21776,15.89521],[-61.20436,15.90121],[-61.19773,15.91563],[-61.19543,15.93067],[-61.20078,15.94539],[-61.20534,15.95085],[-61.21738,15.95661],[-61.21922,15.96214],[-61.2246,15.96452]]],[[[-61.05325,16.30625],[-61.04604,16.30913],[-61.0255,16.32434],[-61.01866,16.32757],[-61.01334,16.32722],[-61.01398,16.32913],[-61.00907,16.3296],[-61.00203,16.33397],[-61.00848,16.3491],[-61.01698,16.3488],[-61.01988,16.3442],[-61.02442,16.3442],[-61.03244,16.33721],[-61.03487,16.33857],[-61.04612,16.33051],[-61.0487,16.33203],[-61.0509,16.32766],[-61.06445,16.32001],[-61.07429,16.31959],[-61.07862,16.31233],[-61.08948,16.3121],[-61.09375,16.30533],[-61.09731,16.3042],[-61.09622,16.29802],[-61.0986,16.29426],[-61.09585,16.29028],[-61.09135,16.29557],[-61.08302,16.29668],[-61.07391,16.30278],[-61.05325,16.30625]]],[[[-61.10992,16.17325],[-61.13074,16.17199],[-61.12138,16.16717],[-61.10803,16.16906],[-61.10677,16.17111],[-61.10992,16.17325]]],[[[-61.11318,16.1765],[-61.10587,16.17604],[-61.10319,16.18041],[-61.11114,16.17915],[-61.11318,16.1765]]],[[[-61.78168,16.37058],[-61.78181,16.36712],[-61.77889,16.36418],[-61.77802,16.3681],[-61.78168,16.37058]]],[[[-61.59307,16.34522],[-61.5813,16.34527],[-61.57923,16.34905],[-61.59004,16.3538],[-61.59704,16.34242],[-61.5943,16.34218],[-61.59307,16.34522]]],[[[-61.52661,16.34871],[-61.52582,16.35],[-61.5299,16.35066],[-61.52661,16.34871]]],[[[-61.36695,16.33683],[-61.36469,16.33502],[-61.36369,16.337],[-61.36695,16.33683]]],[[[-61.5426,16.21376],[-61.53481,16.2134],[-61.54082,16.21558],[-61.54308,16.2189],[-61.5426,16.21376]]],[[[-61.62233,15.85261],[-61.61975,15.85508],[-61.61847,15.85134],[-61.61441,15.8552],[-61.61651,15.85821],[-61.62501,15.86005],[-61.62313,15.8655],[-61.63453,15.8678],[-61.63634,15.87086],[-61.64061,15.86261],[-61.64385,15.86044],[-61.64669,15.86139],[-61.64702,15.8538],[-61.65076,15.84777],[-61.6341,15.83987],[-61.62833,15.84237],[-61.62233,15.85261]]],[[[-61.5713,15.86927],[-61.56658,15.87163],[-61.57137,15.87223],[-61.5683,15.87867],[-61.57372,15.88393],[-61.57587,15.87473],[-61.57905,15.87335],[-61.5811,15.88112],[-61.58486,15.87616],[-61.58219,15.86922],[-61.58462,15.86428],[-61.59978,15.86473],[-61.60097,15.8596],[-61.60671,15.8574],[-61.60231,15.85768],[-61.5975,15.8533],[-61.59322,15.85253],[-61.58912,15.85875],[-61.58624,15.85697],[-61.57926,15.8575],[-61.57852,15.85547],[-61.57618,15.85821],[-61.57885,15.8602],[-61.57665,15.86681],[-61.5713,15.86927]]],[[[-61.58632,15.83803],[-61.59156,15.84304],[-61.59831,15.83586],[-61.58587,15.83213],[-61.58632,15.83803]]],[[[-61.59393,15.8718],[-61.59165,15.87784],[-61.6017,15.87745],[-61.59393,15.8718]]],[[[-61.61083,15.8394],[-61.61217,15.83841],[-61.6098,15.83594],[-61.60605,15.83498],[-61.61083,15.8394]]]]},"properties":{"code":"01","nom":"Guadeloupe"}},
{"type":"Feature","geometry":{"type":"MultiPolygon","coordinates":[[[[-61.05337,14.4557],[-61.04723,14.46048],[-61.04427,14.47079],[-61.02834,14.47869],[-61.01895,14.48093],[-61.00692,14.47192],[-61.00772,14.48296],[-61.003,14.47876],[-60.99891,14.46924],[-60.99121,14.46646],[-60.99012,14.47035],[-60.99337,14.47114],[-60.98987,14.47233],[-60.992,14.47899],[-60.98976,14.47994],[-60.98794,14.47486],[-60.98448,14.47368],[-60.98343,14.47887],[-60.98612,14.47957],[-60.98357,14.48008],[-60.98516,14.48451],[-60.98393,14.48947],[-60.98213,14.48345],[-60.97882,14.48393],[-60.97563,14.47548],[-60.97844,14.47161],[-60.97449,14.46832],[-60.96944,14.47038],[-60.97138,14.47374],[-60.96655,14.47329],[-60.96963,14.4768],[-60.96674,14.4784],[-60.96433,14.47733],[-60.96148,14.46891],[-60.95546,14.46529],[-60.94835,14.46732],[-60.93416,14.46256],[-60.91904,14.46733],[-60.91731,14.47232],[-60.91648,14.46834],[-60.9087,14.46988],[-60.91179,14.46053],[-60.89991,14.45137],[-60.89921,14.44787],[-60.89253,14.45314],[-60.89074,14.45886],[-60.8816,14.46938],[-60.87842,14.46915],[-60.87527,14.47221],[-60.87265,14.46875],[-60.86638,14.47076],[-60.86345,14.46668],[-60.86017,14.46793],[-60.8599,14.46615],[-60.86192,14.46062],[-60.86775,14.45832],[-60.86054,14.45768],[-60.86345,14.44951],[-60.86537,14.44971],[-60.86478,14.45312],[-60.87282,14.4571],[-60.8722,14.44562],[-60.87555,14.449],[-60.87903,14.44545],[-60.88391,14.4517],[-60.88434,14.44753],[-60.87988,14.43865],[-60.8868,14.42592],[-60.89349,14.42027],[-60.88527,14.41365],[-60.88706,14.40978],[-60.88451,14.40537],[-60.87715,14.40216],[-60.87625,14.39717],[-60.86827,14.39502],[-60.8661,14.39687],[-60.85577,14.39708],[-60.85495,14.40415],[-60.84637,14.4136],[-60.83902,14.41106],[-60.83789,14.41424],[-60.83968,14.41532],[-60.84236,14.41271],[-60.84546,14.41435],[-60.85194,14.41103],[-60.85406,14.41615],[-60.85068,14.41746],[-60.84752,14.41405],[-60.84318,14.42032],[-60.85027,14.41983],[-60.84749,14.43053],[-60.84925,14.43437],[-60.847,14.43495],[-60.84029,14.43047],[-60.83755,14.42639],[-60.84001,14.4258],[-60.83929,14.42223],[-60.83518,14.4234],[-60.83273,14.42978],[-60.8347,14.43448],[-60.83158,14.4334],[-60.82941,14.43578],[-60.82698,14.43526],[-60.82165,14.45576],[-60.81536,14.46052],[-60.81098,14.45933],[-60.8185,14.46648],[-60.81843,14.47039],[-60.82448,14.47133],[-60.82152,14.47316],[-60.82233,14.47655],[-60.8169,14.47445],[-60.81933,14.47188],[-60.8136,14.47391],[-60.8105,14.47999],[-60.81463,14.48604],[-60.81545,14.49295],[-60.8178,14.49319],[-60.81772,14.49501],[-60.82081,14.49289],[-60.82314,14.49575],[-60.8234,14.513],[-60.82597,14.51471],[-60.83092,14.50958],[-60.83757,14.51168],[-60.83639,14.51692],[-60.83319,14.51783],[-60.83543,14.51978],[-60.83233,14.52474],[-60.83446,14.52798],[-60.82529,14.52789],[-60.82713,14.53231],[-60.83337,14.53086],[-60.83298,14.53258],[-60.83869,14.53346],[-60.83497,14.53706],[-60.82667,14.53734],[-60.83189,14.54528],[-60.83562,14.54556],[-60.84041,14.55014],[-60.83622,14.55114],[-60.83661,14.55485],[-60.83003,14.56031],[-60.82972,14.56545],[-60.82705,14.56847],[-60.83058,14.56943],[-60.83931,14.56002],[-60.84591,14.5571],[-60.84718,14.56042],[-60.84184,14.56274],[-60.84092,14.56702],[-60.84909,14.56584],[-60.84353,14.57171],[-60.85182,14.56747],[-60.85559,14.57206],[-60.85346,14.5764],[-60.84734,14.57641],[-60.84225,14.57907],[-60.85339,14.57934],[-60.85035,14.58303],[-60.84603,14.58243],[-60.84639,14.58466],[-60.84999,14.58541],[-60.85121,14.59551],[-60.86116,14.58825],[-60.86829,14.59038],[-60.86832,14.59348],[-60.87278,14.597],[-60.87093,14.60148],[-60.86784,14.60099],[-60.86933,14.60524],[-60.88029,14.61206],[-60.87631,14.61417],[-60.87623,14.61631],[-60.86923,14.61738],[-60.87011,14.61952],[-60.87504,14.61919],[-60.87683,14.62166],[-60.88006,14.61786],[-60.88324,14.6199],[-60.88535,14.61514],[-60.88731,14.6154],[-60.88747,14.62183],[-60.88929,14.62185],[-60.88907,14.61954],[-60.89398,14.61946],[-60.89873,14.62183],[-60.89777,14.62882],[-60.8949,14.62831],[-60.89493,14.63137],[-60.89091,14.63126],[-60.89176,14.63617],[-60.89466,14.63509],[-60.8949,14.63954],[-60.88866,14.64135],[-60.89045,14.64276],[-60.89588,14.64131],[-60.90569,14.64799],[-60.9019,14.64955],[-60.90388,14.65221],[-60.90173,14.65331],[-60.89832,14.65238],[-60.89655,14.64838],[-60.89502,14.65075],[-60.89007,14.65059],[-60.889,14.65674],[-60.88543,14.65313],[-60.88621,14.65808],[-60.88343,14.6582],[-60.88272,14.66516],[-60.89017,14.66569],[-60.89174,14.66211],[-60.88999,14.65962],[-60.89392,14.65891],[-60.89473,14.66117],[-60.89881,14.66159],[-60.89804,14.6653],[-60.90155,14.66217],[-60.90353,14.66618],[-60.90627,14.66663],[-60.90568,14.66334],[-60.90867,14.6624],[-60.91147,14.66599],[-60.91591,14.66359],[-60.91373,14.66033],[-60.91771,14.66108],[-60.92001,14.65774],[-60.91616,14.65482],[-60.91664,14.65309],[-60.92091,14.65174],[-60.92184,14.65525],[-60.92605,14.65117],[-60.933,14.65786],[-60.93511,14.66474],[-60.93925,14.66522],[-60.94283,14.66931],[-60.9352,14.68385],[-60.93197,14.68433],[-60.93019,14.67881],[-60.92453,14.6784],[-60.92899,14.68276],[-60.92884,14.68664],[-60.92601,14.68907],[-60.91965,14.68976],[-60.91851,14.6936],[-60.91326,14.69416],[-60.91003,14.69285],[-60.9117,14.68767],[-60.90717,14.6959],[-60.90184,14.69544],[-60.90071,14.69864],[-60.90299,14.69921],[-60.90298,14.70164],[-60.90848,14.6996],[-60.9145,14.70326],[-60.91384,14.71509],[-60.91611,14.71328],[-60.91808,14.71574],[-60.91649,14.71269],[-60.92003,14.71135],[-60.92024,14.7076],[-60.92284,14.71027],[-60.92748,14.70626],[-60.93276,14.70754],[-60.93349,14.71226],[-60.92845,14.71529],[-60.92948,14.7176],[-60.92517,14.72167],[-60.93044,14.7217],[-60.93505,14.71295],[-60.93604,14.71546],[-60.94158,14.7142],[-60.9419,14.72168],[-60.94542,14.72479],[-60.94567,14.72922],[-60.94325,14.73404],[-60.94155,14.73267],[-60.93746,14.7343],[-60.94462,14.73818],[-60.94347,14.74303],[-60.94091,14.74305],[-60.93688,14.75001],[-60.92599,14.75081],[-60.91204,14.744],[-60.9102,14.73533],[-60.90326,14.73716],[-60.89575,14.73352],[-60.89634,14.73653],[-60.89169,14.73753],[-60.89056,14.7398],[-60.89827,14.74215],[-60.89858,14.7454],[-60.89362,14.74942],[-60.89062,14.74779],[-60.88858,14.75356],[-60.89692,14.75861],[-60.89648,14.76229],[-60.89355,14.76199],[-60.89339,14.76582],[-60.88942,14.76739],[-60.88541,14.76595],[-60.88394,14.76879],[-60.88055,14.76707],[-60.88217,14.7639],[-60.87878,14.75811],[-60.87331,14.75828],[-60.87623,14.76564],[-60.87278,14.77203],[-60.87588,14.77254],[-60.877,14.77382],[-60.87493,14.77486],[-60.87926,14.77675],[-60.88586,14.77661],[-60.88593,14.78015],[-60.88867,14.77984],[-60.89205,14.77379],[-60.89738,14.7701],[-60.9015,14.76975],[-60.90217,14.76698],[-60.90688,14.76556],[-60.90956,14.76819],[-60.91164,14.7628],[-60.91942,14.75876],[-60.92267,14.75859],[-60.92504,14.76329],[-60.9325,14.7623],[-60.94116,14.75683],[-60.94508,14.75743],[-60.94497,14.75502],[-60.95257,14.74781],[-60.95455,14.73761],[-60.95772,14.7362],[-60.96284,14.73984],[-60.963,14.74637],[-60.96776,14.75328],[-60.96618,14.7561],[-60.96794,14.7606],[-60.97416,14.76404],[-60.97435,14.76795],[-60.97824,14.76878],[-60.98306,14.77446],[-60.98001,14.77758],[-60.98725,14.77776],[-60.99129,14.78517],[-60.99639,14.78644],[-60.99872,14.79373],[-61.00399,14.7975],[-61.00527,14.8017],[-61.00155,14.80741],[-61.00264,14.80896],[-61.00536,14.80779],[-61.0085,14.80988],[-61.01154,14.80677],[-61.01692,14.80813],[-61.02085,14.81256],[-61.02301,14.82192],[-61.03172,14.82335],[-61.02933,14.83035],[-61.03824,14.83072],[-61.04267,14.83696],[-61.04872,14.83318],[-61.05428,14.83287],[-61.06171,14.83732],[-61.06514,14.84333],[-61.0725,14.84387],[-61.08268,14.8523],[-61.09029,14.85376],[-61.09841,14.86328],[-61.1032,14.86371],[-61.11448,14.87054],[-61.12051,14.87016],[-61.12773,14.87451],[-61.13504,14.87447],[-61.13823,14.87716],[-61.14832,14.87872],[-61.16535,14.87728],[-61.17634,14.87399],[-61.18055,14.87506],[-61.18328,14.8709],[-61.19344,14.86753],[-61.19701,14.86379],[-61.2054,14.86218],[-61.21087,14.85737],[-61.21401,14.84863],[-61.21941,14.84483],[-61.21869,14.84312],[-61.22589,14.83218],[-61.22903,14.82242],[-61.22903,14.81279],[-61.22602,14.80671],[-61.22712,14.80155],[-61.22218,14.79781],[-61.21513,14.78299],[-61.20513,14.77981],[-61.19847,14.76734],[-61.18537,14.75755],[-61.17665,14.74529],[-61.18461,14.7086],[-61.17906,14.69288],[-61.15867,14.66346],[-61.15712,14.65711],[-61.15317,14.65515],[-61.15049,14.64809],[-61.13913,14.64236],[-61.13884,14.63736],[-61.13548,14.63308],[-61.13005,14.63325],[-61.12291,14.62904],[-61.11988,14.63002],[-61.11088,14.62526],[-61.10329,14.61532],[-61.10057,14.61452],[-61.09032,14.59901],[-61.0696,14.60232],[-61.06556,14.59733],[-61.06617,14.60279],[-61.06144,14.60016],[-61.05793,14.604],[-61.06056,14.59469],[-61.05836,14.59347],[-61.05351,14.5979],[-61.04953,14.59765],[-61.04996,14.59003],[-61.04595,14.59063],[-61.04635,14.5936],[-61.04281,14.59459],[-61.04162,14.59896],[-61.03644,14.59475],[-61.04054,14.60507],[-61.03789,14.60483],[-61.03628,14.61021],[-61.0341,14.60949],[-61.03425,14.60641],[-61.03105,14.60592],[-61.02197,14.61687],[-61.0094,14.61271],[-61.00772,14.61154],[-61.02126,14.60637],[-61.02169,14.60479],[-61.01947,14.60308],[-61.02006,14.60634],[-61.01019,14.61017],[-61.01173,14.60239],[-61.02205,14.60037],[-61.00199,14.60239],[-61.00309,14.59903],[-61.00621,14.59833],[-61.0087,14.59278],[-61.01288,14.59202],[-61.01447,14.59479],[-61.01354,14.59191],[-61.0219,14.59047],[-61.02303,14.59203],[-61.0244,14.58518],[-61.02136,14.58343],[-61.01761,14.58717],[-61.00934,14.58869],[-61.01159,14.5849],[-61.00349,14.58046],[-61.00319,14.57629],[-61.00047,14.57658],[-61.00363,14.57372],[-61.00519,14.56689],[-61.00191,14.56211],[-60.99159,14.57508],[-60.99052,14.57326],[-60.99398,14.56794],[-60.99112,14.56564],[-60.994,14.56372],[-60.98578,14.56219],[-60.98764,14.56115],[-60.98721,14.55626],[-60.98282,14.55733],[-60.98069,14.55618],[-60.98358,14.55477],[-60.98123,14.55358],[-60.97706,14.5551],[-60.97462,14.55374],[-60.98328,14.55016],[-60.98002,14.54667],[-60.98839,14.5448],[-60.97859,14.5438],[-60.9801,14.54088],[-60.98242,14.54152],[-60.98566,14.53838],[-60.98445,14.53422],[-60.98759,14.53714],[-60.98976,14.53604],[-60.98705,14.53384],[-60.98979,14.53286],[-60.98697,14.53064],[-60.98799,14.52926],[-60.9939,14.53127],[-60.99531,14.53737],[-60.99816,14.53558],[-60.99707,14.53179],[-61.00187,14.53293],[-61.00681,14.53096],[-61.00665,14.53404],[-61.01131,14.53482],[-61.00611,14.53905],[-61.00819,14.5418],[-61.01346,14.53461],[-61.01698,14.53402],[-61.01667,14.53601],[-61.02244,14.53265],[-61.02062,14.53727],[-61.0228,14.5397],[-61.02684,14.53476],[-61.02775,14.53699],[-61.03183,14.53663],[-61.03003,14.54075],[-61.04082,14.54142],[-61.04403,14.54629],[-61.03753,14.54959],[-61.0375,14.55556],[-61.04064,14.55597],[-61.04134,14.55063],[-61.04305,14.55257],[-61.05148,14.55122],[-61.04899,14.55901],[-61.05099,14.55705],[-61.05176,14.56078],[-61.05421,14.55139],[-61.06145,14.55037],[-61.06523,14.54101],[-61.06804,14.53964],[-61.07637,14.54217],[-61.08099,14.5368],[-61.08765,14.53424],[-61.08749,14.52729],[-61.08982,14.52826],[-61.09015,14.52525],[-61.09439,14.52463],[-61.09722,14.51867],[-61.09657,14.51434],[-61.10093,14.50812],[-61.09657,14.50651],[-61.09103,14.50799],[-61.08489,14.50453],[-61.08402,14.49865],[-61.08967,14.49777],[-61.09031,14.49255],[-61.08252,14.49205],[-61.07956,14.48942],[-61.07899,14.4796],[-61.08258,14.47635],[-61.08165,14.47052],[-61.07745,14.46779],[-61.07019,14.46875],[-61.06686,14.45988],[-61.06268,14.45585],[-61.05553,14.45395],[-61.05337,14.4557]]],[[[-61.04077,14.44342],[-61.03761,14.44294],[-61.03819,14.44454],[-61.04077,14.44342]]],[[[-60.86217,14.60838],[-60.85628,14.61135],[-60.84982,14.61073],[-60.85209,14.61144],[-60.8524,14.61467],[-60.86217,14.60838]]],[[[-60.88988,14.63368],[-60.88832,14.63003],[-60.88538,14.63139],[-60.88889,14.63495],[-60.88988,14.63368]]],[[[-60.85039,14.62526],[-60.84881,14.62358],[-60.84607,14.62541],[-60.84833,14.62713],[-60.85039,14.62526]]],[[[-60.86471,14.619],[-60.86119,14.61852],[-60.85826,14.62207],[-60.86471,14.619]]],[[[-60.86501,14.60579],[-60.86332,14.6053],[-60.86318,14.60723],[-60.86501,14.60579]]],[[[-61.00492,14.57778],[-61.00504,14.57958],[-61.00966,14.58035],[-61.00629,14.57731],[-61.00904,14.57513],[-61.00651,14.57166],[-61.00492,14.57778]]],[[[-60.89846,14.69654],[-60.89206,14.69306],[-60.89022,14.68957],[-60.88738,14.69222],[-60.87992,14.69122],[-60.8796,14.69311],[-60.88839,14.69678],[-60.89846,14.69654]]],[[[-60.91109,14.68525],[-60.90994,14.68438],[-60.90912,14.68709],[-60.91109,14.68525]]],[[[-60.88374,14.67114],[-60.88322,14.66936],[-60.8816,14.67024],[-60.88374,14.67114]]],[[[-60.83005,14.43121],[-60.82733,14.42822],[-60.82516,14.43021],[-60.8258,14.43206],[-60.83005,14.43121]]],[[[-60.86872,14.39163],[-60.86676,14.38916],[-60.8671,14.3919],[-60.86872,14.39163]]],[[[-61.02181,14.54792],[-61.01723,14.54759],[-61.01632,14.54998],[-61.02181,14.54792]]],[[[-60.83843,14.56731],[-60.83521,14.56731],[-60.83427,14.56984],[-60.83843,14.56731]]],[[[-60.82789,14.5256],[-60.82599,14.52418],[-60.82612,14.52671],[-60.82789,14.5256]]]]},"properties":{"code":"02","nom":"Martinique"}},
{"type":"Feature","geometry":{"type":"MultiPolygon","coordinates":[[[[-52.16801,4.77678],[-52.16603,4.78308],[-52.17109,4.78837],[-52.17474,4.7968],[-52.17349,4.80425],[-52.18029,4.81417],[-52.18967,4.81997],[-52.192,4.81941],[-52.19706,4.82595],[-52.19918,4.82556],[-52.20093,4.82111],[-52.20186,4.82836],[-52.20809,4.8317],[-52.21098,4.82948],[-52.21226,4.83092],[-52.20994,4.83549],[-52.21983,4.84108],[-52.22484,4.84107],[-52.22629,4.8386],[-52.22816,4.84121],[-52.23151,4.84129],[-52.23387,4.83989],[-52.23147,4.83818],[-52.23328,4.83648],[-52.23684,4.83853],[-52.24368,4.83835],[-52.24528,4.83732],[-52.24391,4.83326],[-52.23708,4.83005],[-52.24328,4.83092],[-52.24465,4.82714],[-52.24973,4.82361],[-52.25226,4.82539],[-52.25568,4.82324],[-52.25527,4.82656],[-52.2638,4.83204],[-52.26279,4.82966],[-52.2652,4.82597],[-52.26841,4.82585],[-52.26921,4.82913],[-52.26654,4.82927],[-52.27571,4.83912],[-52.28096,4.83407],[-52.27427,4.82458],[-52.27943,4.82895],[-52.28189,4.82849],[-52.28107,4.82428],[-52.28516,4.8186],[-52.29873,4.82469],[-52.2969,4.83212],[-52.2878,4.84754],[-52.28953,4.84855],[-52.28764,4.84795],[-52.279,4.85419],[-52.26692,4.85256],[-52.26059,4.8541],[-52.2562,4.85791],[-52.25629,4.86162],[-52.24947,4.86787],[-52.24378,4.8781],[-52.24615,4.88653],[-52.26283,4.90008],[-52.26349,4.90679],[-52.26135,4.90982],[-52.25759,4.90901],[-52.25878,4.91349],[-52.26178,4.91311],[-52.28156,4.93254],[-52.28431,4.94096],[-52.28658,4.94249],[-52.29217,4.94016],[-52.29875,4.94523],[-52.30227,4.95133],[-52.30974,4.95116],[-52.31918,4.94386],[-52.33648,4.94296],[-52.33822,4.93674],[-52.3352,4.93402],[-52.33429,4.92818],[-52.34176,4.91226],[-52.34854,4.90514],[-52.35395,4.90349],[-52.35904,4.90527],[-52.36404,4.90236],[-52.37049,4.91091],[-52.35782,4.91378],[-52.35591,4.91753],[-52.3647,4.92073],[-52.3779,4.93156],[-52.41828,4.9749],[-52.46015,5.00781],[-52.46997,5.0196],[-52.47741,5.02189],[-52.48444,5.02934],[-52.48979,5.0289],[-52.49477,5.03566],[-52.50601,5.04157],[-52.50567,5.0437],[-52.53152,5.0612],[-52.53364,5.06328],[-52.53334,5.06709],[-52.53993,5.07436],[-52.5448,5.07727],[-52.54846,5.07626],[-52.55405,5.08048],[-52.63252,5.1495],[-52.64328,5.14448],[-52.67096,5.14842],[-52.67196,5.15136],[-52.66479,5.15235],[-52.64066,5.14899],[-52.63176,5.15875],[-52.62615,5.15857],[-52.62596,5.16027],[-52.63876,5.16754],[-52.66616,5.1998],[-52.68742,5.21468],[-52.69125,5.21462],[-52.72608,5.23999],[-52.75578,5.26775],[-52.76868,5.27615],[-52.79369,5.30229],[-52.78865,5.29591],[-52.79344,5.29644],[-52.79569,5.29971],[-52.79497,5.30337],[-52.80396,5.31042],[-52.80722,5.30612],[-52.8086,5.31093],[-52.81313,5.30995],[-52.81707,5.31304],[-52.81952,5.31112],[-52.82292,5.31184],[-52.82068,5.31559],[-52.81886,5.31349],[-52.81753,5.31572],[-52.81633,5.31358],[-52.81556,5.31614],[-52.82438,5.3224],[-52.82711,5.32279],[-52.83192,5.31925],[-52.84248,5.32072],[-52.8446,5.3231],[-52.84182,5.32634],[-52.84503,5.33044],[-52.84278,5.33102],[-52.84787,5.3343],[-52.84711,5.33895],[-52.85188,5.33731],[-52.85089,5.33371],[-52.85469,5.33254],[-52.857,5.34287],[-52.85988,5.34558],[-52.85742,5.34649],[-52.85856,5.34847],[-52.86735,5.3493],[-52.88304,5.35761],[-52.88117,5.35875],[-52.88369,5.36019],[-52.88794,5.36017],[-52.8931,5.36368],[-52.89644,5.36224],[-52.89866,5.3645],[-52.8965,5.36996],[-52.89611,5.36746],[-52.89145,5.36959],[-52.89001,5.36511],[-52.88718,5.36571],[-52.8962,5.3746],[-52.89789,5.37249],[-52.901,5.37738],[-52.90386,5.37703],[-52.90362,5.37536],[-52.91341,5.37753],[-52.95608,5.40277],[-52.95774,5.40204],[-52.96031,5.38864],[-52.96833,5.38183],[-52.96752,5.37936],[-52.96028,5.37952],[-52.95917,5.37773],[-52.96785,5.37797],[-52.96973,5.38221],[-52.9604,5.3933],[-52.96158,5.40441],[-52.97589,5.41697],[-53.00129,5.43235],[-53.0006,5.4281],[-52.99732,5.42788],[-52.99444,5.42406],[-52.99604,5.42039],[-52.9987,5.42659],[-53.00456,5.42388],[-53.02026,5.42799],[-53.01606,5.42719],[-53.01598,5.42861],[-53.02089,5.4356],[-53.02541,5.43802],[-53.03302,5.43888],[-53.03504,5.43323],[-53.03793,5.43394],[-53.03692,5.43134],[-53.03958,5.43549],[-53.04425,5.43693],[-53.04091,5.44145],[-53.04294,5.4471],[-53.04676,5.44973],[-53.05109,5.44719],[-53.05184,5.43468],[-53.06076,5.43307],[-53.06233,5.42992],[-53.06557,5.43366],[-53.06186,5.43727],[-53.05854,5.43642],[-53.05575,5.44462],[-53.05692,5.44627],[-53.05824,5.44316],[-53.06163,5.443],[-53.06458,5.43859],[-53.06925,5.43681],[-53.06858,5.43121],[-53.07065,5.42852],[-53.06787,5.42538],[-53.07303,5.42598],[-53.07986,5.42801],[-53.08839,5.43516],[-53.07932,5.4362],[-53.09107,5.43908],[-53.08958,5.43592],[-53.09217,5.43511],[-53.08868,5.43297],[-53.0954,5.43322],[-53.19735,5.48048],[-53.20325,5.48151],[-53.24678,5.50543],[-53.24726,5.50282],[-53.25123,5.50191],[-53.27346,5.51043],[-53.30271,5.51669],[-53.31797,5.52269],[-53.35246,5.52739],[-53.4137,5.54692],[-53.43534,5.55689],[-53.45333,5.55999],[-53.45691,5.5579],[-53.46356,5.5586],[-53.46198,5.5606],[-53.50936,5.57741],[-53.57615,5.60635],[-53.58363,5.60868],[-53.59344,5.60788],[-53.60951,5.6121],[-53.6264,5.62316],[-53.6326,5.62434],[-53.69122,5.65222],[-53.74439,5.69472],[-53.78158,5.71585],[-53.78988,5.71858],[-53.80828,5.73207],[-53.81462,5.73073],[-53.83343,5.73399],[-53.83359,5.73114],[-53.79876,5.71377],[-53.77715,5.6956],[-53.77222,5.68359],[-53.77351,5.65958],[-53.77634,5.65945],[-53.777,5.68538],[-53.77982,5.69235],[-53.81418,5.71563],[-53.85606,5.73107],[-53.89198,5.73337],[-53.90279,5.73598],[-53.90687,5.73881],[-53.90046,5.73571],[-53.88175,5.73431],[-53.85779,5.73802],[-53.86424,5.74234],[-53.89029,5.74773],[-53.93431,5.74852],[-53.94614,5.74636],[-53.95054,5.74345],[-53.96816,5.74516],[-53.96929,5.73778],[-53.98802,5.71464],[-54.01284,5.66272],[-54.014,5.6382],[-54.02741,5.62406],[-54.02815,5.61786],[-54.01894,5.60507],[-54.01401,5.59175],[-54.01519,5.57406],[-54.00827,5.55742],[-54.01594,5.54552],[-54.01674,5.53085],[-54.02006,5.52234],[-54.04051,5.50849],[-54.04939,5.49077],[-54.06267,5.4851],[-54.06511,5.47929],[-54.08731,5.45075],[-54.09494,5.42967],[-54.11178,5.42237],[-54.12026,5.41341],[-54.12911,5.39819],[-54.13102,5.38827],[-54.14353,5.36834],[-54.15257,5.35828],[-54.17172,5.34415],[-54.18246,5.32554],[-54.18618,5.32226],[-54.19778,5.31836],[-54.20443,5.31123],[-54.20797,5.30318],[-54.22744,5.29886],[-54.24103,5.28504],[-54.25945,5.27858],[-54.27713,5.26453],[-54.28858,5.2456],[-54.3034,5.23195],[-54.30981,5.22297],[-54.31183,5.21511],[-54.33445,5.1754],[-54.3476,5.16032],[-54.34896,5.14643],[-54.3582,5.13914],[-54.36456,5.13736],[-54.37006,5.13028],[-54.36851,5.12359],[-54.37238,5.11112],[-54.39435,5.09462],[-54.41063,5.0889],[-54.41632,5.08285],[-54.41797,5.06992],[-54.41654,5.05867],[-54.4262,5.03205],[-54.43801,5.01594],[-54.43609,4.99596],[-54.43789,4.98719],[-54.44279,4.98194],[-54.43969,4.97388],[-54.43924,4.96003],[-54.44347,4.94029],[-54.44682,4.935],[-54.45571,4.92933],[-54.46205,4.91886],[-54.46866,4.91473],[-54.47935,4.90051],[-54.47752,4.89523],[-54.46878,4.89019],[-54.47105,4.8825],[-54.46631,4.87205],[-54.46955,4.85908],[-54.46557,4.8263],[-54.46736,4.81278],[-54.46391,4.80248],[-54.46395,4.78966],[-54.45972,4.77866],[-54.4645,4.75886],[-54.46594,4.73972],[-54.46403,4.73398],[-54.45642,4.72423],[-54.43603,4.7247],[-54.42357,4.72158],[-54.42062,4.71733],[-54.42131,4.70591],[-54.41713,4.70369],[-54.42542,4.68958],[-54.42803,4.67411],[-54.42259,4.66696],[-54.427,4.65717],[-54.42378,4.65458],[-54.42306,4.65048],[-54.43153,4.6389],[-54.42912,4.62587],[-54.42056,4.61365],[-54.41721,4.61343],[-54.41392,4.60932],[-54.41654,4.58526],[-54.41096,4.57454],[-54.41334,4.56705],[-54.41997,4.5609],[-54.41785,4.55581],[-54.42001,4.54726],[-54.42775,4.54316],[-54.43864,4.54265],[-54.44933,4.52559],[-54.44745,4.51541],[-54.43973,4.49825],[-54.442,4.47785],[-54.43476,4.47332],[-54.4316,4.46633],[-54.43479,4.44879],[-54.4391,4.4446],[-54.44177,4.43748],[-54.43974,4.42882],[-54.43436,4.42482],[-54.43336,4.41803],[-54.42621,4.41166],[-54.42872,4.39781],[-54.42399,4.38467],[-54.42722,4.37324],[-54.41765,4.36704],[-54.40785,4.3701],[-54.39982,4.36867],[-54.39104,4.36018],[-54.3856,4.3513],[-54.39114,4.33315],[-54.38875,4.3284],[-54.39113,4.32455],[-54.39448,4.305],[-54.39167,4.28325],[-54.38343,4.27206],[-54.38234,4.26244],[-54.38871,4.24601],[-54.39607,4.20271],[-54.38534,4.17799],[-54.36824,4.17708],[-54.36113,4.17102],[-54.35835,4.17207],[-54.35604,4.16905],[-54.34928,4.1687],[-54.34073,4.1555],[-54.32953,4.14905],[-54.32497,4.14906],[-54.32313,4.1462],[-54.32275,4.13504],[-54.33267,4.13304],[-54.33467,4.1227],[-54.34206,4.12027],[-54.34696,4.10256],[-54.34278,4.08875],[-54.35163,4.07358],[-54.35188,4.06841],[-54.3545,4.06491],[-54.35978,4.06472],[-54.36179,4.06266],[-54.36175,4.0591],[-54.35851,4.05812],[-54.36107,4.05318],[-54.35581,4.04612],[-54.34552,4.04199],[-54.34597,4.03707],[-54.3441,4.03675],[-54.34233,4.04111],[-54.3398,4.04082],[-54.33072,4.02908],[-54.32648,4.0191],[-54.31893,4.01644],[-54.29937,3.99689],[-54.29563,3.98434],[-54.29248,3.98262],[-54.29357,3.97121],[-54.29048,3.96687],[-54.29099,3.96015],[-54.28329,3.95158],[-54.286,3.94018],[-54.2824,3.92766],[-54.2694,3.91354],[-54.26162,3.90955],[-54.25288,3.90101],[-54.25081,3.88734],[-54.23706,3.86127],[-54.23355,3.85786],[-54.22481,3.85578],[-54.21084,3.85631],[-54.19871,3.85221],[-54.19034,3.84503],[-54.19055,3.8366],[-54.19934,3.8277],[-54.20094,3.8224],[-54.19993,3.8141],[-54.19456,3.80334],[-54.18563,3.80045],[-54.16414,3.80556],[-54.14918,3.80434],[-54.12973,3.79977],[-54.12075,3.79213],[-54.11331,3.769],[-54.10101,3.75217],[-54.09624,3.734],[-54.08374,3.72312],[-54.07889,3.71392],[-54.07954,3.70466],[-54.08654,3.69063],[-54.08235,3.67358],[-54.05295,3.65673],[-54.05005,3.65149],[-54.05216,3.63845],[-54.04995,3.63438],[-54.03697,3.63069],[-54.03094,3.6311],[-54.02689,3.63428],[-54.02642,3.64211],[-54.02407,3.64571],[-54.01359,3.65078],[-54.00682,3.64856],[-53.99284,3.62776],[-53.99122,3.61736],[-53.98068,3.60872],[-53.98002,3.60502],[-53.98453,3.59623],[-53.98376,3.58834],[-53.98573,3.58174],[-53.99871,3.57139],[-54.00609,3.56974],[-54.008,3.56686],[-54.00484,3.54488],[-54.00938,3.53698],[-53.99965,3.52489],[-54.00836,3.50396],[-54.00835,3.46649],[-54.01693,3.45783],[-54.01311,3.44797],[-54.01796,3.44743],[-54.02009,3.44211],[-54.01915,3.43612],[-54.0121,3.42599],[-54.02106,3.41202],[-54.03634,3.40297],[-54.04793,3.38717],[-54.05938,3.38444],[-54.05906,3.37805],[-54.054,3.37146],[-54.05377,3.36345],[-54.05698,3.35402],[-54.06133,3.34911],[-54.06307,3.33329],[-54.06664,3.32753],[-54.06427,3.31267],[-54.06991,3.30274],[-54.07393,3.30137],[-54.08088,3.29249],[-54.08376,3.29423],[-54.08699,3.29176],[-54.09354,3.2942],[-54.10049,3.30039],[-54.11039,3.28736],[-54.11878,3.28403],[-54.12185,3.27188],[-54.13632,3.26603],[-54.14494,3.25079],[-54.15152,3.24673],[-54.15366,3.23286],[-54.16428,3.22881],[-54.16755,3.21721],[-54.17253,3.21373],[-54.17399,3.20753],[-54.17636,3.20609],[-54.18703,3.208],[-54.18907,3.20634],[-54.18882,3.20163],[-54.19642,3.1922],[-54.19889,3.17618],[-54.20224,3.17531],[-54.2041,3.16811],[-54.20073,3.16252],[-54.20193,3.15891],[-54.20826,3.15375],[-54.21234,3.1552],[-54.21388,3.15333],[-54.21123,3.14373],[-54.20053,3.14364],[-54.20836,3.13736],[-54.21406,3.13639],[-54.21137,3.12772],[-54.1985,3.12379],[-54.19494,3.13491],[-54.18806,3.13257],[-54.18567,3.13552],[-54.18303,3.1352],[-54.18467,3.12687],[-54.17894,3.12282],[-54.17873,3.11092],[-54.17375,3.10773],[-54.18133,3.08931],[-54.17921,3.08351],[-54.17384,3.08117],[-54.17444,3.07227],[-54.18372,3.07339],[-54.19461,3.06533],[-54.19163,3.05449],[-54.18364,3.04996],[-54.18207,3.04138],[-54.17845,3.03829],[-54.17652,3.02904],[-54.16959,3.01558],[-54.17195,3.0101],[-54.16992,3.00858],[-54.17098,3.0058],[-54.17808,3.00053],[-54.18212,3.00169],[-54.18542,3.00012],[-54.1809,2.99164],[-54.18142,2.98373],[-54.17562,2.97538],[-54.16263,2.97245],[-54.16051,2.9683],[-54.16451,2.96449],[-54.17155,2.96547],[-54.17409,2.96265],[-54.17573,2.95473],[-54.17201,2.949],[-54.17599,2.94648],[-54.17878,2.95013],[-54.17999,2.94827],[-54.17772,2.94471],[-54.17234,2.94248],[-54.17319,2.9381],[-54.17981,2.92771],[-54.19112,2.92527],[-54.19246,2.92104],[-54.1857,2.91721],[-54.18504,2.91229],[-54.18571,2.9044],[-54.19144,2.89793],[-54.19204,2.88908],[-54.19519,2.88496],[-54.19072,2.86958],[-54.18805,2.86677],[-54.18185,2.86565],[-54.17942,2.85853],[-54.1831,2.85482],[-54.18253,2.84861],[-54.18624,2.84271],[-54.18641,2.83733],[-54.19514,2.83097],[-54.19693,2.83503],[-54.20781,2.83125],[-54.20806,2.82745],[-54.20288,2.82644],[-54.20564,2.81859],[-54.19797,2.80386],[-54.204,2.79457],[-54.20816,2.79375],[-54.21081,2.78951],[-54.20819,2.77774],[-54.21737,2.76497],[-54.21703,2.76101],[-54.22189,2.76377],[-54.22512,2.7624],[-54.22591,2.75886],[-54.22286,2.75397],[-54.22884,2.7497],[-54.23571,2.75027],[-54.23525,2.74729],[-54.24552,2.73878],[-54.24531,2.73225],[-54.25678,2.72995],[-54.2643,2.72372],[-54.27294,2.69372],[-54.26591,2.68698],[-54.27722,2.6848],[-54.27749,2.68093],[-54.27429,2.67647],[-54.28129,2.66314],[-54.28593,2.66377],[-54.29093,2.66065],[-54.29597,2.65153],[-54.30169,2.64934],[-54.30646,2.64397],[-54.3127,2.63132],[-54.31854,2.63068],[-54.31708,2.6195],[-54.31273,2.61753],[-54.31279,2.61335],[-54.31619,2.61358],[-54.31613,2.6103],[-54.32127,2.61081],[-54.31757,2.60755],[-54.32203,2.60424],[-54.32222,2.59184],[-54.32814,2.58719],[-54.33011,2.57755],[-54.32764,2.5761],[-54.33071,2.56981],[-54.33517,2.56516],[-54.33996,2.56357],[-54.34196,2.56524],[-54.34531,2.56277],[-54.34575,2.561],[-54.34366,2.56117],[-54.34448,2.55753],[-54.34824,2.55905],[-54.34695,2.55519],[-54.34279,2.55458],[-54.34305,2.55252],[-54.34699,2.55091],[-54.34364,2.54382],[-54.34441,2.53608],[-54.34644,2.53215],[-54.35154,2.52941],[-54.34887,2.52436],[-54.35531,2.51676],[-54.35987,2.51718],[-54.36105,2.52064],[-54.36137,2.508],[-54.36634,2.50964],[-54.37073,2.50822],[-54.37453,2.49597],[-54.37275,2.49125],[-54.38015,2.48525],[-54.38396,2.48885],[-54.38632,2.48232],[-54.3891,2.48071],[-54.38519,2.47513],[-54.38732,2.47455],[-54.38708,2.47035],[-54.39024,2.4713],[-54.39108,2.46721],[-54.39596,2.46892],[-54.39921,2.46766],[-54.401,2.46369],[-54.39839,2.46267],[-54.40183,2.46166],[-54.40307,2.45556],[-54.40893,2.44996],[-54.41173,2.45059],[-54.41146,2.44594],[-54.41526,2.44488],[-54.42042,2.43633],[-54.43092,2.43748],[-54.43732,2.43046],[-54.44789,2.43513],[-54.45069,2.43524],[-54.45184,2.43239],[-54.4547,2.43269],[-54.45655,2.43571],[-54.45851,2.4328],[-54.4615,2.43547],[-54.46761,2.43555],[-54.46836,2.43328],[-54.4738,2.43665],[-54.47604,2.4353],[-54.47541,2.42997],[-54.48278,2.42139],[-54.48556,2.41222],[-54.5,2.40167],[-54.505,2.39111],[-54.505,2.3775],[-54.51028,2.37139],[-54.51139,2.36417],[-54.51,2.35306],[-54.50556,2.34222],[-54.50861,2.33583],[-54.52222,2.33694],[-54.52722,2.33222],[-54.53361,2.33361],[-54.53333,2.33917],[-54.53528,2.34139],[-54.55833,2.35167],[-54.56972,2.35417],[-54.57556,2.35361],[-54.57917,2.34972],[-54.59047,2.35194],[-54.59365,2.34644],[-54.59162,2.34203],[-54.59667,2.34145],[-54.60153,2.33663],[-54.60234,2.33354],[-54.5961,2.33215],[-54.58787,2.32175],[-54.57979,2.32389],[-54.57556,2.32733],[-54.5652,2.32596],[-54.55643,2.33027],[-54.55454,2.32564],[-54.54308,2.32684],[-54.53993,2.32534],[-54.53896,2.3207],[-54.5329,2.31731],[-54.53417,2.31136],[-54.5387,2.30525],[-54.53368,2.29252],[-54.51973,2.28946],[-54.51379,2.27999],[-54.51736,2.27674],[-54.52681,2.2788],[-54.52927,2.27557],[-54.53926,2.27245],[-54.5478,2.27247],[-54.54887,2.27002],[-54.54116,2.26621],[-54.53587,2.26069],[-54.52756,2.26114],[-54.5228,2.25198],[-54.50531,2.25497],[-54.49952,2.25229],[-54.49436,2.24454],[-54.49865,2.24053],[-54.4961,2.23314],[-54.49303,2.23118],[-54.48548,2.23338],[-54.48308,2.22919],[-54.4779,2.22851],[-54.47627,2.22549],[-54.47694,2.21331],[-54.47271,2.21434],[-54.46085,2.20749],[-54.45674,2.20976],[-54.44887,2.20351],[-54.44222,2.20488],[-54.43247,2.21373],[-54.4201,2.21433],[-54.41586,2.2079],[-54.42085,2.19972],[-54.41597,2.19488],[-54.41102,2.19857],[-54.39735,2.19698],[-54.39059,2.20513],[-54.38566,2.20601],[-54.37981,2.20263],[-54.37614,2.20345],[-54.3619,2.21149],[-54.35448,2.20272],[-54.36234,2.19453],[-54.36075,2.18913],[-54.36479,2.18692],[-54.36239,2.18296],[-54.36304,2.17965],[-54.36069,2.17492],[-54.3579,2.17511],[-54.35237,2.17019],[-54.34823,2.1737],[-54.33914,2.16929],[-54.34421,2.16047],[-54.34186,2.15182],[-54.33187,2.15514],[-54.32312,2.1544],[-54.32039,2.15946],[-54.31094,2.15745],[-54.30862,2.15441],[-54.30343,2.15531],[-54.28826,2.14766],[-54.27242,2.1462],[-54.27067,2.14449],[-54.26552,2.14545],[-54.25411,2.15575],[-54.25102,2.15332],[-54.24522,2.15604],[-54.23466,2.15068],[-54.23403,2.14855],[-54.22989,2.15239],[-54.22412,2.14982],[-54.21555,2.15854],[-54.21173,2.15556],[-54.21053,2.15945],[-54.20356,2.16315],[-54.20134,2.16687],[-54.19032,2.17131],[-54.18921,2.17845],[-54.18441,2.17868],[-54.18565,2.16557],[-54.18194,2.15162],[-54.1755,2.14975],[-54.17325,2.14472],[-54.1741,2.13667],[-54.16864,2.13281],[-54.1683,2.12933],[-54.16632,2.12786],[-54.15883,2.12925],[-54.15744,2.12709],[-54.15909,2.12266],[-54.15313,2.12159],[-54.15172,2.11948],[-54.14766,2.12161],[-54.14427,2.12038],[-54.14214,2.11304],[-54.1354,2.12186],[-54.13066,2.1206],[-54.12614,2.12406],[-54.11911,2.12166],[-54.1155,2.11745],[-54.11211,2.11758],[-54.10694,2.11114],[-54.10448,2.11106],[-54.10106,2.11269],[-54.10628,2.12161],[-54.09874,2.12847],[-54.09847,2.1315],[-54.09538,2.13205],[-54.09323,2.1401],[-54.08427,2.13616],[-54.08373,2.14023],[-54.08816,2.14471],[-54.08581,2.14573],[-54.0845,2.15051],[-54.08787,2.15364],[-54.08183,2.16434],[-54.08286,2.17251],[-54.07232,2.1787],[-54.07294,2.18337],[-54.06643,2.18987],[-54.06543,2.19676],[-54.0588,2.19794],[-54.0555,2.18954],[-54.0488,2.18909],[-54.04615,2.18653],[-54.0331,2.1884],[-54.02937,2.185],[-54.02676,2.18731],[-54.02273,2.18124],[-54.01587,2.18253],[-54.01422,2.18651],[-54.00874,2.18986],[-54.00368,2.19764],[-54.00426,2.20404],[-53.99905,2.20052],[-53.99039,2.20912],[-53.98238,2.20932],[-53.97312,2.20637],[-53.9633,2.2193],[-53.95578,2.21711],[-53.95078,2.22052],[-53.94711,2.21614],[-53.94391,2.21559],[-53.94009,2.22067],[-53.94114,2.23268],[-53.93276,2.23705],[-53.93764,2.24187],[-53.93423,2.24757],[-53.94131,2.25944],[-53.93713,2.26212],[-53.93617,2.26751],[-53.93364,2.26939],[-53.93437,2.27329],[-53.93858,2.27461],[-53.93438,2.28109],[-53.93075,2.28133],[-53.93068,2.2784],[-53.92391,2.27424],[-53.91963,2.2781],[-53.91508,2.27816],[-53.91137,2.27261],[-53.91513,2.26925],[-53.91497,2.262],[-53.90502,2.26086],[-53.90132,2.26752],[-53.89588,2.26819],[-53.89648,2.27296],[-53.894,2.27634],[-53.89202,2.27683],[-53.8907,2.2712],[-53.88545,2.27388],[-53.88895,2.2784],[-53.88862,2.28264],[-53.88352,2.28724],[-53.8873,2.29664],[-53.88275,2.30882],[-53.87108,2.30857],[-53.86505,2.30409],[-53.86256,2.30988],[-53.85558,2.31328],[-53.85179,2.3031],[-53.84276,2.30456],[-53.83821,2.30215],[-53.83098,2.30818],[-53.82471,2.30834],[-53.8236,2.31228],[-53.81385,2.31119],[-53.81478,2.32178],[-53.81969,2.32476],[-53.83047,2.32389],[-53.8325,2.32708],[-53.83582,2.32701],[-53.83484,2.33191],[-53.8096,2.34106],[-53.81047,2.35232],[-53.79984,2.35421],[-53.79689,2.36148],[-53.78243,2.36116],[-53.78503,2.36761],[-53.77975,2.37034],[-53.7724,2.36939],[-53.76909,2.37537],[-53.75763,2.37521],[-53.75521,2.37091],[-53.74441,2.36938],[-53.74185,2.37339],[-53.73806,2.37401],[-53.73608,2.37243],[-53.73731,2.36647],[-53.75113,2.3614],[-53.75064,2.35776],[-53.74696,2.35787],[-53.74693,2.35582],[-53.74421,2.35496],[-53.73879,2.36122],[-53.73605,2.35811],[-53.73324,2.35857],[-53.72864,2.35252],[-53.72854,2.34793],[-53.72078,2.35076],[-53.72602,2.33884],[-53.73826,2.33244],[-53.73315,2.32237],[-53.74768,2.31982],[-53.7479,2.31567],[-53.74468,2.31332],[-53.74707,2.31003],[-53.73961,2.30579],[-53.73121,2.30536],[-53.72897,2.31089],[-53.72368,2.30995],[-53.72263,2.31249],[-53.71891,2.30904],[-53.71335,2.3106],[-53.71048,2.30599],[-53.70431,2.30543],[-53.7039,2.31111],[-53.69893,2.31116],[-53.69084,2.3073],[-53.69169,2.30253],[-53.68863,2.29815],[-53.6892,2.29524],[-53.68399,2.29233],[-53.68126,2.29498],[-53.68363,2.29991],[-53.67716,2.29609],[-53.66885,2.30341],[-53.66887,2.30165],[-53.66344,2.30095],[-53.66325,2.29701],[-53.66053,2.29541],[-53.65523,2.29859],[-53.65177,2.29572],[-53.65756,2.28454],[-53.6569,2.27946],[-53.64715,2.27772],[-53.64058,2.27989],[-53.63547,2.27647],[-53.6281,2.28004],[-53.62319,2.27888],[-53.62352,2.2756],[-53.61916,2.27247],[-53.61141,2.2814],[-53.60928,2.28105],[-53.60831,2.27774],[-53.60444,2.28072],[-53.60045,2.2792],[-53.59776,2.2742],[-53.58931,2.2714],[-53.58658,2.2632],[-53.58154,2.26306],[-53.58176,2.26808],[-53.57899,2.26989],[-53.57839,2.26767],[-53.56749,2.26713],[-53.56678,2.26366],[-53.55998,2.26467],[-53.55929,2.26085],[-53.54919,2.25467],[-53.54897,2.25253],[-53.54474,2.25544],[-53.54197,2.25215],[-53.53749,2.2565],[-53.53506,2.25174],[-53.53193,2.25131],[-53.52586,2.25293],[-53.52398,2.25894],[-53.516,2.26154],[-53.51053,2.25689],[-53.49585,2.26049],[-53.49466,2.25672],[-53.4907,2.25806],[-53.48974,2.26181],[-53.48401,2.26208],[-53.48057,2.25645],[-53.47061,2.25212],[-53.46753,2.25423],[-53.46484,2.25217],[-53.46154,2.25314],[-53.4587,2.2573],[-53.45059,2.2597],[-53.44739,2.26721],[-53.44484,2.26726],[-53.44561,2.27378],[-53.43791,2.27725],[-53.43498,2.28354],[-53.43127,2.28205],[-53.43079,2.28859],[-53.42366,2.28749],[-53.42155,2.28466],[-53.41877,2.28687],[-53.41006,2.2876],[-53.4057,2.29032],[-53.40531,2.29593],[-53.39962,2.30459],[-53.39404,2.30646],[-53.38875,2.30376],[-53.38684,2.30804],[-53.381,2.31194],[-53.37211,2.31302],[-53.35793,2.33033],[-53.3597,2.33412],[-53.35802,2.33709],[-53.36164,2.34176],[-53.36101,2.34401],[-53.356,2.34806],[-53.34667,2.34658],[-53.34394,2.35139],[-53.34076,2.35205],[-53.33308,2.34596],[-53.33188,2.33408],[-53.32824,2.33538],[-53.32774,2.33784],[-53.32083,2.33751],[-53.32164,2.34299],[-53.31918,2.34503],[-53.31275,2.32822],[-53.31528,2.32697],[-53.31414,2.3234],[-53.3092,2.31576],[-53.30208,2.31054],[-53.30089,2.30705],[-53.29678,2.30765],[-53.29689,2.30532],[-53.29223,2.30712],[-53.28597,2.3041],[-53.28143,2.30498],[-53.27953,2.30248],[-53.28079,2.30144],[-53.274,2.2938],[-53.26019,2.28583],[-53.26007,2.27532],[-53.25731,2.2709],[-53.24079,2.26863],[-53.23758,2.26999],[-53.23391,2.26678],[-53.23107,2.269],[-53.2302,2.26506],[-53.22683,2.26401],[-53.22745,2.25471],[-53.23396,2.25631],[-53.23819,2.25195],[-53.23846,2.24871],[-53.24238,2.24832],[-53.25185,2.24134],[-53.25592,2.24877],[-53.25991,2.24872],[-53.25809,2.24571],[-53.259,2.23484],[-53.2567,2.23035],[-53.25829,2.22568],[-53.26294,2.21966],[-53.27206,2.22208],[-53.27893,2.21804],[-53.27454,2.21691],[-53.27417,2.20987],[-53.27539,2.20027],[-53.28329,2.19644],[-53.28376,2.1897],[-53.28105,2.18785],[-53.28153,2.19163],[-53.27814,2.19536],[-53.27376,2.19017],[-53.26848,2.19112],[-53.26306,2.18917],[-53.2575,2.19889],[-53.24866,2.20363],[-53.24917,2.20833],[-53.24472,2.21111],[-53.23556,2.21028],[-53.23306,2.20583],[-53.2225,2.20111],[-53.21972,2.20333],[-53.21583,2.2025],[-53.21083,2.20639],[-53.20972,2.21056],[-53.20681,2.2115],[-53.1977,2.21276],[-53.19482,2.2109],[-53.19076,2.21399],[-53.18248,2.21109],[-53.18125,2.21334],[-53.16839,2.21862],[-53.16024,2.21705],[-53.15568,2.22148],[-53.14324,2.21885],[-53.13388,2.22537],[-53.12303,2.22246],[-53.11297,2.22456],[-53.10807,2.22311],[-53.10073,2.22582],[-53.09661,2.22224],[-53.08127,2.22262],[-53.07361,2.21871],[-53.06358,2.20638],[-53.06265,2.19968],[-53.05293,2.1901],[-53.04213,2.1882],[-53.03894,2.18546],[-53.0321,2.18703],[-53.0123,2.17826],[-53.01052,2.17969],[-53.00787,2.17742],[-53.00499,2.1795],[-53.00143,2.17725],[-52.99763,2.17814],[-52.99208,2.17207],[-52.98932,2.17246],[-52.98801,2.16844],[-52.98087,2.16771],[-52.9753,2.17221],[-52.97173,2.17095],[-52.95961,2.17539],[-52.9568,2.17297],[-52.94085,2.17876],[-52.93831,2.1807],[-52.93906,2.18991],[-52.93459,2.19432],[-52.93007,2.18985],[-52.92729,2.19182],[-52.92098,2.19063],[-52.91984,2.19329],[-52.91273,2.19188],[-52.91037,2.18799],[-52.90762,2.18945],[-52.90407,2.18644],[-52.90417,2.19094],[-52.89584,2.20789],[-52.89306,2.20954],[-52.8921,2.21622],[-52.88558,2.2201],[-52.88761,2.22536],[-52.88543,2.23288],[-52.88765,2.23835],[-52.87904,2.23798],[-52.87453,2.24083],[-52.8772,2.24404],[-52.87289,2.24655],[-52.87137,2.26029],[-52.86173,2.26037],[-52.85401,2.26366],[-52.85133,2.27036],[-52.85528,2.27033],[-52.85709,2.27399],[-52.85512,2.27691],[-52.85839,2.2787],[-52.85786,2.28178],[-52.85284,2.27894],[-52.8382,2.28128],[-52.83934,2.28585],[-52.84291,2.28741],[-52.84213,2.2912],[-52.83497,2.28972],[-52.83453,2.2927],[-52.81853,2.29469],[-52.80594,2.30034],[-52.80214,2.29966],[-52.79906,2.30396],[-52.79458,2.30407],[-52.7869,2.31114],[-52.78343,2.30978],[-52.7798,2.31737],[-52.77587,2.31431],[-52.77304,2.31501],[-52.76993,2.32094],[-52.7666,2.32188],[-52.76655,2.31918],[-52.76468,2.32346],[-52.74911,2.32891],[-52.73979,2.33696],[-52.73534,2.33534],[-52.7338,2.33834],[-52.71739,2.3429],[-52.71897,2.35001],[-52.71006,2.35873],[-52.68018,2.37061],[-52.67133,2.36904],[-52.66848,2.37285],[-52.66056,2.37396],[-52.66059,2.3807],[-52.65412,2.39568],[-52.65841,2.39924],[-52.65813,2.40132],[-52.64385,2.42046],[-52.64608,2.43313],[-52.63724,2.4392],[-52.63573,2.44525],[-52.63254,2.44543],[-52.63144,2.44117],[-52.62905,2.44523],[-52.61637,2.44558],[-52.61026,2.45246],[-52.61127,2.45547],[-52.62155,2.46204],[-52.62163,2.46969],[-52.61845,2.47482],[-52.59476,2.47635],[-52.59063,2.48698],[-52.58721,2.48948],[-52.58805,2.49381],[-52.58398,2.49544],[-52.56519,2.51625],[-52.55891,2.51956],[-52.55203,2.52],[-52.55249,2.52627],[-52.54931,2.53097],[-52.55452,2.53172],[-52.55656,2.54171],[-52.56128,2.54974],[-52.55051,2.56153],[-52.5468,2.56218],[-52.5379,2.55831],[-52.53571,2.56054],[-52.53781,2.5625],[-52.53779,2.56705],[-52.53387,2.57485],[-52.528,2.58063],[-52.52751,2.58467],[-52.53183,2.5989],[-52.53595,2.60337],[-52.54991,2.61087],[-52.54425,2.6159],[-52.54246,2.62318],[-52.54451,2.63018],[-52.55132,2.63123],[-52.55552,2.63953],[-52.54989,2.64607],[-52.54973,2.65001],[-52.54202,2.65395],[-52.5334,2.65011],[-52.52931,2.65159],[-52.52604,2.6598],[-52.52783,2.66274],[-52.5194,2.67654],[-52.51991,2.68386],[-52.50748,2.69737],[-52.50412,2.71099],[-52.4998,2.71689],[-52.49999,2.72127],[-52.49139,2.72875],[-52.47899,2.75312],[-52.48309,2.75786],[-52.48197,2.7608],[-52.47543,2.76344],[-52.47831,2.78011],[-52.47409,2.7871],[-52.47343,2.79387],[-52.45669,2.8206],[-52.44494,2.85004],[-52.43556,2.86372],[-52.42262,2.89032],[-52.41815,2.89384],[-52.40975,2.89398],[-52.40921,2.89802],[-52.40557,2.90087],[-52.40095,2.89686],[-52.39169,2.89725],[-52.3775,2.91543],[-52.3777,2.92122],[-52.38155,2.91851],[-52.38886,2.91793],[-52.39036,2.92437],[-52.39544,2.92869],[-52.38967,2.94035],[-52.3936,2.94547],[-52.39227,2.94774],[-52.38309,2.95053],[-52.36844,2.98175],[-52.37117,2.99089],[-52.36641,2.9953],[-52.36208,3.01711],[-52.35245,3.02296],[-52.35229,3.02765],[-52.34468,3.04429],[-52.32767,3.0713],[-52.32606,3.07705],[-52.32685,3.08045],[-52.33819,3.08872],[-52.34544,3.09771],[-52.34502,3.10842],[-52.33818,3.11988],[-52.34711,3.1205],[-52.35283,3.12651],[-52.34803,3.13639],[-52.33434,3.13453],[-52.33129,3.13764],[-52.33395,3.14149],[-52.33691,3.13985],[-52.34079,3.14601],[-52.33318,3.15559],[-52.33282,3.16133],[-52.32952,3.16557],[-52.33142,3.17056],[-52.3182,3.17105],[-52.31245,3.17521],[-52.3013,3.17303],[-52.29933,3.1782],[-52.3027,3.19994],[-52.29383,3.21563],[-52.29249,3.2264],[-52.27388,3.23641],[-52.26456,3.24431],[-52.26321,3.25109],[-52.26043,3.25298],[-52.24794,3.24917],[-52.24701,3.24162],[-52.24267,3.23735],[-52.23358,3.24067],[-52.22371,3.25308],[-52.22317,3.25729],[-52.21048,3.27738],[-52.20532,3.2816],[-52.20306,3.28749],[-52.19081,3.29672],[-52.18905,3.30203],[-52.19261,3.30763],[-52.18665,3.32003],[-52.1742,3.33048],[-52.17393,3.3375],[-52.16927,3.34518],[-52.16244,3.35091],[-52.1196,3.42958],[-52.11396,3.43432],[-52.10864,3.45104],[-52.09438,3.46301],[-52.09279,3.47903],[-52.0868,3.48956],[-52.08013,3.49229],[-52.07194,3.50259],[-52.07042,3.50831],[-52.07343,3.51122],[-52.07357,3.51469],[-52.07103,3.51757],[-52.05979,3.52053],[-52.02013,3.59239],[-52.00259,3.60919],[-51.98879,3.62684],[-51.98907,3.63505],[-51.99296,3.64553],[-51.98689,3.65411],[-51.98864,3.66198],[-51.98651,3.67213],[-51.97877,3.68242],[-51.97258,3.70545],[-51.96206,3.71314],[-51.95696,3.71356],[-51.95711,3.71822],[-51.95194,3.72227],[-51.93555,3.71937],[-51.93244,3.72324],[-51.92269,3.72308],[-51.91891,3.73158],[-51.91978,3.73912],[-51.91607,3.74564],[-51.92015,3.75114],[-51.92204,3.76193],[-51.92657,3.76731],[-51.92067,3.7743],[-51.91992,3.7808],[-51.9162,3.78175],[-51.91036,3.77936],[-51.90462,3.78095],[-51.90304,3.78389],[-51.89707,3.78438],[-51.89572,3.78704],[-51.89777,3.7913],[-51.90439,3.79416],[-51.90291,3.8002],[-51.88716,3.79442],[-51.88432,3.80139],[-51.87272,3.80415],[-51.85638,3.83265],[-51.8378,3.85002],[-51.82342,3.85855],[-51.82074,3.87013],[-51.81306,3.8732],[-51.79862,3.88694],[-51.78177,3.92307],[-51.78036,3.93999],[-51.78328,3.94764],[-51.78231,3.96407],[-51.7776,3.97454],[-51.74571,4.00147],[-51.70871,4.01801],[-51.70075,4.02526],[-51.6757,4.03604],[-51.65604,4.05389],[-51.64768,4.07948],[-51.64216,4.11625],[-51.63753,4.13325],[-51.63494,4.17633],[-51.62857,4.19161],[-51.61904,4.20107],[-51.63477,4.2007],[-51.63992,4.21182],[-51.6461,4.219],[-51.65775,4.22641],[-51.66218,4.22032],[-51.66347,4.20547],[-51.66991,4.19609],[-51.66493,4.20522],[-51.6637,4.21911],[-51.65751,4.2348],[-51.66105,4.24386],[-51.67054,4.24905],[-51.67785,4.25853],[-51.67983,4.26428],[-51.67786,4.26733],[-51.68196,4.26851],[-51.68895,4.27643],[-51.70307,4.29706],[-51.71111,4.31403],[-51.71861,4.34078],[-51.71859,4.35677],[-51.71202,4.36254],[-51.71337,4.36409],[-51.71079,4.36527],[-51.7053,4.37869],[-51.6973,4.38352],[-51.69239,4.38225],[-51.69102,4.39299],[-51.69222,4.39522],[-51.69956,4.39615],[-51.70274,4.38985],[-51.7117,4.38792],[-51.71501,4.39257],[-51.72689,4.39631],[-51.73992,4.4049],[-51.74571,4.41777],[-51.7478,4.41545],[-51.74929,4.41719],[-51.74755,4.41977],[-51.75347,4.42011],[-51.75551,4.42533],[-51.75225,4.42881],[-51.75292,4.43597],[-51.74739,4.43895],[-51.74725,4.44125],[-51.74848,4.44517],[-51.75366,4.44828],[-51.76935,4.46854],[-51.77785,4.48964],[-51.77595,4.50334],[-51.77997,4.51111],[-51.77894,4.5187],[-51.78153,4.52613],[-51.78117,4.53476],[-51.78542,4.54746],[-51.78318,4.55207],[-51.7871,4.56462],[-51.78665,4.57562],[-51.79259,4.59184],[-51.79123,4.59561],[-51.79765,4.61195],[-51.80967,4.62139],[-51.81388,4.63028],[-51.82172,4.63505],[-51.82153,4.63794],[-51.83308,4.64659],[-51.83998,4.65573],[-51.85008,4.65975],[-51.86387,4.66944],[-51.86728,4.66876],[-51.86491,4.66999],[-51.86792,4.67158],[-51.88036,4.67501],[-51.88261,4.67854],[-51.89064,4.67802],[-51.89367,4.68125],[-51.90447,4.67982],[-51.91302,4.68137],[-51.91712,4.68626],[-51.92243,4.6812],[-51.93039,4.66412],[-51.93176,4.65226],[-51.92704,4.58358],[-51.92948,4.53625],[-51.92793,4.49558],[-51.92345,4.46602],[-51.9241,4.43513],[-51.93329,4.40658],[-51.94923,4.41129],[-51.94655,4.42158],[-51.94626,4.43556],[-51.95568,4.48944],[-51.95374,4.52063],[-51.9565,4.53692],[-51.96176,4.54782],[-51.97411,4.56296],[-51.97746,4.57379],[-51.9832,4.58046],[-51.99566,4.60854],[-51.99815,4.61972],[-52.0015,4.62362],[-52.00239,4.6333],[-52.00927,4.64227],[-52.01394,4.65895],[-52.01809,4.66181],[-52.01731,4.6681],[-52.02675,4.6732],[-52.02791,4.67591],[-52.034,4.67354],[-52.033,4.67795],[-52.03582,4.68089],[-52.03694,4.67948],[-52.0409,4.6833],[-52.04854,4.68526],[-52.05075,4.69109],[-52.05325,4.6889],[-52.05395,4.69164],[-52.05611,4.6904],[-52.05619,4.69334],[-52.05817,4.68777],[-52.05562,4.68311],[-52.06271,4.67911],[-52.06261,4.67533],[-52.06509,4.67489],[-52.06466,4.66658],[-52.06825,4.66079],[-52.06626,4.65448],[-52.06729,4.65028],[-52.07282,4.65891],[-52.07301,4.66626],[-52.06997,4.6735],[-52.07068,4.68123],[-52.07623,4.68595],[-52.08032,4.68501],[-52.07905,4.6877],[-52.0827,4.6994],[-52.09127,4.70417],[-52.09325,4.70232],[-52.09471,4.7038],[-52.09801,4.70991],[-52.09618,4.71195],[-52.09953,4.71997],[-52.10564,4.71777],[-52.10427,4.72719],[-52.11404,4.73668],[-52.11789,4.75074],[-52.12967,4.75765],[-52.13006,4.76102],[-52.13718,4.76287],[-52.13779,4.76547],[-52.14759,4.767],[-52.14777,4.77489],[-52.15345,4.78006],[-52.15752,4.78125],[-52.15912,4.77906],[-52.16222,4.78013],[-52.16435,4.77671],[-52.16513,4.77813],[-52.16801,4.77678]]],[[[-51.93688,4.46647],[-51.9417,4.48415],[-51.94502,4.47574],[-51.93934,4.43078],[-51.94236,4.40995],[-51.93884,4.41644],[-51.93525,4.43962],[-51.93688,4.46647]]],[[[-51.94259,4.50313],[-51.94356,4.50703],[-51.94795,4.50898],[-51.95112,4.49091],[-51.95009,4.48258],[-51.94665,4.47703],[-51.94259,4.50313]]],[[[-51.73671,4.45415],[-51.73969,4.45362],[-51.7417,4.44806],[-51.73886,4.44792],[-51.73113,4.45653],[-51.73671,4.45415]]],[[[-52.18947,4.89498],[-52.18963,4.89235],[-52.18501,4.88947],[-52.18167,4.88844],[-52.17962,4.89062],[-52.1816,4.89442],[-52.18947,4.89498]]],[[[-52.20112,4.92611],[-52.20103,4.93117],[-52.20621,4.93383],[-52.20372,4.92559],[-52.20112,4.92611]]],[[[-52.58534,5.2872],[-52.59156,5.28962],[-52.59381,5.28738],[-52.58644,5.28483],[-52.58534,5.2872]]],[[[-52.57879,5.28168],[-52.58444,5.28298],[-52.58425,5.27944],[-52.57879,5.28168]]],[[[-52.58002,5.29563],[-52.58089,5.2973],[-52.58308,5.29636],[-52.58574,5.29049],[-52.58002,5.29563]]],[[[-52.16857,4.88871],[-52.17062,4.88842],[-52.17002,4.88665],[-52.16857,4.88871]]],[[[-53.79672,5.70823],[-53.8006,5.70969],[-53.79566,5.70654],[-53.79672,5.70823]]],[[[-53.06736,5.49636],[-53.06223,5.4944],[-53.05468,5.49529],[-53.06034,5.50002],[-53.06694,5.50194],[-53.06584,5.49863],[-53.06976,5.49804],[-53.06963,5.49626],[-53.06736,5.49636]]],[[[-53.04849,5.49341],[-53.05062,5.49073],[-53.04664,5.49087],[-53.04512,5.49301],[-53.04849,5.49341]]]]},"properties":{"code":"03","nom":"Guyane"}},
{"type":"Feature","geometry":{"type":"Polygon","coordinates":[[[55.32228,-21.25287],[55.33135,-21.25997],[55.33443,-21.27025],[55.33236,-21.27338],[55.33917,-21.2807],[55.36714,-21.28475],[55.3882,-21.29083],[55.39798,-21.29661],[55.40854,-21.30751],[55.41146,-21.31439],[55.41923,-21.32117],[55.42984,-21.32625],[55.44917,-21.3283],[55.45455,-21.331],[55.45411,-21.33484],[55.45982,-21.34138],[55.47996,-21.34498],[55.48403,-21.35179],[55.50124,-21.35066],[55.52397,-21.36114],[55.53822,-21.3639],[55.54805,-21.36967],[55.55085,-21.37426],[55.55497,-21.37117],[55.57176,-21.37635],[55.58638,-21.37142],[55.5896,-21.37631],[55.59828,-21.37856],[55.60208,-21.38326],[55.60957,-21.38704],[55.63156,-21.3824],[55.63953,-21.38318],[55.64346,-21.38559],[55.64332,-21.38765],[55.6491,-21.38883],[55.65911,-21.38269],[55.67139,-21.38387],[55.68133,-21.37457],[55.70275,-21.37682],[55.71724,-21.37471],[55.72718,-21.36979],[55.74757,-21.36845],[55.75605,-21.36306],[55.77465,-21.36541],[55.79716,-21.35048],[55.80905,-21.33108],[55.80641,-21.3273],[55.80377,-21.30941],[55.80549,-21.29293],[55.80811,-21.28752],[55.80332,-21.2783],[55.80137,-21.26009],[55.80862,-21.23552],[55.80852,-21.22724],[55.8127,-21.22156],[55.81407,-21.21421],[55.82475,-21.20311],[55.82579,-21.18609],[55.83172,-21.18641],[55.83661,-21.1826],[55.83307,-21.17211],[55.83258,-21.16546],[55.83499,-21.16431],[55.83478,-21.16157],[55.82754,-21.15235],[55.82539,-21.14347],[55.8097,-21.13751],[55.80651,-21.13262],[55.79693,-21.12584],[55.78596,-21.12578],[55.78174,-21.12368],[55.77206,-21.10773],[55.76176,-21.09952],[55.75517,-21.08797],[55.73729,-21.06992],[55.73148,-21.0606],[55.73203,-21.04937],[55.72649,-21.04527],[55.71756,-21.03168],[55.70762,-21.02774],[55.70287,-21.01774],[55.7005,-20.97718],[55.69639,-20.9647],[55.68352,-20.94507],[55.66388,-20.92461],[55.64,-20.91289],[55.62003,-20.91016],[55.59204,-20.89594],[55.58362,-20.89767],[55.5719,-20.89302],[55.55918,-20.89156],[55.55134,-20.89531],[55.54169,-20.89455],[55.50405,-20.88228],[55.48887,-20.88591],[55.47085,-20.88455],[55.45077,-20.87188],[55.43971,-20.87634],[55.4283,-20.87346],[55.42151,-20.87435],[55.39564,-20.88152],[55.38453,-20.89063],[55.38076,-20.89073],[55.37567,-20.89603],[55.36878,-20.89838],[55.36273,-20.9061],[55.35232,-20.9114],[55.34326,-20.92241],[55.33133,-20.92755],[55.32327,-20.92837],[55.32506,-20.93503],[55.31312,-20.93291],[55.31937,-20.93122],[55.318,-20.92832],[55.30419,-20.92906],[55.28899,-20.92298],[55.28427,-20.9255],[55.28331,-20.93478],[55.28638,-20.9358],[55.28575,-20.93053],[55.28816,-20.93073],[55.28655,-20.93133],[55.28781,-20.94054],[55.28414,-20.93853],[55.28205,-20.94518],[55.28337,-20.93723],[55.28149,-20.93703],[55.28034,-20.94926],[55.27738,-20.95431],[55.28264,-20.97817],[55.27835,-20.99765],[55.26926,-21.00798],[55.25571,-21.01647],[55.24752,-21.01993],[55.23538,-21.01798],[55.21691,-21.03712],[55.22364,-21.05487],[55.22601,-21.0535],[55.22187,-21.05793],[55.22123,-21.07836],[55.23105,-21.09143],[55.25421,-21.10968],[55.25341,-21.11395],[55.26406,-21.12684],[55.27106,-21.13172],[55.27206,-21.14948],[55.28147,-21.15342],[55.28683,-21.16069],[55.28732,-21.18265],[55.28056,-21.20296],[55.28576,-21.20792],[55.29285,-21.22933],[55.3109,-21.24029],[55.31307,-21.24469],[55.31989,-21.24809],[55.32228,-21.25287]]]},"properties":{"code":"04","nom":"La Réunion"}},
{"type":"Feature","geometry":{"type":"MultiPolygon","coordinates":[[[[45.0432,-12.74815],[45.049,-12.75109],[45.05171,-12.75622],[45.05426,-12.75215],[45.06022,-12.75108],[45.07461,-12.7652],[45.07909,-12.76691],[45.08071,-12.76398],[45.08709,-12.76524],[45.09186,-12.77123],[45.09488,-12.77032],[45.09448,-12.76629],[45.10192,-12.76621],[45.10336,-12.77226],[45.10135,-12.77442],[45.10142,-12.78091],[45.09432,-12.78461],[45.09564,-12.78637],[45.09824,-12.78434],[45.09675,-12.79172],[45.10535,-12.79292],[45.1087,-12.79097],[45.11263,-12.79395],[45.11091,-12.79673],[45.1078,-12.79545],[45.10046,-12.7976],[45.09963,-12.80742],[45.10565,-12.81369],[45.10625,-12.81703],[45.10326,-12.82143],[45.10079,-12.83382],[45.12129,-12.8396],[45.11543,-12.84411],[45.10253,-12.84352],[45.09871,-12.84953],[45.09394,-12.85048],[45.09294,-12.8531],[45.1043,-12.86317],[45.1112,-12.86364],[45.12341,-12.8815],[45.1301,-12.88473],[45.13226,-12.88889],[45.13794,-12.89061],[45.14544,-12.90184],[45.14407,-12.90444],[45.14875,-12.90748],[45.14876,-12.91137],[45.15502,-12.92237],[45.15153,-12.93062],[45.14527,-12.93589],[45.1375,-12.93733],[45.13097,-12.936],[45.12522,-12.93342],[45.12368,-12.92909],[45.10568,-12.92321],[45.10247,-12.91813],[45.10282,-12.9043],[45.09921,-12.8987],[45.07137,-12.89922],[45.07131,-12.90173],[45.07788,-12.90667],[45.08344,-12.92208],[45.08666,-12.92204],[45.0891,-12.92563],[45.08713,-12.92989],[45.09861,-12.92517],[45.1043,-12.93282],[45.10024,-12.9471],[45.09505,-12.9532],[45.07895,-12.96201],[45.08357,-12.96139],[45.09239,-12.96652],[45.0997,-12.96448],[45.10506,-12.9576],[45.10845,-12.95772],[45.11079,-12.9604],[45.11073,-12.96775],[45.10653,-12.97465],[45.10827,-12.98195],[45.10565,-12.98674],[45.10932,-12.99277],[45.11362,-12.9824],[45.1196,-12.98026],[45.12505,-12.98249],[45.12612,-12.99535],[45.13144,-12.99344],[45.13431,-12.98896],[45.1394,-12.9922],[45.14202,-12.99953],[45.14814,-13.0001],[45.15296,-12.99682],[45.15785,-12.9887],[45.15599,-12.9803],[45.16087,-12.97437],[45.16651,-12.97495],[45.17216,-12.97891],[45.1754,-12.99459],[45.17942,-12.99432],[45.17753,-12.99068],[45.18019,-12.98523],[45.18608,-12.98403],[45.19368,-12.98715],[45.19783,-12.9815],[45.2009,-12.98063],[45.20381,-12.97423],[45.19541,-12.97573],[45.19049,-12.97123],[45.1781,-12.96591],[45.17513,-12.95631],[45.16882,-12.94955],[45.16958,-12.94324],[45.17486,-12.94153],[45.17937,-12.94334],[45.17968,-12.93921],[45.17591,-12.9328],[45.18047,-12.92517],[45.18471,-12.92451],[45.1839,-12.92136],[45.18645,-12.91703],[45.20357,-12.92052],[45.19246,-12.90576],[45.19842,-12.89607],[45.21083,-12.89138],[45.2167,-12.88618],[45.21731,-12.87769],[45.22196,-12.87234],[45.22027,-12.87098],[45.21391,-12.87349],[45.21002,-12.86888],[45.21242,-12.86298],[45.2015,-12.86248],[45.20205,-12.85679],[45.20066,-12.85412],[45.19717,-12.85477],[45.1952,-12.84558],[45.19019,-12.84214],[45.1873,-12.84371],[45.18549,-12.8383],[45.18931,-12.8386],[45.19639,-12.83316],[45.1976,-12.83056],[45.19311,-12.83022],[45.19457,-12.82436],[45.20403,-12.81914],[45.20309,-12.81015],[45.21518,-12.80179],[45.21679,-12.79466],[45.22748,-12.78594],[45.23401,-12.78333],[45.23542,-12.78596],[45.23788,-12.78483],[45.23828,-12.78205],[45.23251,-12.77886],[45.23373,-12.77616],[45.22642,-12.77493],[45.23107,-12.76682],[45.2301,-12.76234],[45.23369,-12.76713],[45.23055,-12.77365],[45.23427,-12.77286],[45.23621,-12.7644],[45.23993,-12.76252],[45.23516,-12.756],[45.23691,-12.75348],[45.23549,-12.75177],[45.23172,-12.7525],[45.22528,-12.74339],[45.22106,-12.74445],[45.21354,-12.74105],[45.21187,-12.73872],[45.21336,-12.73219],[45.21127,-12.73564],[45.20646,-12.73414],[45.20392,-12.73022],[45.18634,-12.72962],[45.18322,-12.72692],[45.17931,-12.73045],[45.17679,-12.73014],[45.16972,-12.72512],[45.16628,-12.71759],[45.16362,-12.71991],[45.16721,-12.72191],[45.16675,-12.72432],[45.16346,-12.72332],[45.16453,-12.72644],[45.1615,-12.72787],[45.16205,-12.73107],[45.15483,-12.73668],[45.15066,-12.73459],[45.15073,-12.72921],[45.148,-12.72815],[45.14092,-12.72791],[45.14438,-12.73106],[45.14201,-12.73362],[45.13769,-12.73087],[45.13098,-12.73095],[45.12958,-12.72747],[45.12544,-12.72734],[45.12605,-12.72439],[45.13051,-12.72156],[45.12936,-12.71516],[45.12426,-12.71154],[45.12326,-12.70581],[45.12594,-12.70217],[45.1307,-12.70409],[45.13053,-12.70045],[45.12641,-12.70115],[45.11456,-12.69577],[45.11123,-12.69123],[45.11146,-12.68874],[45.11369,-12.68849],[45.11196,-12.68616],[45.10896,-12.68572],[45.10806,-12.68299],[45.10153,-12.68205],[45.10098,-12.68006],[45.10459,-12.67642],[45.08878,-12.67128],[45.0901,-12.66744],[45.10542,-12.66229],[45.10215,-12.65871],[45.10356,-12.65464],[45.1071,-12.65275],[45.10509,-12.65109],[45.09837,-12.65798],[45.0926,-12.65863],[45.09231,-12.66421],[45.08601,-12.66638],[45.08557,-12.66997],[45.08228,-12.67183],[45.08209,-12.68059],[45.07771,-12.6835],[45.0667,-12.68228],[45.07067,-12.68352],[45.07352,-12.68756],[45.07058,-12.69479],[45.06797,-12.69392],[45.06924,-12.69665],[45.06601,-12.70014],[45.06228,-12.70184],[45.0516,-12.70009],[45.04944,-12.70406],[45.05151,-12.70742],[45.05,-12.71216],[45.04013,-12.72324],[45.05525,-12.72328],[45.05798,-12.72805],[45.05096,-12.73833],[45.04599,-12.73999],[45.04258,-12.74402],[45.0432,-12.74815]]],[[[45.11812,-12.67511],[45.11359,-12.67322],[45.11105,-12.67523],[45.11833,-12.67649],[45.11812,-12.67511]]],[[[45.23416,-12.89867],[45.23138,-12.89516],[45.22951,-12.89908],[45.23209,-12.90165],[45.23416,-12.89867]]],[[[45.14365,-12.91996],[45.14122,-12.9176],[45.13906,-12.9214],[45.14365,-12.91996]]],[[[45.27135,-12.79331],[45.27869,-12.80494],[45.28004,-12.81257],[45.28778,-12.817],[45.28429,-12.81067],[45.28465,-12.80376],[45.28797,-12.79917],[45.29233,-12.79954],[45.29589,-12.79667],[45.29706,-12.79388],[45.29509,-12.79331],[45.29418,-12.78765],[45.29645,-12.78407],[45.29999,-12.78423],[45.29917,-12.78194],[45.29577,-12.78233],[45.29795,-12.77922],[45.29385,-12.77537],[45.2934,-12.76908],[45.28462,-12.75883],[45.27536,-12.77135],[45.277,-12.77348],[45.26815,-12.78928],[45.25857,-12.78406],[45.25656,-12.78041],[45.25443,-12.7814],[45.26057,-12.78567],[45.26023,-12.78779],[45.26293,-12.78694],[45.27135,-12.79331]]],[[[45.26908,-12.78042],[45.26706,-12.77908],[45.26562,-12.78058],[45.26908,-12.78042]]],[[[45.23784,-12.81009],[45.23554,-12.80459],[45.23097,-12.80771],[45.23078,-12.81393],[45.23293,-12.81684],[45.23927,-12.8143],[45.23992,-12.81065],[45.23784,-12.81009]]],[[[45.20706,-12.80994],[45.20452,-12.81062],[45.20559,-12.81188],[45.20706,-12.80994]]],[[[45.02876,-12.65509],[45.03313,-12.65546],[45.03636,-12.65062],[45.042,-12.6481],[45.0266,-12.63659],[45.01834,-12.64435],[45.01928,-12.64737],[45.02354,-12.64635],[45.03023,-12.65097],[45.02876,-12.65509]]],[[[45.05926,-12.67708],[45.05966,-12.67561],[45.05625,-12.67669],[45.05926,-12.67708]]]]},"properties":{"code":"06","nom":"Mayotte"}},
{"type":"Feature","geometry":{"type":"Polygon","coordinates":[[[1.5014,48.94103],[1.51182,48.93499],[1.50734,48.92757],[1.51434,48.9219],[1.51851,48.9253],[1.53841,48.92255],[1.5452,48.91303],[1.54348,48.90945],[1.53815,48.90854],[1.53878,48.90471],[1.55015,48.8985],[1.55344,48.89347],[1.56343,48.89049],[1.55947,48.88184],[1.5566,48.88211],[1.55136,48.87505],[1.54872,48.87585],[1.54561,48.87022],[1.55897,48.86381],[1.56126,48.86743],[1.58422,48.86036],[1.57735,48.84462],[1.59809,48.83889],[1.59348,48.83405],[1.57896,48.8297],[1.59156,48.815],[1.5808,48.81057],[1.57894,48.80905],[1.58312,48.80737],[1.58182,48.80524],[1.5773,48.80494],[1.58003,48.80008],[1.57765,48.79506],[1.58093,48.79351],[1.5754,48.79088],[1.57674,48.78297],[1.58789,48.77375],[1.58149,48.76553],[1.58478,48.76341],[1.582,48.7619],[1.60842,48.76073],[1.62675,48.7481],[1.62057,48.73609],[1.61612,48.73636],[1.58706,48.71028],[1.59471,48.70914],[1.57636,48.7026],[1.58516,48.69938],[1.58231,48.69635],[1.59111,48.69275],[1.59428,48.69514],[1.60553,48.68929],[1.61185,48.68929],[1.60429,48.6754],[1.608,48.67251],[1.60112,48.66837],[1.60265,48.66331],[1.62131,48.64966],[1.62285,48.65106],[1.63197,48.64884],[1.64314,48.65128],[1.64376,48.64812],[1.63845,48.64519],[1.65123,48.63821],[1.64932,48.63229],[1.65834,48.62789],[1.655,48.62258],[1.66653,48.61347],[1.6674,48.61698],[1.67445,48.61466],[1.67888,48.61878],[1.68581,48.62032],[1.69092,48.61714],[1.68234,48.61563],[1.68681,48.61124],[1.69256,48.61465],[1.70362,48.61183],[1.71497,48.61467],[1.71883,48.60575],[1.70185,48.58505],[1.71001,48.58151],[1.70924,48.57802],[1.727,48.5726],[1.73207,48.57548],[1.73669,48.57237],[1.74349,48.57244],[1.74599,48.57606],[1.75745,48.57509],[1.76532,48.56935],[1.76211,48.56759],[1.76281,48.56469],[1.76883,48.55845],[1.7772,48.55513],[1.77797,48.55264],[1.78754,48.55382],[1.77555,48.52768],[1.77834,48.51772],[1.77559,48.5139],[1.78289,48.50026],[1.78902,48.50015],[1.79048,48.49709],[1.7854,48.49013],[1.79655,48.48461],[1.79129,48.48113],[1.80334,48.47252],[1.80129,48.46602],[1.83673,48.46708],[1.83974,48.45233],[1.84437,48.45201],[1.84488,48.44625],[1.85748,48.44684],[1.87078,48.43983],[1.87881,48.44095],[1.90433,48.43856],[1.90699,48.44529],[1.9116,48.4454],[1.91186,48.44785],[1.92095,48.44795],[1.92202,48.45771],[1.9295,48.45713],[1.92767,48.45448],[1.93043,48.45357],[1.92848,48.45108],[1.93259,48.44936],[1.93299,48.44216],[1.94287,48.44114],[1.93631,48.43455],[1.93946,48.43422],[1.93684,48.42789],[1.94072,48.42578],[1.93974,48.41982],[1.93218,48.42049],[1.93211,48.41646],[1.92747,48.41658],[1.92582,48.41279],[1.93274,48.41089],[1.92833,48.40614],[1.93209,48.4034],[1.95219,48.4063],[1.97819,48.40183],[1.97333,48.39569],[1.97401,48.39005],[1.96665,48.38064],[1.98001,48.37844],[1.98181,48.37473],[1.97755,48.36882],[1.98403,48.36849],[1.98545,48.3643],[1.98917,48.3636],[1.97283,48.35592],[1.97493,48.34474],[1.96848,48.34142],[1.98237,48.32847],[1.97426,48.32332],[1.98077,48.31873],[1.97898,48.31287],[1.97424,48.31282],[1.97349,48.31595],[1.9592,48.30869],[1.96524,48.2955],[1.97264,48.2967],[1.97124,48.29324],[1.97565,48.29599],[1.98219,48.29517],[1.98037,48.29245],[1.97418,48.29286],[1.97225,48.28822],[2.00464,48.28697],[2.00469,48.28495],[2.01142,48.28492],[2.02486,48.2892],[2.03765,48.2883],[2.04079,48.28456],[2.05181,48.29035],[2.05266,48.29543],[2.08943,48.29478],[2.09207,48.29985],[2.1054,48.3077],[2.11345,48.3073],[2.11039,48.29701],[2.13517,48.29918],[2.16389,48.29838],[2.16087,48.3047],[2.15561,48.30406],[2.15206,48.3161],[2.16918,48.31275],[2.17162,48.31605],[2.1807,48.31164],[2.18505,48.32111],[2.18181,48.32172],[2.18202,48.32408],[2.18806,48.32797],[2.18799,48.33241],[2.20287,48.33876],[2.20411,48.34491],[2.2126,48.34049],[2.2152,48.33428],[2.22393,48.33644],[2.22917,48.33139],[2.22778,48.32954],[2.23441,48.32773],[2.23785,48.33222],[2.24311,48.32981],[2.24334,48.33258],[2.24624,48.33118],[2.238,48.31626],[2.25236,48.31663],[2.24617,48.30836],[2.24522,48.29822],[2.25341,48.3],[2.25899,48.30746],[2.26484,48.30935],[2.26244,48.31031],[2.26681,48.31471],[2.27236,48.31188],[2.28329,48.3128],[2.2956,48.30791],[2.31266,48.3306],[2.31715,48.33166],[2.31805,48.33023],[2.32369,48.33234],[2.32644,48.32971],[2.32927,48.33281],[2.32887,48.32652],[2.33622,48.32634],[2.34206,48.31668],[2.34604,48.31731],[2.3551,48.31355],[2.35815,48.30887],[2.36668,48.312],[2.36961,48.30879],[2.3892,48.31175],[2.3944,48.31476],[2.39727,48.31321],[2.39849,48.31884],[2.40297,48.32064],[2.40434,48.31488],[2.42344,48.29442],[2.41759,48.2783],[2.42351,48.26022],[2.43239,48.25484],[2.44021,48.25328],[2.44619,48.25527],[2.45011,48.24992],[2.4687,48.25533],[2.47879,48.24983],[2.47609,48.24464],[2.48417,48.23891],[2.50627,48.23863],[2.50663,48.22581],[2.51852,48.22831],[2.51332,48.22451],[2.51405,48.21448],[2.51753,48.21443],[2.5169,48.21001],[2.52103,48.20659],[2.51863,48.20123],[2.52278,48.20038],[2.52298,48.19486],[2.51275,48.19309],[2.51369,48.19036],[2.5179,48.19029],[2.50715,48.17976],[2.51557,48.17458],[2.51211,48.17075],[2.51677,48.16676],[2.50595,48.15651],[2.48316,48.1646],[2.4784,48.15501],[2.47532,48.15617],[2.47189,48.15452],[2.47462,48.149],[2.46746,48.14827],[2.45991,48.13687],[2.45181,48.13437],[2.4514,48.13223],[2.44396,48.13158],[2.44178,48.12477],[2.44896,48.12572],[2.45435,48.12243],[2.46492,48.12935],[2.46813,48.12733],[2.46912,48.1294],[2.47214,48.12808],[2.47626,48.12983],[2.49023,48.12666],[2.52072,48.12505],[2.5196,48.12696],[2.53791,48.14066],[2.55927,48.14175],[2.57062,48.14092],[2.57472,48.1313],[2.60304,48.13161],[2.6392,48.1389],[2.66444,48.12008],[2.67704,48.12582],[2.70551,48.12312],[2.72057,48.13696],[2.75562,48.14589],[2.75357,48.1532],[2.74059,48.15995],[2.73669,48.16615],[2.75521,48.1602],[2.75981,48.16203],[2.75837,48.16347],[2.76673,48.16477],[2.77153,48.16162],[2.77886,48.1674],[2.79205,48.16455],[2.79526,48.16913],[2.79995,48.16819],[2.80067,48.16477],[2.81026,48.1661],[2.81142,48.16374],[2.80794,48.158],[2.79798,48.1509],[2.8012,48.14965],[2.79685,48.1418],[2.80078,48.13163],[2.82093,48.12972],[2.8242,48.13393],[2.83632,48.13406],[2.85468,48.14453],[2.86778,48.15666],[2.93662,48.16346],[2.93439,48.17367],[2.93696,48.18315],[2.94025,48.18297],[2.95535,48.19251],[2.97096,48.19421],[2.97364,48.19695],[2.97324,48.20562],[2.98001,48.20567],[2.98907,48.20923],[2.99281,48.20465],[2.99679,48.20732],[3.00446,48.20703],[3.01149,48.22059],[3.02309,48.23045],[3.01909,48.23183],[3.01883,48.23512],[3.02751,48.24161],[3.03142,48.24885],[3.0365,48.25085],[3.04735,48.2497],[3.04268,48.2624],[3.04547,48.27074],[3.02473,48.27603],[3.02961,48.28578],[3.0186,48.29496],[3.02752,48.30284],[3.0196,48.30309],[3.01465,48.30629],[3.02687,48.31688],[3.02806,48.3216],[3.04337,48.33065],[3.03667,48.33495],[3.03957,48.34185],[3.03706,48.34266],[3.04613,48.35797],[3.05028,48.36],[3.06461,48.35744],[3.07865,48.36126],[3.08571,48.35767],[3.09748,48.35779],[3.10081,48.35654],[3.09953,48.35178],[3.10336,48.34936],[3.11391,48.36401],[3.12212,48.36864],[3.12832,48.36726],[3.12789,48.36957],[3.13982,48.37257],[3.14659,48.36557],[3.14806,48.37005],[3.15243,48.37144],[3.16705,48.37107],[3.17157,48.37742],[3.18117,48.37445],[3.18463,48.36809],[3.19051,48.37096],[3.20023,48.36364],[3.22296,48.37037],[3.23303,48.3702],[3.25447,48.3651],[3.2567,48.36786],[3.2618,48.36836],[3.26107,48.37304],[3.26719,48.37359],[3.26804,48.37784],[3.28248,48.37744],[3.28291,48.38162],[3.29127,48.38004],[3.29116,48.37627],[3.29886,48.37893],[3.29953,48.37562],[3.3052,48.37295],[3.31104,48.37298],[3.30932,48.37698],[3.31263,48.37709],[3.33081,48.37326],[3.33546,48.37019],[3.33645,48.37313],[3.34834,48.37333],[3.35115,48.37874],[3.35669,48.3785],[3.35647,48.37156],[3.36518,48.37227],[3.36286,48.38245],[3.36723,48.39425],[3.3736,48.39344],[3.37804,48.39912],[3.38484,48.40005],[3.40201,48.38964],[3.41474,48.39019],[3.42232,48.41614],[3.40337,48.41473],[3.40242,48.41764],[3.40766,48.41557],[3.4115,48.41747],[3.41186,48.42142],[3.39737,48.42455],[3.39167,48.42327],[3.39709,48.43334],[3.39528,48.43676],[3.40063,48.43509],[3.40494,48.43941],[3.40646,48.45263],[3.4005,48.46007],[3.39443,48.46272],[3.39965,48.46807],[3.39115,48.47044],[3.38853,48.47717],[3.38395,48.47979],[3.39314,48.48116],[3.39338,48.48421],[3.39941,48.48345],[3.3994,48.48717],[3.40374,48.48581],[3.4042,48.48798],[3.40782,48.48835],[3.40862,48.4856],[3.41317,48.48669],[3.42084,48.49183],[3.43464,48.49025],[3.43523,48.49687],[3.42393,48.51425],[3.40537,48.52785],[3.41423,48.53348],[3.42352,48.53362],[3.42623,48.5309],[3.43897,48.52809],[3.44959,48.53042],[3.45086,48.5286],[3.45584,48.52944],[3.47353,48.5405],[3.48175,48.54145],[3.47954,48.54534],[3.48615,48.5451],[3.48618,48.54699],[3.48399,48.54998],[3.47652,48.55181],[3.47399,48.56466],[3.47178,48.56397],[3.46535,48.57047],[3.4731,48.5766],[3.48531,48.58034],[3.49348,48.59007],[3.5163,48.58984],[3.50299,48.60464],[3.53518,48.6103],[3.54057,48.61627],[3.55673,48.6161],[3.55903,48.61772],[3.53822,48.63156],[3.51929,48.63308],[3.51829,48.6374],[3.5336,48.64652],[3.51317,48.6435],[3.49226,48.64745],[3.47612,48.6371],[3.45838,48.63372],[3.45154,48.63446],[3.46057,48.65304],[3.44056,48.66365],[3.44636,48.6669],[3.4427,48.67233],[3.44944,48.67577],[3.44765,48.67721],[3.46234,48.68539],[3.47142,48.68571],[3.47242,48.69781],[3.47779,48.69788],[3.46388,48.70724],[3.46675,48.70884],[3.46664,48.72886],[3.46972,48.73788],[3.45521,48.73812],[3.45191,48.73611],[3.4385,48.7391],[3.43651,48.75324],[3.42853,48.75843],[3.42589,48.75455],[3.41422,48.75469],[3.40825,48.75238],[3.39905,48.75493],[3.39606,48.75841],[3.40937,48.78373],[3.42444,48.78488],[3.4299,48.7795],[3.43784,48.78511],[3.44165,48.78253],[3.44281,48.78586],[3.43995,48.79898],[3.44209,48.80373],[3.43828,48.8046],[3.4231,48.80069],[3.41986,48.80336],[3.41131,48.80371],[3.40526,48.81025],[3.41634,48.81797],[3.43166,48.81234],[3.44115,48.81308],[3.44125,48.81148],[3.44805,48.81102],[3.46053,48.81536],[3.4594,48.81801],[3.46989,48.8211],[3.48084,48.81218],[3.48703,48.81512],[3.48518,48.82524],[3.4913,48.83462],[3.48502,48.85185],[3.47022,48.85118],[3.46216,48.83753],[3.45892,48.84147],[3.44582,48.84327],[3.45213,48.85614],[3.44576,48.86053],[3.4329,48.85961],[3.42327,48.86753],[3.41339,48.86398],[3.40439,48.864],[3.39974,48.86632],[3.40158,48.87056],[3.40597,48.87104],[3.40594,48.87608],[3.39345,48.87561],[3.3906,48.87099],[3.38137,48.87155],[3.3803,48.87972],[3.38359,48.8845],[3.38074,48.88716],[3.38422,48.88803],[3.36954,48.89313],[3.37066,48.90516],[3.37636,48.90929],[3.3714,48.91861],[3.37209,48.92404],[3.36748,48.92832],[3.36711,48.92231],[3.35974,48.91802],[3.35357,48.91524],[3.3503,48.91804],[3.34916,48.91564],[3.34684,48.91709],[3.33665,48.90939],[3.33433,48.91065],[3.33029,48.90871],[3.31326,48.92125],[3.31272,48.93351],[3.30441,48.94878],[3.28453,48.94053],[3.27187,48.93755],[3.26493,48.93879],[3.26017,48.94479],[3.26297,48.94903],[3.25706,48.95272],[3.25931,48.95358],[3.25017,48.97392],[3.24344,48.97695],[3.23116,48.97695],[3.231,48.98138],[3.22716,48.98193],[3.22941,48.98858],[3.22471,48.98752],[3.22515,48.99132],[3.20944,48.99397],[3.20727,49.0007],[3.20297,49.00077],[3.19946,49.0062],[3.19609,49.00481],[3.19822,49.00884],[3.19138,49.00855],[3.18103,49.01298],[3.16745,49.01246],[3.16858,49.01699],[3.16115,49.0243],[3.17125,49.02981],[3.17407,49.02854],[3.17715,49.03014],[3.1789,49.03808],[3.18301,49.04169],[3.18069,49.04464],[3.18991,49.04603],[3.19073,49.05128],[3.18215,49.05194],[3.18198,49.06206],[3.17642,49.07007],[3.16622,49.07799],[3.15342,49.08335],[3.16523,49.09986],[3.14763,49.101],[3.13692,49.10768],[3.12597,49.10599],[3.12023,49.10926],[3.11436,49.10717],[3.10256,49.10803],[3.09508,49.11185],[3.08019,49.11204],[3.06948,49.11756],[3.06757,49.11208],[3.05588,49.10084],[3.05554,49.09655],[3.06614,49.08519],[3.05847,49.08853],[3.05083,49.08499],[3.03289,49.08894],[3.0317,49.08566],[3.0155,49.09132],[3.00854,49.09161],[3.00604,49.0864],[3.00085,49.08946],[2.99118,49.084],[2.98683,49.07088],[2.97531,49.07394],[2.96862,49.0915],[2.95649,49.08529],[2.94582,49.08832],[2.94149,49.07726],[2.93299,49.08101],[2.92329,49.07759],[2.90144,49.08534],[2.89571,49.07725],[2.88755,49.0795],[2.87016,49.0701],[2.85612,49.07009],[2.84508,49.08483],[2.833,49.08305],[2.82239,49.08623],[2.80921,49.09753],[2.78387,49.0889],[2.78913,49.083],[2.76872,49.08313],[2.78728,49.07553],[2.77787,49.07026],[2.7744,49.07051],[2.76627,49.06478],[2.75379,49.06078],[2.73482,49.06053],[2.73231,49.07046],[2.72983,49.075],[2.72493,49.07564],[2.72418,49.08067],[2.71986,49.07899],[2.72097,49.07515],[2.70618,49.06531],[2.69611,49.06469],[2.68972,49.06757],[2.69504,49.075],[2.67753,49.08819],[2.65048,49.10087],[2.64112,49.09911],[2.64081,49.10109],[2.63543,49.10199],[2.63391,49.1086],[2.63022,49.1025],[2.62421,49.10059],[2.62209,49.0948],[2.61005,49.09497],[2.60722,49.08928],[2.5974,49.08155],[2.58298,49.08066],[2.5789,49.08425],[2.57858,49.09198],[2.57102,49.09513],[2.56702,49.09409],[2.55793,49.09872],[2.55595,49.10938],[2.55175,49.11243],[2.557,49.12185],[2.55332,49.12456],[2.54768,49.12035],[2.54713,49.11638],[2.53773,49.1178],[2.54398,49.1201],[2.54207,49.12225],[2.53296,49.11951],[2.53126,49.09946],[2.49007,49.10625],[2.49122,49.11142],[2.50301,49.11767],[2.49908,49.12224],[2.47531,49.12846],[2.47751,49.13098],[2.47174,49.13508],[2.46129,49.13614],[2.46246,49.13926],[2.45893,49.14085],[2.4477,49.13601],[2.43548,49.13405],[2.44078,49.14591],[2.41554,49.14989],[2.41312,49.15242],[2.3913,49.14931],[2.38102,49.15772],[2.37331,49.15937],[2.36487,49.15229],[2.36221,49.15254],[2.35934,49.14733],[2.35509,49.14926],[2.35535,49.15328],[2.34595,49.16235],[2.32063,49.18129],[2.3216,49.18437],[2.3108,49.18675],[2.30575,49.18343],[2.30127,49.18404],[2.29952,49.17596],[2.28881,49.17071],[2.28949,49.16804],[2.28509,49.16571],[2.28648,49.15987],[2.26817,49.15575],[2.26215,49.15838],[2.25378,49.15263],[2.2223,49.15226],[2.21685,49.15413],[2.22425,49.16238],[2.23475,49.16726],[2.22377,49.17399],[2.21865,49.18069],[2.21317,49.17588],[2.20295,49.17406],[2.19905,49.1753],[2.18906,49.17313],[2.17609,49.17603],[2.18225,49.17038],[2.17146,49.16786],[2.16879,49.16395],[2.15803,49.17263],[2.16405,49.17977],[2.14805,49.18503],[2.14728,49.18805],[2.14124,49.18589],[2.14076,49.17892],[2.13648,49.179],[2.13522,49.19118],[2.13184,49.19066],[2.12798,49.19359],[2.12232,49.18896],[2.11334,49.18654],[2.10951,49.19076],[2.09772,49.18917],[2.09228,49.19418],[2.08905,49.19378],[2.0889,49.19615],[2.09265,49.19532],[2.09093,49.20864],[2.07897,49.20592],[2.08074,49.21072],[2.07481,49.20884],[2.07214,49.20434],[2.05579,49.19894],[2.04732,49.19869],[2.03357,49.1881],[2.02178,49.18881],[2.00268,49.17602],[1.99086,49.17661],[1.97358,49.18386],[1.96236,49.1746],[1.94974,49.17048],[1.93485,49.16996],[1.93251,49.17501],[1.88295,49.16258],[1.88366,49.16609],[1.8767,49.17142],[1.87614,49.17505],[1.85822,49.16996],[1.85654,49.172],[1.84468,49.17066],[1.83642,49.1645],[1.83431,49.16517],[1.83745,49.1728],[1.83192,49.17735],[1.82682,49.17965],[1.81596,49.17387],[1.81178,49.17397],[1.81308,49.17834],[1.80026,49.18041],[1.80308,49.18511],[1.79547,49.18526],[1.79363,49.18027],[1.79094,49.17997],[1.7848,49.18582],[1.77639,49.18488],[1.75486,49.17459],[1.7401,49.18081],[1.74429,49.18331],[1.73989,49.19208],[1.73644,49.19283],[1.73727,49.19479],[1.72587,49.19433],[1.72433,49.2007],[1.71553,49.20266],[1.71487,49.20744],[1.72022,49.20681],[1.72198,49.21001],[1.73368,49.21096],[1.73411,49.22128],[1.74046,49.22367],[1.72966,49.2292],[1.71211,49.23302],[1.71259,49.24125],[1.70939,49.24149],[1.70435,49.23243],[1.69767,49.22404],[1.69254,49.22389],[1.68858,49.21855],[1.67485,49.21167],[1.67221,49.20634],[1.6769,49.20266],[1.66918,49.18746],[1.67162,49.18075],[1.66609,49.17675],[1.67017,49.17014],[1.6607,49.15759],[1.66446,49.15343],[1.65313,49.14493],[1.65265,49.135],[1.65667,49.13757],[1.65785,49.13194],[1.64642,49.12374],[1.64241,49.1166],[1.6297,49.11016],[1.62668,49.10223],[1.62138,49.10072],[1.61758,49.09402],[1.62263,49.0934],[1.61922,49.08771],[1.62341,49.086],[1.60875,49.07771],[1.60351,49.08332],[1.60704,49.08411],[1.60503,49.08517],[1.57287,49.07806],[1.56884,49.07298],[1.5579,49.06911],[1.54166,49.07374],[1.52302,49.0682],[1.51668,49.07614],[1.51785,49.07917],[1.50793,49.08541],[1.50666,49.08413],[1.51427,49.07938],[1.50965,49.06628],[1.50293,49.0593],[1.49341,49.05686],[1.48709,49.05158],[1.48032,49.05192],[1.46179,49.06397],[1.45729,49.05769],[1.44729,49.0535],[1.45277,49.05037],[1.4463,49.04633],[1.45824,49.03454],[1.45799,49.02597],[1.47701,49.01682],[1.47388,49.00966],[1.48001,49.00725],[1.48067,49.00104],[1.46907,48.99322],[1.47174,48.98972],[1.46149,48.98895],[1.47098,48.97495],[1.4776,48.97699],[1.47526,48.97948],[1.4787,48.98068],[1.48133,48.97847],[1.49843,48.97908],[1.5079,48.98386],[1.51242,48.97866],[1.51827,48.9784],[1.49664,48.96947],[1.49183,48.96463],[1.4988,48.96028],[1.49901,48.95684],[1.49519,48.95681],[1.5005,48.95191],[1.51088,48.95359],[1.5014,48.94103]]]},"properties":{"code":"11","nom":"Île-de-France"}},
{"type":"Feature","geometry":{"type":"Polygon","coordinates":[[[2.28109,46.42047],[2.27679,46.42493],[2.28479,46.44037],[2.28333,46.44936],[2.29678,46.46345],[2.30076,46.47241],[2.30537,46.47546],[2.31675,46.46868],[2.32107,46.46877],[2.32798,46.47379],[2.32958,46.48312],[2.32473,46.48664],[2.32442,46.49053],[2.32864,46.49207],[2.32889,46.49549],[2.33859,46.50386],[2.35986,46.51587],[2.3683,46.51843],[2.41706,46.52067],[2.42073,46.52532],[2.42945,46.52643],[2.44172,46.52496],[2.4428,46.52087],[2.44606,46.52011],[2.45754,46.52516],[2.47014,46.52604],[2.48285,46.53267],[2.49693,46.53363],[2.49701,46.52139],[2.50467,46.52308],[2.50629,46.52141],[2.51244,46.52395],[2.51228,46.52802],[2.52024,46.53123],[2.52732,46.52805],[2.53076,46.52943],[2.52937,46.52327],[2.53665,46.5197],[2.55309,46.52944],[2.5725,46.53391],[2.58353,46.54276],[2.61489,46.55329],[2.61356,46.55648],[2.60918,46.55705],[2.6105,46.56217],[2.60561,46.56201],[2.60301,46.56451],[2.60805,46.56664],[2.60946,46.57014],[2.60505,46.57606],[2.60663,46.57828],[2.60174,46.58134],[2.60286,46.58814],[2.59642,46.5943],[2.60414,46.59404],[2.60404,46.59578],[2.59417,46.59719],[2.59213,46.59366],[2.58152,46.59322],[2.57776,46.60781],[2.56851,46.60914],[2.58832,46.61596],[2.58429,46.62577],[2.59172,46.62981],[2.59667,46.63794],[2.593,46.64656],[2.57004,46.65083],[2.56678,46.65356],[2.5742,46.66085],[2.593,46.66646],[2.59734,46.66474],[2.60632,46.6713],[2.60714,46.66061],[2.61717,46.66109],[2.62381,46.6567],[2.62826,46.65914],[2.63346,46.67558],[2.62512,46.67328],[2.62006,46.67971],[2.62325,46.68964],[2.6396,46.69154],[2.6445,46.69051],[2.6454,46.68735],[2.65795,46.69825],[2.67325,46.70179],[2.67782,46.70454],[2.67145,46.70884],[2.68621,46.71449],[2.68556,46.72263],[2.69155,46.71967],[2.69208,46.72254],[2.69611,46.72348],[2.70213,46.7182],[2.7069,46.72539],[2.7008,46.72818],[2.70539,46.73302],[2.70487,46.73943],[2.71513,46.74518],[2.71849,46.74175],[2.72885,46.74849],[2.73453,46.74622],[2.73973,46.74134],[2.7365,46.73807],[2.74182,46.73476],[2.74404,46.72895],[2.75663,46.72481],[2.75491,46.71925],[2.75852,46.71766],[2.77023,46.72345],[2.7737,46.71823],[2.77975,46.72203],[2.78564,46.72254],[2.78521,46.72718],[2.7922,46.73409],[2.80575,46.73304],[2.82752,46.73534],[2.83497,46.72792],[2.8454,46.72667],[2.84459,46.74227],[2.8612,46.75449],[2.87702,46.76147],[2.87617,46.76845],[2.91105,46.77953],[2.90828,46.78779],[2.91335,46.79103],[2.93153,46.79575],[2.93782,46.79571],[2.93996,46.79316],[2.94144,46.79512],[2.94709,46.79065],[2.95303,46.79103],[2.95355,46.79716],[2.95912,46.79919],[2.95961,46.80429],[2.98369,46.80266],[2.9922,46.79697],[3.0178,46.79985],[3.02504,46.79405],[3.03206,46.79491],[3.03259,46.80021],[3.04134,46.81303],[3.0592,46.82664],[3.05459,46.83877],[3.05793,46.84315],[3.06602,46.84658],[3.06941,46.85343],[3.06535,46.86357],[3.0665,46.88318],[3.0606,46.89853],[3.04999,46.90771],[3.06603,46.93842],[3.07974,46.95663],[3.07934,46.96024],[3.06964,46.96678],[3.06258,46.9792],[3.06631,47.00225],[3.07574,47.01915],[3.07515,47.02896],[3.06361,47.04617],[3.05625,47.04703],[3.02955,47.05839],[3.01934,47.06817],[3.02118,47.07823],[3.03137,47.09248],[3.02828,47.12843],[3.01652,47.14159],[3.02062,47.15322],[3.01595,47.15909],[3.00967,47.17906],[2.97887,47.22957],[2.98308,47.2608],[2.97354,47.26994],[2.93917,47.28659],[2.9108,47.30981],[2.88619,47.31582],[2.87657,47.32187],[2.87039,47.34315],[2.88026,47.35642],[2.88753,47.36169],[2.90633,47.39322],[2.91845,47.40552],[2.91989,47.42135],[2.93073,47.43132],[2.93151,47.4399],[2.91406,47.4709],[2.89841,47.48178],[2.88846,47.50943],[2.85181,47.53511],[2.84489,47.54489],[2.86004,47.55423],[2.86245,47.54643],[2.8731,47.54516],[2.8739,47.55281],[2.88982,47.55269],[2.90479,47.55629],[2.91433,47.56603],[2.95879,47.55751],[2.96367,47.56418],[2.97654,47.56948],[2.97466,47.57357],[2.96558,47.57358],[2.96225,47.57689],[2.96438,47.58177],[2.96213,47.58596],[2.95498,47.59041],[2.95005,47.5894],[2.94345,47.59317],[2.9421,47.59885],[2.93613,47.59941],[2.94518,47.60842],[2.93418,47.62074],[2.93565,47.6264],[2.93232,47.62705],[2.93629,47.63665],[2.95394,47.64594],[2.94234,47.6534],[2.94103,47.65758],[2.92661,47.65899],[2.91817,47.66977],[2.92617,47.68202],[2.91462,47.68767],[2.91405,47.69091],[2.90753,47.69094],[2.90367,47.69689],[2.89855,47.69631],[2.87916,47.7038],[2.88406,47.70765],[2.88466,47.71389],[2.87859,47.72035],[2.86082,47.71018],[2.85509,47.7153],[2.84865,47.71698],[2.85236,47.72176],[2.84852,47.72602],[2.8535,47.72928],[2.8504,47.73407],[2.85387,47.73548],[2.85817,47.74689],[2.8584,47.75088],[2.85185,47.75779],[2.85636,47.7618],[2.86268,47.76089],[2.8698,47.76493],[2.89888,47.76387],[2.89981,47.7663],[2.90837,47.76668],[2.90949,47.7695],[2.91419,47.76947],[2.93038,47.7622],[2.93559,47.76325],[2.93722,47.7665],[2.94967,47.76575],[2.95474,47.77556],[2.96163,47.77525],[2.97882,47.78029],[2.98823,47.78603],[3.02496,47.78728],[3.02807,47.80122],[3.02434,47.81308],[3.01502,47.81343],[3.02223,47.81786],[3.01392,47.82245],[3.01468,47.83234],[3.01222,47.83424],[3.02906,47.83503],[3.03365,47.84367],[3.03102,47.84426],[3.03178,47.85036],[3.02536,47.85657],[3.02924,47.85708],[3.02316,47.86101],[3.0106,47.86231],[2.99462,47.86736],[3.01238,47.87404],[3.01176,47.88054],[3.00701,47.8839],[3.00989,47.88921],[3.00708,47.89544],[3.01319,47.89588],[3.01705,47.89902],[3.01171,47.90095],[3.0093,47.90554],[3.0181,47.90645],[3.01791,47.9081],[3.02464,47.90548],[3.03609,47.91179],[3.03837,47.907],[3.05049,47.91064],[3.05087,47.92424],[3.06174,47.92613],[3.06461,47.93052],[3.07851,47.93143],[3.08412,47.94256],[3.09809,47.94659],[3.0984,47.94878],[3.10527,47.94694],[3.11166,47.95789],[3.1092,47.96198],[3.12671,47.96811],[3.1286,47.9834],[3.12004,47.98659],[3.12668,47.99127],[3.12311,47.99102],[3.12112,47.99594],[3.12326,48.00116],[3.12069,48.00277],[3.12402,48.00711],[3.11547,48.01296],[3.11069,48.01102],[3.1055,48.01265],[3.09966,48.01921],[3.10296,48.02403],[3.11663,48.0281],[3.12029,48.02564],[3.11999,48.02908],[3.12423,48.03111],[3.09449,48.04029],[3.09497,48.04432],[3.08978,48.04936],[3.09542,48.05398],[3.08832,48.05393],[3.08026,48.06049],[3.06078,48.06421],[3.05022,48.07216],[3.05027,48.09154],[3.04903,48.09383],[3.04291,48.09338],[3.03835,48.09885],[3.03501,48.11614],[3.03233,48.11423],[3.0159,48.1158],[3.02931,48.13332],[3.0219,48.135],[3.01,48.14572],[3.0039,48.14486],[2.99814,48.13994],[2.99472,48.14165],[2.99068,48.1527],[2.97999,48.15404],[2.98026,48.14986],[2.9637,48.15308],[2.95461,48.15967],[2.95322,48.16517],[2.93662,48.16346],[2.86778,48.15666],[2.85468,48.14453],[2.83632,48.13406],[2.8242,48.13393],[2.82093,48.12972],[2.80078,48.13163],[2.79685,48.1418],[2.8012,48.14965],[2.79798,48.1509],[2.80794,48.158],[2.81142,48.16374],[2.81026,48.1661],[2.80067,48.16477],[2.79995,48.16819],[2.79526,48.16913],[2.79205,48.16455],[2.77886,48.1674],[2.77153,48.16162],[2.76673,48.16477],[2.75837,48.16347],[2.75981,48.16203],[2.75521,48.1602],[2.73669,48.16615],[2.74059,48.15995],[2.75357,48.1532],[2.75562,48.14589],[2.72057,48.13696],[2.70551,48.12312],[2.67704,48.12582],[2.66444,48.12008],[2.6392,48.1389],[2.60304,48.13161],[2.57472,48.1313],[2.57062,48.14092],[2.55927,48.14175],[2.53791,48.14066],[2.5196,48.12696],[2.52072,48.12505],[2.49023,48.12666],[2.47626,48.12983],[2.47214,48.12808],[2.46912,48.1294],[2.46813,48.12733],[2.46492,48.12935],[2.45435,48.12243],[2.44896,48.12572],[2.44178,48.12477],[2.44396,48.13158],[2.4514,48.13223],[2.45181,48.13437],[2.45991,48.13687],[2.46746,48.14827],[2.47462,48.149],[2.47189,48.15452],[2.47532,48.15617],[2.4784,48.15501],[2.48316,48.1646],[2.50595,48.15651],[2.51677,48.16676],[2.51211,48.17075],[2.51557,48.17458],[2.50715,48.17976],[2.5179,48.19029],[2.51369,48.19036],[2.51275,48.19309],[2.52298,48.19486],[2.52278,48.20038],[2.51863,48.20123],[2.52103,48.20659],[2.5169,48.21001],[2.51753,48.21443],[2.51405,48.21448],[2.51332,48.22451],[2.51852,48.22831],[2.50663,48.22581],[2.50627,48.23863],[2.48417,48.23891],[2.47609,48.24464],[2.47879,48.24983],[2.4687,48.25533],[2.45011,48.24992],[2.44619,48.25527],[2.44021,48.25328],[2.43239,48.25484],[2.42351,48.26022],[2.41759,48.2783],[2.42344,48.29442],[2.40434,48.31488],[2.40297,48.32064],[2.39849,48.31884],[2.39727,48.31321],[2.3944,48.31476],[2.3892,48.31175],[2.36961,48.30879],[2.36668,48.312],[2.35815,48.30887],[2.3551,48.31355],[2.34604,48.31731],[2.34206,48.31668],[2.33622,48.32634],[2.32887,48.32652],[2.32927,48.33281],[2.32644,48.32971],[2.32369,48.33234],[2.31805,48.33023],[2.31715,48.33166],[2.31266,48.3306],[2.2956,48.30791],[2.28329,48.3128],[2.27236,48.31188],[2.26681,48.31471],[2.26244,48.31031],[2.26484,48.30935],[2.25899,48.30746],[2.25341,48.3],[2.24522,48.29822],[2.24617,48.30836],[2.25236,48.31663],[2.238,48.31626],[2.24624,48.33118],[2.24334,48.33258],[2.24311,48.32981],[2.23785,48.33222],[2.23441,48.32773],[2.22778,48.32954],[2.22917,48.33139],[2.22393,48.33644],[2.2152,48.33428],[2.2126,48.34049],[2.20411,48.34491],[2.20287,48.33876],[2.18799,48.33241],[2.18806,48.32797],[2.18202,48.32408],[2.18181,48.32172],[2.18505,48.32111],[2.1807,48.31164],[2.17162,48.31605],[2.16918,48.31275],[2.15206,48.3161],[2.15561,48.30406],[2.16087,48.3047],[2.16389,48.29838],[2.13517,48.29918],[2.11039,48.29701],[2.11345,48.3073],[2.1054,48.3077],[2.09207,48.29985],[2.08943,48.29478],[2.05266,48.29543],[2.05181,48.29035],[2.04079,48.28456],[2.03765,48.2883],[2.02486,48.2892],[2.01142,48.28492],[2.00469,48.28495],[2.00464,48.28697],[1.97225,48.28822],[1.97418,48.29286],[1.98037,48.29245],[1.98219,48.29517],[1.97565,48.29599],[1.97124,48.29324],[1.97264,48.2967],[1.96524,48.2955],[1.9592,48.30869],[1.97349,48.31595],[1.97424,48.31282],[1.97898,48.31287],[1.98077,48.31873],[1.97426,48.32332],[1.98237,48.32847],[1.96848,48.34142],[1.97493,48.34474],[1.97283,48.35592],[1.98917,48.3636],[1.98545,48.3643],[1.98403,48.36849],[1.97755,48.36882],[1.98181,48.37473],[1.98001,48.37844],[1.96665,48.38064],[1.97401,48.39005],[1.97333,48.39569],[1.97819,48.40183],[1.95219,48.4063],[1.93209,48.4034],[1.92833,48.40614],[1.93274,48.41089],[1.92582,48.41279],[1.92747,48.41658],[1.93211,48.41646],[1.93218,48.42049],[1.93974,48.41982],[1.94072,48.42578],[1.93684,48.42789],[1.93946,48.43422],[1.93631,48.43455],[1.94287,48.44114],[1.93299,48.44216],[1.93259,48.44936],[1.92848,48.45108],[1.93043,48.45357],[1.92767,48.45448],[1.9295,48.45713],[1.92202,48.45771],[1.92095,48.44795],[1.91186,48.44785],[1.9116,48.4454],[1.90699,48.44529],[1.90433,48.43856],[1.87881,48.44095],[1.87078,48.43983],[1.85748,48.44684],[1.84488,48.44625],[1.84437,48.45201],[1.83974,48.45233],[1.83673,48.46708],[1.80129,48.46602],[1.80334,48.47252],[1.79129,48.48113],[1.79655,48.48461],[1.7854,48.49013],[1.79048,48.49709],[1.78902,48.50015],[1.78289,48.50026],[1.77559,48.5139],[1.77834,48.51772],[1.77555,48.52768],[1.78754,48.55382],[1.77797,48.55264],[1.7772,48.55513],[1.76883,48.55845],[1.76281,48.56469],[1.76211,48.56759],[1.76532,48.56935],[1.75745,48.57509],[1.74599,48.57606],[1.74349,48.57244],[1.73669,48.57237],[1.73207,48.57548],[1.727,48.5726],[1.70924,48.57802],[1.71001,48.58151],[1.70185,48.58505],[1.71883,48.60575],[1.71497,48.61467],[1.70362,48.61183],[1.69256,48.61465],[1.68681,48.61124],[1.68234,48.61563],[1.69092,48.61714],[1.68581,48.62032],[1.67888,48.61878],[1.67445,48.61466],[1.6674,48.61698],[1.66653,48.61347],[1.655,48.62258],[1.65834,48.62789],[1.64932,48.63229],[1.65123,48.63821],[1.63845,48.64519],[1.64376,48.64812],[1.64314,48.65128],[1.63197,48.64884],[1.62285,48.65106],[1.62131,48.64966],[1.60265,48.66331],[1.60112,48.66837],[1.608,48.67251],[1.60429,48.6754],[1.61185,48.68929],[1.60553,48.68929],[1.59428,48.69514],[1.59111,48.69275],[1.58231,48.69635],[1.58516,48.69938],[1.57636,48.7026],[1.59471,48.70914],[1.58706,48.71028],[1.61612,48.73636],[1.62057,48.73609],[1.62675,48.7481],[1.60842,48.76073],[1.582,48.7619],[1.58478,48.76341],[1.58149,48.76553],[1.58789,48.77375],[1.57674,48.78297],[1.5754,48.79088],[1.58093,48.79351],[1.57765,48.79506],[1.58003,48.80008],[1.5773,48.80494],[1.58182,48.80524],[1.58312,48.80737],[1.57894,48.80905],[1.5808,48.81057],[1.59156,48.815],[1.57896,48.8297],[1.59348,48.83405],[1.59809,48.83889],[1.57735,48.84462],[1.58422,48.86036],[1.56126,48.86743],[1.55897,48.86381],[1.54561,48.87022],[1.54872,48.87585],[1.55136,48.87505],[1.5566,48.88211],[1.55947,48.88184],[1.56343,48.89049],[1.55344,48.89347],[1.55015,48.8985],[1.53878,48.90471],[1.53815,48.90854],[1.54348,48.90945],[1.5452,48.91303],[1.53841,48.92255],[1.51851,48.9253],[1.51434,48.9219],[1.50734,48.92757],[1.51182,48.93499],[1.5014,48.94103],[1.49225,48.93624],[1.48038,48.94049],[1.46114,48.93751],[1.45864,48.9279],[1.4478,48.92461],[1.45947,48.91454],[1.45521,48.91329],[1.46049,48.90967],[1.46188,48.89934],[1.47161,48.89747],[1.46462,48.8768],[1.46071,48.87258],[1.44087,48.86476],[1.43025,48.86631],[1.42386,48.86132],[1.40593,48.86115],[1.39655,48.8556],[1.3962,48.85187],[1.38991,48.84632],[1.36177,48.8341],[1.35841,48.82859],[1.35943,48.82057],[1.35581,48.81672],[1.37715,48.79159],[1.375,48.78129],[1.36511,48.78398],[1.36146,48.78015],[1.35271,48.77886],[1.32928,48.76082],[1.31955,48.76082],[1.31148,48.76492],[1.29641,48.76814],[1.28744,48.76413],[1.27087,48.76272],[1.27015,48.75756],[1.25673,48.75814],[1.25462,48.75854],[1.2566,48.76572],[1.24331,48.76968],[1.22288,48.76734],[1.22439,48.76336],[1.23274,48.76335],[1.22305,48.75798],[1.20825,48.76636],[1.18741,48.77305],[1.15898,48.76932],[1.16118,48.77022],[1.14904,48.77776],[1.15186,48.78593],[1.13539,48.78531],[1.12138,48.78923],[1.11738,48.78449],[1.12046,48.77064],[1.12784,48.76615],[1.1181,48.76607],[1.11957,48.75575],[1.11269,48.75186],[1.11389,48.74608],[1.10958,48.75039],[1.10334,48.74916],[1.10146,48.75366],[1.096,48.74875],[1.0923,48.75],[1.08658,48.75735],[1.08259,48.75172],[1.07965,48.7525],[1.06974,48.74875],[1.06826,48.7575],[1.06416,48.7595],[1.04691,48.74843],[1.04524,48.7437],[1.03508,48.74077],[1.03415,48.73387],[1.03754,48.73157],[1.03287,48.72852],[1.02905,48.72872],[1.02205,48.73483],[1.01683,48.72842],[0.9974,48.72827],[0.99047,48.7256],[0.98507,48.72593],[0.97823,48.7309],[0.96145,48.7258],[0.95597,48.71732],[0.94602,48.71321],[0.9369,48.71383],[0.92116,48.70915],[0.92009,48.7124],[0.89936,48.7105],[0.89025,48.72037],[0.87256,48.71323],[0.86661,48.70364],[0.86868,48.69892],[0.86078,48.6933],[0.86402,48.68781],[0.85382,48.68556],[0.84044,48.67846],[0.83435,48.68109],[0.82726,48.68072],[0.8114,48.66739],[0.80969,48.66245],[0.81765,48.65977],[0.81855,48.65379],[0.82442,48.64994],[0.82164,48.63623],[0.82468,48.63377],[0.83176,48.63342],[0.8257,48.62932],[0.81723,48.61568],[0.81964,48.60987],[0.83074,48.61113],[0.83979,48.60822],[0.8471,48.60969],[0.85064,48.58263],[0.86834,48.57278],[0.88048,48.57425],[0.89413,48.57169],[0.92366,48.55826],[0.92572,48.55986],[0.93933,48.54918],[0.93213,48.54668],[0.92252,48.53774],[0.93297,48.53259],[0.94467,48.53088],[0.95205,48.52635],[0.96742,48.52385],[0.95344,48.50314],[0.94147,48.49883],[0.94979,48.49348],[0.95542,48.49286],[0.95637,48.48244],[0.93569,48.4756],[0.93897,48.46084],[0.94769,48.45598],[0.95591,48.44441],[0.96909,48.44131],[0.97352,48.4438],[0.97656,48.44114],[0.97116,48.43446],[0.95766,48.42823],[0.9548,48.42238],[0.94442,48.41711],[0.94373,48.41007],[0.95043,48.39945],[0.94059,48.39832],[0.92892,48.39069],[0.92629,48.38418],[0.92272,48.38353],[0.9179,48.37719],[0.91419,48.37923],[0.91638,48.37448],[0.90914,48.37031],[0.90063,48.37398],[0.8835,48.35654],[0.87558,48.35542],[0.87137,48.35959],[0.86195,48.35095],[0.85227,48.34846],[0.83993,48.35272],[0.84051,48.3504],[0.84405,48.35064],[0.84237,48.34656],[0.83137,48.3454],[0.82799,48.34231],[0.81844,48.34955],[0.81289,48.34944],[0.80683,48.34417],[0.79146,48.3428],[0.7854,48.34046],[0.78423,48.33362],[0.76891,48.32182],[0.76806,48.31539],[0.77044,48.31463],[0.76246,48.31056],[0.75602,48.3006],[0.76264,48.29818],[0.76923,48.30251],[0.7785,48.3034],[0.79363,48.29297],[0.80767,48.28983],[0.79644,48.28711],[0.79333,48.28398],[0.79216,48.27799],[0.78587,48.27114],[0.79179,48.26505],[0.78746,48.26186],[0.79135,48.26107],[0.80121,48.25126],[0.80069,48.24729],[0.81203,48.23462],[0.81023,48.23368],[0.81706,48.2305],[0.83034,48.21379],[0.83062,48.21072],[0.82188,48.20997],[0.81475,48.20574],[0.80544,48.2055],[0.8088,48.19761],[0.79786,48.19477],[0.7957,48.188],[0.80045,48.18876],[0.81108,48.1858],[0.81341,48.18098],[0.82234,48.17805],[0.82311,48.1795],[0.83264,48.1691],[0.84366,48.16474],[0.84959,48.16693],[0.85443,48.16503],[0.85995,48.16769],[0.86721,48.16359],[0.8863,48.16189],[0.91084,48.14953],[0.90924,48.14397],[0.91665,48.13894],[0.91373,48.13494],[0.89497,48.13577],[0.88267,48.13371],[0.87931,48.13623],[0.87036,48.13189],[0.86531,48.13448],[0.85015,48.13329],[0.85537,48.12262],[0.84107,48.10294],[0.8321,48.09837],[0.81427,48.09875],[0.81231,48.09504],[0.8288,48.08999],[0.83125,48.09244],[0.83835,48.08898],[0.84101,48.08998],[0.83861,48.09436],[0.84822,48.09464],[0.8486,48.08916],[0.84425,48.08818],[0.84317,48.0726],[0.83406,48.06916],[0.80278,48.07158],[0.79398,48.06948],[0.79878,48.06408],[0.79815,48.05543],[0.79343,48.04861],[0.79782,48.0428],[0.79752,48.03724],[0.80593,48.03831],[0.80811,48.03165],[0.82544,48.02988],[0.83716,48.03446],[0.84241,48.03017],[0.83858,48.02348],[0.84195,48.01917],[0.83719,48.01595],[0.83676,48.0088],[0.83308,48.00911],[0.8315,48.00595],[0.83227,47.99702],[0.82613,47.99147],[0.81866,47.98926],[0.81886,47.98604],[0.82414,47.98186],[0.82795,47.97284],[0.8376,47.96841],[0.83824,47.96241],[0.84528,47.954],[0.84532,47.94741],[0.84937,47.94727],[0.8484,47.94215],[0.83723,47.93731],[0.81859,47.93499],[0.81358,47.9319],[0.81254,47.92026],[0.80843,47.91646],[0.81651,47.91314],[0.80729,47.90799],[0.81516,47.90415],[0.81264,47.90065],[0.81728,47.89721],[0.8145,47.89498],[0.81797,47.8928],[0.81179,47.8885],[0.79513,47.89964],[0.79489,47.90582],[0.78996,47.91211],[0.77532,47.90861],[0.77026,47.90203],[0.75965,47.8996],[0.75712,47.88525],[0.76454,47.8665],[0.75917,47.85923],[0.77412,47.85127],[0.77183,47.84558],[0.77474,47.83974],[0.76846,47.83126],[0.75888,47.83368],[0.75643,47.83057],[0.74583,47.82771],[0.73805,47.8162],[0.73992,47.81157],[0.73173,47.80771],[0.71974,47.79269],[0.71449,47.79387],[0.71195,47.78715],[0.70108,47.79025],[0.69129,47.78342],[0.68934,47.78001],[0.69997,47.77436],[0.70303,47.77071],[0.70198,47.7666],[0.69202,47.76385],[0.6778,47.76968],[0.64544,47.75297],[0.62455,47.75077],[0.61934,47.7455],[0.62003,47.73853],[0.61057,47.73217],[0.61232,47.72951],[0.60885,47.72525],[0.6016,47.72579],[0.59505,47.72347],[0.58059,47.71293],[0.59297,47.70359],[0.59441,47.70033],[0.59169,47.6978],[0.59552,47.68803],[0.60422,47.68542],[0.61457,47.69452],[0.61796,47.69393],[0.61481,47.68292],[0.60764,47.68251],[0.59664,47.67287],[0.58494,47.66869],[0.55834,47.67077],[0.55933,47.66615],[0.55151,47.65915],[0.52296,47.65311],[0.51658,47.65683],[0.49841,47.64463],[0.49662,47.64624],[0.47868,47.6434],[0.47391,47.64753],[0.46615,47.64421],[0.46401,47.64561],[0.45295,47.63374],[0.45701,47.62848],[0.45008,47.61938],[0.42422,47.61791],[0.41826,47.62356],[0.40942,47.62692],[0.40905,47.63202],[0.39867,47.63717],[0.39597,47.64103],[0.38263,47.64342],[0.38089,47.63863],[0.36489,47.62655],[0.36469,47.62024],[0.37493,47.61194],[0.38349,47.61006],[0.39198,47.59659],[0.39673,47.5942],[0.39588,47.58677],[0.40245,47.57849],[0.39241,47.57689],[0.37848,47.56841],[0.36688,47.57369],[0.33911,47.57973],[0.33845,47.58503],[0.3221,47.59539],[0.27685,47.59772],[0.2675,47.60269],[0.27,47.60517],[0.26773,47.60881],[0.26245,47.60871],[0.25914,47.61229],[0.25534,47.61159],[0.25302,47.61347],[0.24594,47.61062],[0.23067,47.61082],[0.23393,47.58989],[0.22962,47.58465],[0.23447,47.5784],[0.22711,47.57464],[0.21516,47.57318],[0.20635,47.561],[0.20908,47.55772],[0.20345,47.54722],[0.19951,47.54525],[0.19937,47.54098],[0.19305,47.53812],[0.20563,47.53463],[0.20282,47.52817],[0.2151,47.52351],[0.21745,47.52938],[0.22607,47.52658],[0.21997,47.51973],[0.22208,47.51779],[0.22001,47.50189],[0.19962,47.48345],[0.19037,47.4612],[0.18112,47.45332],[0.18536,47.42504],[0.18064,47.41637],[0.1746,47.41503],[0.16616,47.40391],[0.15917,47.40366],[0.15346,47.39876],[0.16951,47.39589],[0.16724,47.38551],[0.17882,47.3845],[0.18296,47.38042],[0.15364,47.36357],[0.14041,47.36181],[0.14697,47.35167],[0.14698,47.34554],[0.13798,47.33605],[0.11747,47.33231],[0.11837,47.32602],[0.11396,47.31829],[0.0993,47.30874],[0.09928,47.30328],[0.0955,47.30413],[0.07859,47.28389],[0.08932,47.28297],[0.08855,47.27538],[0.0834,47.27496],[0.0799,47.27168],[0.08069,47.26515],[0.0747,47.2616],[0.07699,47.25188],[0.07484,47.24812],[0.06789,47.24751],[0.0679,47.2455],[0.07379,47.23693],[0.07165,47.22179],[0.0792,47.21676],[0.07452,47.21444],[0.06819,47.21578],[0.06694,47.2113],[0.06246,47.20763],[0.06073,47.20862],[0.05358,47.19932],[0.05522,47.19446],[0.06652,47.18966],[0.06318,47.1763],[0.05391,47.16368],[0.06154,47.15491],[0.06561,47.14307],[0.07837,47.14642],[0.08206,47.1361],[0.07642,47.12385],[0.07957,47.12304],[0.08121,47.11853],[0.08998,47.12213],[0.10456,47.1208],[0.10699,47.12863],[0.11123,47.13036],[0.11105,47.12857],[0.12352,47.12849],[0.12706,47.11983],[0.14069,47.12466],[0.13343,47.115],[0.13518,47.10711],[0.14652,47.10612],[0.14589,47.10473],[0.15928,47.10263],[0.16186,47.10008],[0.1721,47.11134],[0.1815,47.11529],[0.18337,47.11383],[0.18567,47.10145],[0.20117,47.0913],[0.1742,47.07134],[0.17571,47.06074],[0.17967,47.05912],[0.18932,47.0608],[0.19224,47.0654],[0.20796,47.05332],[0.22773,47.06043],[0.23516,47.06917],[0.23899,47.06774],[0.2411,47.07098],[0.2448,47.07144],[0.26784,47.06772],[0.25984,47.05554],[0.26514,47.05493],[0.26665,47.04865],[0.26395,47.04629],[0.26817,47.04243],[0.27165,47.0465],[0.2862,47.04801],[0.29269,47.0531],[0.30534,47.0527],[0.30936,47.04427],[0.30573,47.03837],[0.31029,47.02574],[0.2986,47.01966],[0.30707,47.01108],[0.30502,47.003],[0.31297,46.99807],[0.305,46.99492],[0.30405,46.99068],[0.29135,46.99037],[0.29808,46.98373],[0.3056,46.98643],[0.30275,46.98186],[0.30827,46.97819],[0.29806,46.97125],[0.30804,46.96283],[0.30145,46.95571],[0.30574,46.95362],[0.31121,46.93796],[0.32497,46.93055],[0.33958,46.93676],[0.34787,46.93658],[0.36073,46.94846],[0.3625,46.94708],[0.36651,46.94987],[0.40537,46.93613],[0.4178,46.93742],[0.43864,46.92949],[0.44489,46.94127],[0.48821,46.95464],[0.50065,46.95646],[0.50523,46.96002],[0.51373,46.95548],[0.52103,46.95836],[0.52774,46.95576],[0.54336,46.96042],[0.56497,46.95564],[0.59943,46.95616],[0.60125,46.97307],[0.59365,46.9776],[0.57889,46.97946],[0.57394,46.98343],[0.57412,46.99527],[0.56792,47],[0.56758,47.00651],[0.57342,47.00477],[0.61994,47.00719],[0.62413,47.00322],[0.62125,46.99682],[0.6333,46.98691],[0.63776,46.98548],[0.6479,46.98834],[0.65617,46.98572],[0.66162,46.97809],[0.67734,46.97774],[0.69289,46.97413],[0.69614,46.95677],[0.70608,46.93775],[0.70324,46.92608],[0.70904,46.91775],[0.70408,46.91111],[0.70542,46.90225],[0.72615,46.88719],[0.73322,46.8765],[0.7472,46.86935],[0.75238,46.86046],[0.75682,46.86016],[0.76521,46.86564],[0.76985,46.86519],[0.77216,46.86126],[0.76619,46.85627],[0.76802,46.85115],[0.78875,46.85264],[0.79595,46.85012],[0.79655,46.84736],[0.78769,46.84496],[0.7866,46.84128],[0.79227,46.83432],[0.80488,46.83174],[0.80919,46.82764],[0.81006,46.80959],[0.81693,46.8043],[0.81174,46.79813],[0.81508,46.78842],[0.82838,46.78659],[0.82807,46.77706],[0.84837,46.76071],[0.8591,46.76005],[0.85979,46.75588],[0.87009,46.74549],[0.8782,46.74186],[0.87707,46.73802],[0.88478,46.73925],[0.89645,46.73518],[0.90178,46.73637],[0.90288,46.73055],[0.91315,46.72568],[0.90796,46.71906],[0.91443,46.71595],[0.91334,46.71057],[0.92491,46.70019],[0.92799,46.69271],[0.91681,46.6902],[0.90952,46.68226],[0.90246,46.67942],[0.90243,46.6777],[0.90925,46.67809],[0.91211,46.6748],[0.90675,46.66547],[0.9179,46.65048],[0.90643,46.64859],[0.90811,46.64414],[0.89928,46.63733],[0.89389,46.6282],[0.89419,46.62584],[0.89999,46.62446],[0.89975,46.62165],[0.90695,46.62007],[0.90436,46.61442],[0.90862,46.61409],[0.90717,46.60735],[0.91067,46.60167],[0.92216,46.5946],[0.93768,46.59443],[0.93445,46.58769],[0.94124,46.58097],[0.95736,46.57816],[0.96376,46.57149],[0.9739,46.57466],[0.98192,46.57355],[0.98558,46.56979],[0.98362,46.56689],[0.98926,46.56526],[1.01441,46.56777],[1.01841,46.56491],[1.02463,46.5497],[1.01957,46.54008],[1.02253,46.53609],[1.05062,46.53601],[1.06414,46.53966],[1.07798,46.53516],[1.09107,46.53778],[1.10782,46.53182],[1.14662,46.50549],[1.14885,46.50212],[1.14645,46.50055],[1.13903,46.49697],[1.13327,46.49802],[1.13935,46.48679],[1.15761,46.46951],[1.13518,46.47096],[1.15184,46.44865],[1.18625,46.44117],[1.18356,46.42937],[1.18659,46.42824],[1.19592,46.4292],[1.20327,46.43453],[1.21322,46.43313],[1.19334,46.41002],[1.19205,46.40563],[1.19693,46.40152],[1.17749,46.38419],[1.18224,46.37589],[1.18592,46.37801],[1.19168,46.37663],[1.19192,46.38021],[1.20995,46.38986],[1.21596,46.38443],[1.21146,46.37897],[1.21413,46.37025],[1.21938,46.36569],[1.22326,46.36919],[1.22429,46.36692],[1.23795,46.3664],[1.24694,46.37475],[1.26061,46.37896],[1.2693,46.37638],[1.27978,46.37655],[1.28255,46.37219],[1.29134,46.37498],[1.30371,46.37114],[1.31534,46.37397],[1.30681,46.37965],[1.31097,46.38371],[1.32067,46.38163],[1.32285,46.38506],[1.32236,46.38965],[1.31887,46.39259],[1.31272,46.39282],[1.3132,46.39493],[1.33773,46.39786],[1.34469,46.40158],[1.34843,46.39887],[1.35624,46.40016],[1.37793,46.38253],[1.38364,46.37473],[1.39132,46.37088],[1.3967,46.37193],[1.39508,46.36762],[1.40096,46.36743],[1.40931,46.3613],[1.41067,46.35056],[1.41562,46.3469],[1.42135,46.3514],[1.44022,46.35639],[1.43493,46.36465],[1.44316,46.36514],[1.44169,46.36951],[1.44652,46.37498],[1.46646,46.37563],[1.46845,46.3796],[1.46622,46.38097],[1.46923,46.38397],[1.47294,46.38362],[1.47809,46.39417],[1.49328,46.3986],[1.49743,46.39468],[1.49966,46.40573],[1.50923,46.412],[1.51063,46.42031],[1.51965,46.42317],[1.52204,46.4265],[1.53463,46.42572],[1.53581,46.42074],[1.54427,46.41906],[1.54624,46.3932],[1.55337,46.39425],[1.55996,46.39808],[1.56082,46.4012],[1.57889,46.41053],[1.58236,46.40785],[1.59556,46.40856],[1.59888,46.4196],[1.6093,46.42309],[1.61839,46.42211],[1.62262,46.41865],[1.61454,46.40629],[1.61448,46.39945],[1.62055,46.39851],[1.62213,46.39428],[1.6256,46.39475],[1.62667,46.38865],[1.63315,46.38903],[1.64051,46.38466],[1.65508,46.3954],[1.66277,46.40571],[1.68373,46.41818],[1.69273,46.41103],[1.69189,46.40895],[1.6986,46.4069],[1.70094,46.40346],[1.69784,46.4014],[1.71022,46.39254],[1.72724,46.39058],[1.73954,46.40127],[1.7505,46.40559],[1.74843,46.41284],[1.76007,46.42697],[1.75449,46.43801],[1.75859,46.44028],[1.74779,46.44984],[1.75464,46.45231],[1.77068,46.45235],[1.78475,46.45535],[1.79011,46.4531],[1.79806,46.45524],[1.80368,46.44659],[1.81752,46.43997],[1.81944,46.43537],[1.81692,46.43212],[1.81953,46.43003],[1.8276,46.42822],[1.83298,46.42933],[1.83965,46.42585],[1.8462,46.42842],[1.84616,46.43193],[1.8546,46.43394],[1.88356,46.43273],[1.88679,46.43413],[1.88422,46.43572],[1.88487,46.44102],[1.89173,46.44166],[1.8917,46.43937],[1.89687,46.43738],[1.90238,46.43773],[1.90934,46.44372],[1.92136,46.43986],[1.92111,46.43411],[1.9239,46.43185],[1.93671,46.4326],[1.96442,46.43954],[1.97806,46.43977],[1.97859,46.44161],[1.99464,46.43066],[2.01952,46.42972],[2.02938,46.42467],[2.04556,46.42113],[2.07402,46.41995],[2.08003,46.41203],[2.08895,46.4089],[2.10338,46.40958],[2.11001,46.41476],[2.1119,46.42057],[2.11587,46.42204],[2.12698,46.41932],[2.14043,46.4212],[2.146,46.4244],[2.15355,46.4226],[2.1848,46.42315],[2.19789,46.42832],[2.21384,46.42321],[2.21839,46.42503],[2.22367,46.42265],[2.22835,46.42504],[2.23362,46.42246],[2.24947,46.42635],[2.25472,46.42554],[2.2549,46.42283],[2.26961,46.42301],[2.28109,46.42047]]]},"properties":{"code":"24","nom":"Centre-Val de Loire"}},
{"type":"Feature","geometry":{"type":"Polygon","coordinates":[[[7.13026,47.50295],[7.13589,47.50692],[7.14336,47.52459],[7.13835,47.52772],[7.13576,47.5369],[7.13088,47.54114],[7.10571,47.5516],[7.10824,47.55214],[7.10827,47.56388],[7.10481,47.56974],[7.09414,47.5735],[7.08589,47.58676],[7.08615,47.59286],[7.07554,47.59876],[7.07016,47.59633],[7.07042,47.60073],[7.05435,47.59856],[7.05191,47.60049],[7.04758,47.59868],[7.04634,47.60103],[7.03978,47.60115],[7.03437,47.59414],[7.02549,47.59274],[7.02482,47.5892],[7.01965,47.58864],[7.01578,47.59186],[7.02156,47.59368],[7.01955,47.59593],[7.00565,47.6021],[7.01032,47.60474],[7.00761,47.60625],[7.00501,47.6196],[7.00808,47.62085],[7.00593,47.62892],[7.01054,47.63031],[7.01433,47.62584],[7.01685,47.62708],[7.01259,47.63143],[7.01598,47.63591],[7.01233,47.63932],[7.01851,47.641],[7.01656,47.647],[7.01895,47.65092],[7.03027,47.64925],[7.0393,47.65051],[7.03518,47.66355],[7.04079,47.66517],[7.04608,47.67143],[7.03745,47.67537],[7.04268,47.68112],[7.04842,47.68211],[7.04813,47.68451],[7.03847,47.68677],[7.03731,47.69472],[7.03287,47.69535],[7.03382,47.69965],[7.02648,47.70096],[7.03778,47.72162],[7.02274,47.73256],[7.01583,47.7438],[7.01289,47.74145],[6.98109,47.7514],[6.97217,47.75158],[6.95223,47.76436],[6.94347,47.76656],[6.93998,47.77166],[6.92545,47.76956],[6.91136,47.77806],[6.89632,47.77712],[6.88181,47.7821],[6.872,47.78177],[6.86602,47.78385],[6.86266,47.78554],[6.86005,47.79435],[6.8516,47.798],[6.8482,47.80427],[6.85056,47.80681],[6.84297,47.81282],[6.84101,47.81898],[6.84479,47.82399],[6.8394,47.82467],[6.83397,47.8186],[6.82361,47.81328],[6.81726,47.81862],[6.79278,47.82973],[6.78871,47.83384],[6.79222,47.84222],[6.78262,47.85128],[6.76446,47.85346],[6.76388,47.85743],[6.76037,47.8586],[6.73835,47.86133],[6.73718,47.86495],[6.7112,47.87526],[6.70368,47.88142],[6.68338,47.8904],[6.67631,47.89033],[6.66693,47.89377],[6.65481,47.90107],[6.64641,47.90323],[6.63928,47.91029],[6.64165,47.91876],[6.63398,47.9208],[6.62736,47.93009],[6.61648,47.93265],[6.60737,47.94379],[6.58971,47.9426],[6.56341,47.93139],[6.55203,47.9155],[6.55238,47.91174],[6.54396,47.90845],[6.544,47.90309],[6.50321,47.89622],[6.47826,47.88544],[6.47408,47.891],[6.47799,47.89304],[6.46552,47.89711],[6.45596,47.90676],[6.46343,47.91407],[6.46266,47.91728],[6.45777,47.92052],[6.44916,47.92173],[6.44812,47.92627],[6.43631,47.9365],[6.4348,47.94292],[6.40834,47.94329],[6.40536,47.95311],[6.39451,47.95502],[6.39101,47.96052],[6.37798,47.95883],[6.365,47.96257],[6.36093,47.95852],[6.35364,47.95868],[6.34461,47.95428],[6.33471,47.95593],[6.32399,47.94842],[6.30728,47.95014],[6.29642,47.95537],[6.28718,47.95554],[6.27733,47.95381],[6.25077,47.93908],[6.24324,47.93964],[6.2387,47.93709],[6.23798,47.93284],[6.21922,47.93574],[6.21434,47.93042],[6.20523,47.93202],[6.20871,47.93965],[6.20797,47.94681],[6.19711,47.94743],[6.19737,47.95179],[6.18201,47.9563],[6.17388,47.95225],[6.16799,47.95235],[6.16074,47.95871],[6.1608,47.96475],[6.15733,47.96781],[6.1554,47.96451],[6.14965,47.96574],[6.15016,47.97014],[6.16454,47.97311],[6.16507,47.97597],[6.15737,47.98418],[6.15974,47.9923],[6.15217,47.99488],[6.15619,48.00676],[6.1459,48.01583],[6.13184,48.01993],[6.13131,48.02414],[6.11735,48.01995],[6.10939,48.01262],[6.09774,48.01504],[6.08089,48.01295],[6.0732,48.01594],[6.04113,48.00447],[6.03248,47.99913],[6.03216,47.99062],[6.02495,47.99183],[6.02483,47.98721],[6.019,47.98748],[6.01817,47.98422],[6.02609,47.98145],[6.01765,47.97036],[6.01214,47.97185],[6.00624,47.96402],[6.00928,47.9615],[6.00527,47.95784],[6.00227,47.95609],[5.99579,47.95832],[5.98398,47.95621],[5.98195,47.95794],[5.97053,47.9572],[5.96902,47.94751],[5.94936,47.93545],[5.92868,47.93811],[5.93778,47.95092],[5.94645,47.95517],[5.96013,47.96802],[5.95883,47.9705],[5.94954,47.97294],[5.94753,47.97971],[5.93269,47.97738],[5.91738,47.96624],[5.92048,47.9566],[5.91802,47.94744],[5.90016,47.94447],[5.8929,47.93714],[5.89766,47.93094],[5.88358,47.92491],[5.88341,47.92145],[5.88958,47.92059],[5.88639,47.91591],[5.89094,47.91061],[5.88674,47.90282],[5.88235,47.89982],[5.88077,47.90177],[5.86997,47.9007],[5.85161,47.90603],[5.83748,47.89124],[5.83863,47.8854],[5.82064,47.86911],[5.82467,47.85939],[5.82806,47.85803],[5.822,47.85782],[5.82463,47.8557],[5.818,47.85201],[5.82811,47.85662],[5.82843,47.85193],[5.7959,47.84692],[5.79888,47.85571],[5.78467,47.85527],[5.77476,47.85804],[5.76747,47.85576],[5.7612,47.85934],[5.75342,47.85178],[5.74965,47.85248],[5.7442,47.84885],[5.74358,47.84235],[5.74815,47.83848],[5.74534,47.83638],[5.74727,47.83144],[5.74517,47.82965],[5.75118,47.82897],[5.74519,47.82674],[5.74609,47.82356],[5.742,47.81943],[5.73143,47.81763],[5.70001,47.82387],[5.69273,47.8218],[5.68179,47.80933],[5.67638,47.77914],[5.68213,47.77553],[5.68001,47.77009],[5.70222,47.76997],[5.70753,47.76755],[5.7089,47.75653],[5.70609,47.75271],[5.70953,47.74558],[5.6919,47.73691],[5.68869,47.73047],[5.69591,47.72524],[5.68471,47.7224],[5.68832,47.71936],[5.68354,47.71676],[5.68412,47.71197],[5.69354,47.70481],[5.69486,47.69231],[5.69112,47.68472],[5.68769,47.6858],[5.68584,47.68306],[5.68099,47.68663],[5.67203,47.682],[5.66738,47.68552],[5.65966,47.68473],[5.65942,47.68123],[5.64828,47.6754],[5.63181,47.67728],[5.61692,47.67351],[5.6009,47.67519],[5.59682,47.67202],[5.59165,47.68421],[5.5846,47.69098],[5.58522,47.70002],[5.58171,47.70307],[5.56737,47.7072],[5.52985,47.67299],[5.51007,47.67423],[5.48277,47.68464],[5.47454,47.68076],[5.47144,47.67558],[5.44392,47.67057],[5.43521,47.67104],[5.42018,47.67767],[5.40651,47.67354],[5.39812,47.64873],[5.40432,47.64875],[5.40574,47.64687],[5.38568,47.63505],[5.37233,47.61848],[5.37384,47.60448],[5.36681,47.60494],[5.35929,47.59372],[5.35572,47.5917],[5.34411,47.59615],[5.34198,47.59471],[5.34548,47.60474],[5.33916,47.60954],[5.32246,47.61241],[5.31428,47.60613],[5.30184,47.60622],[5.29399,47.59787],[5.2808,47.59263],[5.2777,47.59014],[5.27789,47.58157],[5.26853,47.58146],[5.25312,47.57686],[5.24764,47.58977],[5.23811,47.5965],[5.25872,47.62217],[5.25054,47.62215],[5.23694,47.61677],[5.23743,47.62095],[5.22923,47.62556],[5.23025,47.62954],[5.22127,47.63224],[5.21141,47.64189],[5.19816,47.64437],[5.18839,47.64961],[5.17463,47.65148],[5.17326,47.66648],[5.17844,47.68098],[5.16158,47.68043],[5.15541,47.66706],[5.14282,47.65567],[5.13609,47.65361],[5.13857,47.65087],[5.12866,47.64984],[5.12537,47.64677],[5.11744,47.64944],[5.1166,47.65189],[5.10887,47.64969],[5.10152,47.65958],[5.08396,47.65734],[5.08365,47.66044],[5.07825,47.66009],[5.07914,47.66704],[5.07153,47.66421],[5.06916,47.66858],[5.06776,47.66461],[5.06568,47.66709],[5.05342,47.66838],[5.04443,47.67741],[5.05043,47.68009],[5.0525,47.68801],[5.06081,47.69485],[5.05572,47.69743],[5.05355,47.69419],[5.02878,47.69328],[5.02912,47.69746],[5.03393,47.70162],[5.03365,47.70788],[5.02916,47.70992],[5.01773,47.70459],[5.01518,47.70615],[5.00774,47.70025],[5.00477,47.70125],[5.00361,47.69373],[4.99511,47.68911],[4.96909,47.68583],[4.97198,47.69157],[4.9595,47.69721],[4.95377,47.70485],[4.96582,47.71524],[4.9635,47.72217],[4.97166,47.72941],[4.96983,47.73557],[4.9568,47.73245],[4.96614,47.74056],[4.95995,47.75155],[4.95899,47.76187],[4.95082,47.76264],[4.94741,47.76658],[4.94221,47.76261],[4.92268,47.75895],[4.92671,47.76484],[4.91692,47.76685],[4.92088,47.76722],[4.92076,47.7728],[4.92379,47.77341],[4.92388,47.77534],[4.91796,47.77709],[4.95525,47.7896],[4.97765,47.80023],[4.98243,47.79985],[4.98239,47.80206],[4.98853,47.80386],[4.99153,47.80792],[4.98817,47.80895],[4.99385,47.81291],[4.98879,47.81865],[4.99413,47.81975],[4.98598,47.82254],[4.9847,47.82887],[4.96835,47.83194],[4.96618,47.83937],[4.96043,47.83941],[4.9634,47.85221],[4.9541,47.86677],[4.9402,47.86703],[4.92745,47.87155],[4.93003,47.87504],[4.92714,47.87884],[4.92749,47.88855],[4.91543,47.89782],[4.914,47.90559],[4.90291,47.92104],[4.89434,47.92303],[4.86923,47.91773],[4.87084,47.9153],[4.85922,47.90179],[4.86043,47.89632],[4.85679,47.89563],[4.83403,47.90678],[4.82942,47.91243],[4.83093,47.91751],[4.83969,47.92276],[4.84704,47.92147],[4.84715,47.929],[4.85213,47.92997],[4.86609,47.94051],[4.8576,47.95189],[4.84519,47.96125],[4.82748,47.96086],[4.81982,47.96449],[4.81942,47.96036],[4.81143,47.95935],[4.80676,47.96211],[4.79337,47.96242],[4.79112,47.96536],[4.78652,47.9642],[4.78559,47.97142],[4.79464,47.98447],[4.80614,47.98584],[4.81059,47.98865],[4.79324,47.99654],[4.79375,48.00299],[4.78949,48.00811],[4.77306,48.00497],[4.74214,48.00462],[4.71992,48.00914],[4.72272,48.01015],[4.71618,48.01139],[4.69883,48.02391],[4.67082,48.01534],[4.66538,48.021],[4.65588,48.01697],[4.65358,48.02256],[4.64745,48.02572],[4.62196,48.02438],[4.61655,48.0313],[4.60789,48.02836],[4.60077,48.03037],[4.58511,48.03006],[4.57082,48.02462],[4.56341,48.01553],[4.55562,48.01362],[4.54948,48.00443],[4.53572,48.00677],[4.54098,47.99203],[4.54527,47.98841],[4.555,47.98599],[4.55684,47.98215],[4.55971,47.97153],[4.55422,47.96766],[4.53211,47.96997],[4.5151,47.9663],[4.49309,47.96818],[4.46991,47.95993],[4.45575,47.95985],[4.44713,47.95638],[4.43523,47.96036],[4.42616,47.96679],[4.4172,47.96868],[4.39723,47.96224],[4.38732,47.96217],[4.38377,47.95969],[4.36972,47.96164],[4.36149,47.95719],[4.34311,47.95585],[4.34035,47.95805],[4.31975,47.95962],[4.31272,47.96269],[4.309,47.96117],[4.30259,47.95076],[4.29808,47.94974],[4.30297,47.93788],[4.2928,47.92588],[4.2883,47.92709],[4.26649,47.92396],[4.25689,47.9268],[4.25656,47.92875],[4.24506,47.93003],[4.23697,47.94085],[4.22214,47.94969],[4.22861,47.96181],[4.22582,47.97209],[4.21033,47.97161],[4.2046,47.97343],[4.1929,47.965],[4.20323,47.96],[4.21242,47.96316],[4.20315,47.9593],[4.20784,47.94659],[4.2027,47.94166],[4.19281,47.93945],[4.1855,47.94027],[4.18417,47.95589],[4.17288,47.95939],[4.16932,47.95733],[4.1658,47.96],[4.15586,47.95579],[4.14016,47.94276],[4.14184,47.93711],[4.13337,47.93802],[4.10961,47.92604],[4.10706,47.92981],[4.09801,47.92955],[4.09404,47.92659],[4.09208,47.9282],[4.09381,47.93402],[4.09,47.93619],[4.09295,47.94292],[4.08969,47.94501],[4.07788,47.94299],[4.06076,47.94579],[4.05635,47.94077],[4.05887,47.9317],[4.04523,47.92597],[4.03128,47.93319],[4.02521,47.92862],[4.01626,47.92939],[4.01223,47.93274],[4.01361,47.93683],[4.005,47.94259],[3.98578,47.93067],[3.9752,47.9312],[3.96168,47.93628],[3.94812,47.93079],[3.9455,47.93476],[3.93493,47.93204],[3.92626,47.93481],[3.91825,47.92816],[3.91159,47.93026],[3.90497,47.92514],[3.90169,47.92568],[3.89403,47.92917],[3.90343,47.93844],[3.89911,47.9406],[3.90264,47.94291],[3.90639,47.96234],[3.91282,47.96868],[3.9147,47.9757],[3.91093,47.98182],[3.90151,47.99638],[3.89319,48.00178],[3.88154,48.00034],[3.88529,47.99159],[3.8776,47.98705],[3.8834,47.98524],[3.87991,47.97912],[3.8617,47.97658],[3.86587,47.98448],[3.85003,47.98373],[3.84692,47.99465],[3.8415,47.99586],[3.83908,47.99925],[3.83956,48.00394],[3.85474,48.00344],[3.86359,48.00699],[3.87069,48.00298],[3.87053,48.01689],[3.84694,48.02959],[3.84323,48.03554],[3.83643,48.03568],[3.83442,48.03779],[3.8322,48.03636],[3.82205,48.04414],[3.8304,48.04734],[3.82392,48.05322],[3.82934,48.05754],[3.8239,48.06204],[3.82625,48.06366],[3.80568,48.08214],[3.80699,48.08415],[3.79807,48.08649],[3.8001,48.09721],[3.80565,48.10051],[3.7931,48.1131],[3.79179,48.11771],[3.77989,48.12067],[3.77722,48.12856],[3.76802,48.13376],[3.76212,48.13181],[3.75691,48.12531],[3.75075,48.12606],[3.73988,48.13238],[3.74247,48.14257],[3.75512,48.1503],[3.75179,48.16182],[3.74746,48.16625],[3.71853,48.17559],[3.71509,48.17464],[3.71375,48.17157],[3.72216,48.1599],[3.72005,48.15394],[3.70508,48.14431],[3.70028,48.14538],[3.69452,48.15506],[3.69092,48.14502],[3.66791,48.13929],[3.66051,48.15926],[3.65065,48.16823],[3.6415,48.18393],[3.63494,48.18792],[3.62166,48.19204],[3.59392,48.17868],[3.57875,48.18486],[3.57508,48.18882],[3.59989,48.20207],[3.61133,48.21215],[3.6157,48.21802],[3.61394,48.22026],[3.62177,48.22566],[3.61502,48.23182],[3.60786,48.23278],[3.6047,48.23003],[3.59955,48.23657],[3.61535,48.25086],[3.62432,48.25453],[3.61663,48.27145],[3.6091,48.27529],[3.60191,48.27592],[3.60044,48.27949],[3.58772,48.27995],[3.58383,48.28354],[3.5778,48.28459],[3.57805,48.28697],[3.58574,48.29008],[3.58793,48.30094],[3.58239,48.30145],[3.58008,48.30602],[3.57629,48.30507],[3.56681,48.30758],[3.56108,48.31207],[3.56501,48.31347],[3.56309,48.32157],[3.55328,48.3191],[3.5439,48.31979],[3.54503,48.33434],[3.53487,48.33834],[3.52042,48.34938],[3.52163,48.3517],[3.51317,48.36063],[3.50502,48.36555],[3.49763,48.36958],[3.47488,48.36927],[3.46709,48.37546],[3.45259,48.37439],[3.44733,48.37249],[3.44846,48.36841],[3.4372,48.36497],[3.42739,48.35809],[3.42174,48.37196],[3.41406,48.37534],[3.41474,48.39019],[3.40201,48.38964],[3.38484,48.40005],[3.37804,48.39912],[3.3736,48.39344],[3.36723,48.39425],[3.36286,48.38245],[3.36518,48.37227],[3.35647,48.37156],[3.35669,48.3785],[3.35115,48.37874],[3.34834,48.37333],[3.33645,48.37313],[3.33546,48.37019],[3.33081,48.37326],[3.31263,48.37709],[3.30932,48.37698],[3.31104,48.37298],[3.3052,48.37295],[3.29953,48.37562],[3.29886,48.37893],[3.29116,48.37627],[3.29127,48.38004],[3.28291,48.38162],[3.28248,48.37744],[3.26804,48.37784],[3.26719,48.37359],[3.26107,48.37304],[3.2618,48.36836],[3.2567,48.36786],[3.25447,48.3651],[3.23303,48.3702],[3.22296,48.37037],[3.20023,48.36364],[3.19051,48.37096],[3.18463,48.36809],[3.18117,48.37445],[3.17157,48.37742],[3.16705,48.37107],[3.15243,48.37144],[3.14806,48.37005],[3.14659,48.36557],[3.13982,48.37257],[3.12789,48.36957],[3.12832,48.36726],[3.12212,48.36864],[3.11391,48.36401],[3.10336,48.34936],[3.09953,48.35178],[3.10081,48.35654],[3.09748,48.35779],[3.08571,48.35767],[3.07865,48.36126],[3.06461,48.35744],[3.05028,48.36],[3.04613,48.35797],[3.03706,48.34266],[3.03957,48.34185],[3.03667,48.33495],[3.04337,48.33065],[3.02806,48.3216],[3.02687,48.31688],[3.01465,48.30629],[3.0196,48.30309],[3.02752,48.30284],[3.0186,48.29496],[3.02961,48.28578],[3.02473,48.27603],[3.04547,48.27074],[3.04268,48.2624],[3.04735,48.2497],[3.0365,48.25085],[3.03142,48.24885],[3.02751,48.24161],[3.01883,48.23512],[3.01909,48.23183],[3.02309,48.23045],[3.01149,48.22059],[3.00446,48.20703],[2.99679,48.20732],[2.99281,48.20465],[2.98907,48.20923],[2.98001,48.20567],[2.97324,48.20562],[2.97364,48.19695],[2.97096,48.19421],[2.95535,48.19251],[2.94025,48.18297],[2.93696,48.18315],[2.93439,48.17367],[2.93662,48.16346],[2.95322,48.16517],[2.95461,48.15967],[2.9637,48.15308],[2.98026,48.14986],[2.97999,48.15404],[2.99068,48.1527],[2.99472,48.14165],[2.99814,48.13994],[3.0039,48.14486],[3.01,48.14572],[3.0219,48.135],[3.02931,48.13332],[3.0159,48.1158],[3.03233,48.11423],[3.03501,48.11614],[3.03835,48.09885],[3.04291,48.09338],[3.04903,48.09383],[3.05027,48.09154],[3.05022,48.07216],[3.06078,48.06421],[3.08026,48.06049],[3.08832,48.05393],[3.09542,48.05398],[3.08978,48.04936],[3.09497,48.04432],[3.09449,48.04029],[3.12423,48.03111],[3.11999,48.02908],[3.12029,48.02564],[3.11663,48.0281],[3.10296,48.02403],[3.09966,48.01921],[3.1055,48.01265],[3.11069,48.01102],[3.11547,48.01296],[3.12402,48.00711],[3.12069,48.00277],[3.12326,48.00116],[3.12112,47.99594],[3.12311,47.99102],[3.12668,47.99127],[3.12004,47.98659],[3.1286,47.9834],[3.12671,47.96811],[3.1092,47.96198],[3.11166,47.95789],[3.10527,47.94694],[3.0984,47.94878],[3.09809,47.94659],[3.08412,47.94256],[3.07851,47.93143],[3.06461,47.93052],[3.06174,47.92613],[3.05087,47.92424],[3.05049,47.91064],[3.03837,47.907],[3.03609,47.91179],[3.02464,47.90548],[3.01791,47.9081],[3.0181,47.90645],[3.0093,47.90554],[3.01171,47.90095],[3.01705,47.89902],[3.01319,47.89588],[3.00708,47.89544],[3.00989,47.88921],[3.00701,47.8839],[3.01176,47.88054],[3.01238,47.87404],[2.99462,47.86736],[3.0106,47.86231],[3.02316,47.86101],[3.02924,47.85708],[3.02536,47.85657],[3.03178,47.85036],[3.03102,47.84426],[3.03365,47.84367],[3.02906,47.83503],[3.01222,47.83424],[3.01468,47.83234],[3.01392,47.82245],[3.02223,47.81786],[3.01502,47.81343],[3.02434,47.81308],[3.02807,47.80122],[3.02496,47.78728],[2.98823,47.78603],[2.97882,47.78029],[2.96163,47.77525],[2.95474,47.77556],[2.94967,47.76575],[2.93722,47.7665],[2.93559,47.76325],[2.93038,47.7622],[2.91419,47.76947],[2.90949,47.7695],[2.90837,47.76668],[2.89981,47.7663],[2.89888,47.76387],[2.8698,47.76493],[2.86268,47.76089],[2.85636,47.7618],[2.85185,47.75779],[2.8584,47.75088],[2.85817,47.74689],[2.85387,47.73548],[2.8504,47.73407],[2.8535,47.72928],[2.84852,47.72602],[2.85236,47.72176],[2.84865,47.71698],[2.85509,47.7153],[2.86082,47.71018],[2.87859,47.72035],[2.88466,47.71389],[2.88406,47.70765],[2.87916,47.7038],[2.89855,47.69631],[2.90367,47.69689],[2.90753,47.69094],[2.91405,47.69091],[2.91462,47.68767],[2.92617,47.68202],[2.91817,47.66977],[2.92661,47.65899],[2.94103,47.65758],[2.94234,47.6534],[2.95394,47.64594],[2.93629,47.63665],[2.93232,47.62705],[2.93565,47.6264],[2.93418,47.62074],[2.94518,47.60842],[2.93613,47.59941],[2.9421,47.59885],[2.94345,47.59317],[2.95005,47.5894],[2.95498,47.59041],[2.96213,47.58596],[2.96438,47.58177],[2.96225,47.57689],[2.96558,47.57358],[2.97466,47.57357],[2.97654,47.56948],[2.96367,47.56418],[2.95879,47.55751],[2.91433,47.56603],[2.90479,47.55629],[2.88982,47.55269],[2.8739,47.55281],[2.8731,47.54516],[2.86245,47.54643],[2.86004,47.55423],[2.84489,47.54489],[2.85181,47.53511],[2.88846,47.50943],[2.89841,47.48178],[2.91406,47.4709],[2.93151,47.4399],[2.93073,47.43132],[2.91989,47.42135],[2.91845,47.40552],[2.90633,47.39322],[2.88753,47.36169],[2.88026,47.35642],[2.87039,47.34315],[2.87657,47.32187],[2.88619,47.31582],[2.9108,47.30981],[2.93917,47.28659],[2.97354,47.26994],[2.98308,47.2608],[2.97887,47.22957],[3.00967,47.17906],[3.01595,47.15909],[3.02062,47.15322],[3.01652,47.14159],[3.02828,47.12843],[3.03137,47.09248],[3.02118,47.07823],[3.01934,47.06817],[3.02955,47.05839],[3.05625,47.04703],[3.06361,47.04617],[3.07515,47.02896],[3.07574,47.01915],[3.06631,47.00225],[3.06258,46.9792],[3.06964,46.96678],[3.07934,46.96024],[3.07974,46.95663],[3.06603,46.93842],[3.04999,46.90771],[3.0606,46.89853],[3.0665,46.88318],[3.06535,46.86357],[3.06941,46.85343],[3.06602,46.84658],[3.05793,46.84315],[3.05459,46.83877],[3.0592,46.82664],[3.04134,46.81303],[3.03259,46.80021],[3.03206,46.79491],[3.03593,46.78883],[3.03757,46.77285],[3.04888,46.75835],[3.06373,46.74756],[3.08621,46.73693],[3.12956,46.72743],[3.16612,46.69138],[3.17891,46.68866],[3.19808,46.67973],[3.20437,46.67886],[3.20705,46.68178],[3.22216,46.68518],[3.22773,46.69021],[3.2285,46.69644],[3.25958,46.70783],[3.26961,46.71673],[3.28598,46.71392],[3.30063,46.7165],[3.3015,46.70638],[3.31182,46.69499],[3.3136,46.68904],[3.34656,46.68455],[3.35883,46.68956],[3.36564,46.68972],[3.37542,46.69957],[3.37896,46.71248],[3.39008,46.71484],[3.4175,46.71044],[3.41854,46.71329],[3.43436,46.71241],[3.42837,46.70072],[3.4332,46.69343],[3.44597,46.69322],[3.4485,46.69037],[3.45312,46.69004],[3.45527,46.6825],[3.4518,46.67943],[3.45387,46.67428],[3.44551,46.6709],[3.44846,46.6685],[3.44711,46.66361],[3.44208,46.662],[3.4519,46.65845],[3.4569,46.65178],[3.47479,46.65416],[3.48171,46.65102],[3.48608,46.65257],[3.48622,46.66085],[3.49298,46.6622],[3.50365,46.67266],[3.51337,46.67743],[3.511,46.68008],[3.51664,46.68169],[3.51394,46.68359],[3.53025,46.6891],[3.53706,46.68666],[3.5397,46.67995],[3.54692,46.67821],[3.56095,46.68888],[3.5481,46.70623],[3.55032,46.71589],[3.5477,46.72261],[3.55753,46.72037],[3.55986,46.71664],[3.56886,46.71543],[3.57421,46.71624],[3.57154,46.72084],[3.57732,46.72277],[3.57718,46.71505],[3.59792,46.72435],[3.5981,46.728],[3.58486,46.73936],[3.58508,46.74411],[3.57565,46.74971],[3.58484,46.75404],[3.58853,46.76134],[3.59785,46.76215],[3.59787,46.75433],[3.6019,46.75137],[3.62078,46.7543],[3.62599,46.75269],[3.62959,46.74801],[3.62259,46.74013],[3.63644,46.72653],[3.63764,46.70748],[3.65002,46.70554],[3.65737,46.68541],[3.67291,46.6822],[3.66898,46.67351],[3.69696,46.66058],[3.70865,46.63607],[3.72437,46.62585],[3.71286,46.61023],[3.71972,46.60502],[3.73305,46.6047],[3.7375,46.60097],[3.73389,46.59513],[3.74295,46.56602],[3.74065,46.55905],[3.73195,46.55151],[3.73393,46.54607],[3.74189,46.53911],[3.75449,46.53613],[3.77227,46.5387],[3.77762,46.53618],[3.78067,46.52836],[3.79352,46.52773],[3.80513,46.51932],[3.83791,46.5317],[3.84646,46.52436],[3.84058,46.51922],[3.84092,46.5148],[3.84816,46.51282],[3.85827,46.51553],[3.86361,46.5129],[3.86025,46.49516],[3.868,46.48827],[3.89464,46.4808],[3.90135,46.49064],[3.90971,46.49527],[3.91865,46.4962],[3.93597,46.49093],[3.95548,46.49172],[3.95812,46.4906],[3.95209,46.48142],[3.95405,46.47726],[3.9748,46.4797],[3.97838,46.47453],[3.99932,46.46451],[4.00153,46.45866],[3.99735,46.45158],[4.00574,46.44309],[4.0004,46.43928],[3.9945,46.43979],[3.9883,46.43645],[3.99599,46.42617],[3.98408,46.41964],[3.98886,46.40971],[3.97728,46.39969],[3.98303,46.3806],[3.9916,46.36963],[3.98482,46.32968],[3.98914,46.3271],[4.0047,46.32756],[3.99741,46.32329],[3.98803,46.32156],[3.98991,46.31518],[3.98734,46.31484],[3.98402,46.31872],[3.97506,46.32114],[3.96905,46.32199],[3.95899,46.319],[3.94578,46.32124],[3.94936,46.31256],[3.94544,46.30073],[3.93105,46.29605],[3.91248,46.29657],[3.89723,46.2926],[3.89931,46.28906],[3.89124,46.28525],[3.89324,46.28036],[3.90507,46.27292],[3.9094,46.25773],[3.90554,46.25204],[3.90998,46.24784],[3.90511,46.238],[3.89892,46.24068],[3.89775,46.23927],[3.89855,46.22576],[3.89013,46.21449],[3.89904,46.20989],[3.91357,46.20692],[3.91799,46.20285],[3.93459,46.20633],[3.95741,46.20452],[3.96461,46.20179],[3.97271,46.20279],[3.97097,46.18914],[3.97814,46.18602],[3.97971,46.17817],[3.98319,46.1774],[3.98485,46.17234],[3.99013,46.16911],[3.9934,46.17309],[4.00269,46.17047],[4.0184,46.17238],[4.02937,46.16916],[4.0343,46.17407],[4.05153,46.1812],[4.06018,46.18853],[4.06882,46.18637],[4.07545,46.19051],[4.0946,46.19282],[4.10383,46.19855],[4.12496,46.18352],[4.13329,46.18058],[4.13324,46.17734],[4.16609,46.17293],[4.187,46.17457],[4.18305,46.18604],[4.18498,46.19001],[4.18805,46.18841],[4.2079,46.19483],[4.2249,46.17775],[4.23658,46.18155],[4.24228,46.18879],[4.25194,46.18663],[4.25471,46.1881],[4.26352,46.17536],[4.257,46.17276],[4.25286,46.16697],[4.24866,46.16714],[4.24995,46.15814],[4.28104,46.15607],[4.28739,46.16065],[4.28899,46.17006],[4.29231,46.17248],[4.30573,46.17468],[4.3153,46.17064],[4.32735,46.18217],[4.32675,46.185],[4.33649,46.18104],[4.34208,46.18611],[4.34982,46.18722],[4.36096,46.18176],[4.36616,46.18591],[4.37072,46.18435],[4.37416,46.18687],[4.36848,46.19402],[4.36272,46.19479],[4.36277,46.19995],[4.37362,46.2046],[4.37508,46.2112],[4.38942,46.21305],[4.38677,46.23302],[4.39257,46.23552],[4.38542,46.24682],[4.39264,46.25136],[4.38928,46.25799],[4.39695,46.26686],[4.39723,46.28296],[4.40753,46.29262],[4.40608,46.29619],[4.42268,46.29495],[4.42717,46.30277],[4.43819,46.29804],[4.4399,46.29313],[4.45889,46.29694],[4.47601,46.28423],[4.48869,46.288],[4.50397,46.26724],[4.52124,46.27079],[4.53736,46.26998],[4.54636,46.27413],[4.54772,46.28515],[4.55328,46.2856],[4.553,46.29041],[4.56023,46.2952],[4.56988,46.29332],[4.57263,46.27608],[4.58298,46.27136],[4.58276,46.26963],[4.61305,46.26723],[4.61833,46.26495],[4.62165,46.27345],[4.61625,46.2823],[4.62692,46.28837],[4.63607,46.29025],[4.63526,46.30019],[4.65297,46.30419],[4.66399,46.2952],[4.67808,46.3005],[4.6761,46.30402],[4.67896,46.30634],[4.68476,46.30231],[4.69351,46.30245],[4.69477,46.29203],[4.69808,46.29141],[4.70457,46.28292],[4.70748,46.28478],[4.71013,46.27839],[4.70771,46.26971],[4.70424,46.27113],[4.70074,46.26744],[4.69249,46.27145],[4.68723,46.26555],[4.6799,46.26785],[4.67925,46.25872],[4.68378,46.25343],[4.68869,46.25432],[4.68826,46.24931],[4.69327,46.24836],[4.69831,46.25294],[4.70332,46.24996],[4.70526,46.2511],[4.71765,46.24407],[4.72006,46.24533],[4.72172,46.24054],[4.7244,46.24194],[4.73686,46.23251],[4.73244,46.22667],[4.72107,46.22962],[4.71922,46.22765],[4.72246,46.22604],[4.72052,46.22165],[4.73122,46.21893],[4.72909,46.2141],[4.73576,46.21189],[4.73439,46.20645],[4.7263,46.20831],[4.72072,46.20087],[4.72016,46.19414],[4.72527,46.18862],[4.72452,46.18422],[4.72956,46.18263],[4.72707,46.18004],[4.75863,46.17205],[4.76122,46.17625],[4.78045,46.17691],[4.78039,46.1896],[4.79304,46.20157],[4.79539,46.22007],[4.80811,46.23738],[4.81156,46.26116],[4.82578,46.27448],[4.83313,46.2998],[4.85265,46.32815],[4.85179,46.35641],[4.88847,46.40331],[4.89186,46.4414],[4.89634,46.44804],[4.91223,46.45917],[4.91555,46.46666],[4.91548,46.48883],[4.92551,46.49703],[4.93348,46.51248],[4.9357,46.51433],[4.94193,46.51211],[4.94149,46.51983],[4.943,46.51495],[4.95461,46.51239],[4.94394,46.51025],[4.94397,46.50532],[4.95033,46.50048],[4.95951,46.5078],[4.96355,46.50804],[4.96679,46.50539],[4.97081,46.5063],[4.97025,46.50894],[4.96249,46.51224],[4.98299,46.51556],[5.00458,46.50996],[5.01041,46.51121],[5.00938,46.50703],[5.0144,46.50036],[5.02614,46.4959],[5.02872,46.49177],[5.04054,46.49146],[5.05637,46.48374],[5.07639,46.48604],[5.0762,46.48877],[5.08703,46.49194],[5.0887,46.49569],[5.0957,46.49925],[5.10743,46.49186],[5.11464,46.49279],[5.11593,46.49601],[5.13674,46.5035],[5.13571,46.5094],[5.14655,46.50695],[5.15649,46.50749],[5.16646,46.50307],[5.1675,46.51911],[5.17267,46.51337],[5.18256,46.50946],[5.20157,46.50825],[5.20359,46.50482],[5.19918,46.50312],[5.20022,46.5012],[5.20609,46.4934],[5.21025,46.49291],[5.20608,46.48648],[5.21339,46.4847],[5.21447,46.48187],[5.20991,46.47897],[5.21638,46.47453],[5.21461,46.46866],[5.22501,46.46866],[5.23505,46.45789],[5.24182,46.46124],[5.248,46.45915],[5.25434,46.45603],[5.25838,46.44995],[5.26504,46.45136],[5.28378,46.44558],[5.29207,46.44995],[5.30665,46.44544],[5.31063,46.44694],[5.3145,46.44562],[5.31801,46.43263],[5.32456,46.42848],[5.30901,46.42454],[5.3075,46.4169],[5.31436,46.41639],[5.30746,46.41475],[5.30267,46.41692],[5.2989,46.41581],[5.29878,46.41308],[5.31465,46.40951],[5.32144,46.40405],[5.33092,46.40139],[5.33175,46.39803],[5.33479,46.39762],[5.33916,46.40207],[5.35124,46.39837],[5.35233,46.39305],[5.3629,46.39204],[5.3635,46.38887],[5.37076,46.38671],[5.37162,46.38279],[5.37786,46.38218],[5.36272,46.36944],[5.36972,46.36883],[5.36959,46.36661],[5.37718,46.36402],[5.37352,46.35219],[5.37946,46.34633],[5.40198,46.33904],[5.40483,46.31014],[5.41023,46.30911],[5.41726,46.34531],[5.42366,46.34768],[5.43715,46.31513],[5.4443,46.31871],[5.45707,46.31706],[5.4595,46.3234],[5.46692,46.32327],[5.4689,46.317],[5.4753,46.31538],[5.46595,46.29182],[5.46257,46.28944],[5.45891,46.29071],[5.45697,46.27555],[5.46183,46.27429],[5.46181,46.27163],[5.46918,46.27107],[5.46801,46.2689],[5.47385,46.26428],[5.48797,46.26816],[5.49959,46.2682],[5.50255,46.27109],[5.50841,46.26443],[5.51953,46.26432],[5.54173,46.26979],[5.55875,46.28303],[5.56592,46.29409],[5.58704,46.29253],[5.59681,46.29663],[5.60224,46.30763],[5.60708,46.31069],[5.6117,46.3255],[5.61578,46.32874],[5.63052,46.3302],[5.64337,46.34485],[5.64975,46.3403],[5.6499,46.33415],[5.64373,46.32518],[5.65272,46.32325],[5.66938,46.3238],[5.675,46.31904],[5.68371,46.31685],[5.68453,46.311],[5.68817,46.31015],[5.71462,46.30899],[5.71929,46.29346],[5.71449,46.28091],[5.72064,46.26915],[5.71946,46.26436],[5.72518,46.26069],[5.74427,46.26683],[5.76799,46.2682],[5.82625,46.2618],[5.84523,46.26302],[5.8529,46.26142],[5.86353,46.2713],[5.86949,46.26486],[5.87942,46.27],[5.89462,46.28664],[5.90913,46.28384],[5.91619,46.29291],[5.92016,46.30686],[5.9172,46.30764],[5.92177,46.31244],[5.92604,46.31381],[5.9414,46.30876],[5.96004,46.33462],[5.9798,46.35418],[5.98407,46.36388],[6.01473,46.37643],[6.01949,46.3822],[6.03586,46.39172],[6.05567,46.4158],[6.06015,46.41791],[6.06386,46.41639],[6.08641,46.44388],[6.07441,46.45351],[6.07691,46.4576],[6.07345,46.45988],[6.07279,46.46544],[6.0969,46.4813],[6.1126,46.50956],[6.13796,46.53099],[6.14368,46.52774],[6.15347,46.53679],[6.14858,46.53937],[6.15666,46.5453],[6.11047,46.57644],[6.1396,46.59762],[6.1612,46.60997],[6.17897,46.61575],[6.1795,46.6201],[6.1965,46.62866],[6.1995,46.63453],[6.2074,46.63562],[6.21902,46.64509],[6.22757,46.64819],[6.23276,46.65446],[6.26726,46.67621],[6.27019,46.67859],[6.26913,46.68255],[6.28199,46.69067],[6.29706,46.69428],[6.32511,46.70647],[6.34123,46.71012],[6.35214,46.71486],[6.36016,46.72309],[6.3717,46.72412],[6.3713,46.72918],[6.36778,46.72914],[6.38393,46.73103],[6.39202,46.73897],[6.3884,46.74329],[6.3952,46.74847],[6.43032,46.75679],[6.43937,46.76275],[6.43844,46.76668],[6.45226,46.77422],[6.45167,46.77863],[6.45842,46.78878],[6.43479,46.80149],[6.43104,46.81236],[6.44083,46.81582],[6.43951,46.82398],[6.44316,46.83271],[6.46003,46.8513],[6.46462,46.89036],[6.45792,46.90079],[6.43588,46.92164],[6.43269,46.92868],[6.45353,46.93874],[6.47775,46.96178],[6.49648,46.97414],[6.50481,46.96569],[6.51733,46.97056],[6.57188,46.98204],[6.59311,46.9918],[6.61797,46.99165],[6.64036,47.00281],[6.6591,47.02728],[6.67792,47.03549],[6.69654,47.03731],[6.71917,47.05118],[6.71116,47.05413],[6.70864,47.05808],[6.70186,47.0586],[6.69151,47.06667],[6.70656,47.07466],[6.70764,47.07915],[6.7037,47.08253],[6.72665,47.09195],[6.73143,47.08951],[6.74157,47.09093],[6.74641,47.09967],[6.74054,47.10962],[6.74633,47.10979],[6.76367,47.11999],[6.77468,47.12112],[6.80605,47.13071],[6.80923,47.13569],[6.81618,47.13625],[6.82835,47.14649],[6.8399,47.15062],[6.8403,47.15383],[6.8499,47.15644],[6.85818,47.16573],[6.84334,47.16723],[6.84106,47.17142],[6.86401,47.18043],[6.86728,47.18534],[6.87433,47.18583],[6.87406,47.19099],[6.8807,47.20055],[6.90976,47.21803],[6.92388,47.22214],[6.92765,47.22849],[6.94084,47.23153],[6.94313,47.23791],[6.95555,47.24302],[6.94754,47.25028],[6.95201,47.2699],[6.94102,47.28669],[6.95344,47.29225],[6.97369,47.29132],[6.97658,47.29635],[6.99598,47.29572],[7.00371,47.30158],[7.00976,47.30276],[7.01577,47.31332],[7.01299,47.3202],[7.0093,47.32031],[7.00999,47.32453],[7.03385,47.32831],[7.04564,47.3265],[7.05696,47.3344],[7.05293,47.33669],[7.05981,47.33975],[7.06239,47.34411],[7.04988,47.34771],[7.05279,47.35133],[7.04994,47.36143],[7.04313,47.36427],[7.03484,47.36335],[7.03408,47.36967],[7.02014,47.37034],[7.01557,47.37292],[6.99638,47.36361],[6.98246,47.36328],[6.97459,47.36014],[6.93311,47.35845],[6.92408,47.35518],[6.90197,47.35944],[6.88696,47.35329],[6.87906,47.35366],[6.88492,47.36743],[6.8836,47.37287],[6.89582,47.3799],[6.8951,47.38171],[6.90387,47.38263],[6.91351,47.38809],[6.90953,47.39619],[6.91549,47.39716],[6.91731,47.40267],[6.91325,47.40458],[6.91971,47.40663],[6.92063,47.40507],[6.93843,47.40608],[6.94155,47.4157],[6.9403,47.43332],[6.96371,47.43579],[6.97029,47.44711],[6.98098,47.44923],[6.99019,47.44798],[7.00218,47.45416],[6.99754,47.45643],[7.00129,47.46192],[7.00048,47.4672],[6.99171,47.4664],[6.99316,47.47072],[6.98644,47.47633],[6.98865,47.4869],[6.98286,47.4943],[6.98603,47.49334],[7.00374,47.50075],[7.02493,47.50429],[7.03694,47.49751],[7.04453,47.49845],[7.05243,47.49511],[7.06077,47.49539],[7.07207,47.49238],[7.07485,47.48819],[7.09423,47.49544],[7.11253,47.49511],[7.128,47.50388],[7.13026,47.50295]]]},"properties":{"code":"27","nom":"Bourgogne-Franche-Comté"}},
{"type":"Feature","geometry":{"type":"MultiPolygon","coordinates":[[[[1.38052,50.06572],[1.37405,50.06322],[1.37466,50.06026],[1.36821,50.06377],[1.36218,50.05887],[1.32917,50.04602],[1.31773,50.03639],[1.29849,50.02827],[1.24356,49.99344],[1.22737,49.98515],[1.21939,49.98501],[1.2077,49.97991],[1.21063,49.97843],[1.20492,49.97661],[1.20605,49.97481],[1.20086,49.97068],[1.19324,49.96725],[1.18314,49.96633],[1.16286,49.95638],[1.10576,49.93626],[1.09497,49.93436],[1.08895,49.93709],[1.08628,49.93585],[1.08846,49.9333],[1.08538,49.92726],[1.08075,49.92778],[1.08521,49.93021],[1.08319,49.93368],[1.06424,49.92519],[1.02295,49.91595],[0.96305,49.91969],[0.92504,49.90545],[0.88359,49.89612],[0.84277,49.88909],[0.83318,49.88923],[0.78716,49.8746],[0.72093,49.86924],[0.71188,49.87025],[0.70899,49.87317],[0.64334,49.86421],[0.63081,49.86032],[0.62833,49.86195],[0.59996,49.85308],[0.58043,49.85182],[0.53409,49.83385],[0.52223,49.82414],[0.51341,49.81962],[0.50727,49.81996],[0.49625,49.81574],[0.48779,49.80888],[0.38535,49.77081],[0.37003,49.76897],[0.3658,49.76514],[0.37348,49.76097],[0.3687,49.76275],[0.36685,49.76092],[0.36393,49.76406],[0.35711,49.75637],[0.3363,49.74673],[0.31199,49.73975],[0.3037,49.74168],[0.28725,49.7383],[0.25198,49.72353],[0.20631,49.71399],[0.2005,49.70762],[0.19389,49.70663],[0.16412,49.68671],[0.15735,49.66259],[0.1534,49.66177],[0.15133,49.66411],[0.14186,49.66938],[0.12423,49.67023],[0.14142,49.6691],[0.15077,49.66392],[0.15291,49.66014],[0.15052,49.65395],[0.15285,49.6441],[0.13309,49.61523],[0.1073,49.58474],[0.07242,49.53261],[0.06623,49.51017],[0.07082,49.50587],[0.08862,49.5],[0.09183,49.49256],[0.09682,49.49151],[0.09768,49.48651],[0.10167,49.48391],[0.11168,49.48615],[0.11097,49.48939],[0.11633,49.48435],[0.10571,49.4811],[0.13428,49.47685],[0.13405,49.47377],[0.12615,49.4748],[0.1393,49.47193],[0.14895,49.47106],[0.15757,49.47574],[0.16865,49.47606],[0.17546,49.47126],[0.1744,49.4687],[0.16838,49.47137],[0.15125,49.46708],[0.13593,49.46844],[0.1174,49.47146],[0.10362,49.47914],[0.09935,49.47907],[0.12083,49.4639],[0.17851,49.45585],[0.17635,49.45305],[0.16068,49.45421],[0.1517,49.45193],[0.1446,49.45536],[0.11659,49.45734],[0.14443,49.4552],[0.15189,49.45172],[0.16061,49.45405],[0.19307,49.45157],[0.2238,49.45423],[0.22595,49.45179],[0.22503,49.4506],[0.21574,49.45283],[0.2265,49.44949],[0.23099,49.44935],[0.23536,49.4534],[0.23984,49.4516],[0.24679,49.45483],[0.26915,49.45353],[0.27211,49.4425],[0.27306,49.45331],[0.33878,49.45002],[0.33721,49.43395],[0.27542,49.42867],[0.23261,49.42808],[0.23157,49.42663],[0.22312,49.42828],[0.17627,49.41271],[0.13057,49.4034],[0.11258,49.39527],[0.07565,49.36782],[0.07686,49.36522],[0.08255,49.36373],[0.07663,49.36436],[0.07048,49.36754],[0.04304,49.34692],[-0.00393,49.3245],[-0.07816,49.30447],[-0.08976,49.29492],[-0.09911,49.29266],[-0.1001,49.2941],[-0.09422,49.29506],[-0.10203,49.29512],[-0.10701,49.28793],[-0.11173,49.28586],[-0.1037,49.29571],[-0.09212,49.29795],[-0.1611,49.28721],[-0.22881,49.28607],[-0.22785,49.28387],[-0.22363,49.28419],[-0.22617,49.28247],[-0.22204,49.27829],[-0.22359,49.27253],[-0.21906,49.27109],[-0.23132,49.26469],[-0.24418,49.26596],[-0.24924,49.26001],[-0.25208,49.26158],[-0.24538,49.2734],[-0.22725,49.27626],[-0.24612,49.27924],[-0.24548,49.28294],[-0.24964,49.28117],[-0.24694,49.29233],[-0.27037,49.2919],[-0.29897,49.29759],[-0.35845,49.32195],[-0.39592,49.33325],[-0.41379,49.33578],[-0.45748,49.33648],[-0.46157,49.33361],[-0.45801,49.33757],[-0.51777,49.34523],[-0.55844,49.34596],[-0.60471,49.33975],[-0.62553,49.34072],[-0.64987,49.34665],[-0.72377,49.34701],[-0.79869,49.35401],[-0.83347,49.35873],[-0.86942,49.36766],[-0.90233,49.37916],[-0.92534,49.39235],[-0.9675,49.39684],[-0.97627,49.39496],[-0.98921,49.39738],[-0.99632,49.39474],[-1.00783,49.39603],[-1.02806,49.3898],[-1.07023,49.3905],[-1.08809,49.38291],[-1.11928,49.35959],[-1.11455,49.35032],[-1.11244,49.32636],[-1.10156,49.3206],[-1.11307,49.32619],[-1.14028,49.3087],[-1.11487,49.32578],[-1.11802,49.34492],[-1.13651,49.35449],[-1.13904,49.3586],[-1.15525,49.36239],[-1.16033,49.35763],[-1.17073,49.35745],[-1.19225,49.33768],[-1.21356,49.33065],[-1.2252,49.31797],[-1.22395,49.31179],[-1.23075,49.30771],[-1.2243,49.31241],[-1.22549,49.31716],[-1.2391,49.32596],[-1.2253,49.31965],[-1.21385,49.33159],[-1.20299,49.33462],[-1.19859,49.33888],[-1.19359,49.33888],[-1.1833,49.34615],[-1.18143,49.35428],[-1.18559,49.35681],[-1.18325,49.36283],[-1.17649,49.3666],[-1.17917,49.37768],[-1.16668,49.38353],[-1.16241,49.39401],[-1.16655,49.4058],[-1.16432,49.4025],[-1.16405,49.4042],[-1.16877,49.41039],[-1.25019,49.47907],[-1.28832,49.51803],[-1.29274,49.51663],[-1.28929,49.5188],[-1.29108,49.5225],[-1.30733,49.5412],[-1.30977,49.55051],[-1.30617,49.56886],[-1.29596,49.58354],[-1.28573,49.58731],[-1.27139,49.58474],[-1.26801,49.58238],[-1.275,49.57786],[-1.27391,49.57162],[-1.26818,49.58187],[-1.26216,49.58543],[-1.26662,49.59272],[-1.25597,49.61235],[-1.2488,49.61256],[-1.22892,49.60635],[-1.22823,49.62305],[-1.24365,49.64836],[-1.23874,49.65062],[-1.23969,49.65462],[-1.25244,49.66212],[-1.25715,49.6705],[-1.26295,49.66837],[-1.26326,49.67111],[-1.25893,49.67324],[-1.27264,49.67916],[-1.27217,49.68482],[-1.26582,49.6909],[-1.26787,49.69523],[-1.27932,49.69274],[-1.27878,49.69432],[-1.29552,49.69337],[-1.33312,49.70205],[-1.347,49.7013],[-1.35746,49.70509],[-1.37204,49.70667],[-1.39139,49.70629],[-1.41364,49.70129],[-1.41993,49.7043],[-1.43496,49.70082],[-1.44415,49.69446],[-1.45485,49.69114],[-1.47312,49.69692],[-1.47793,49.69001],[-1.47257,49.68638],[-1.47485,49.68194],[-1.48494,49.67784],[-1.48785,49.6681],[-1.49327,49.67023],[-1.50726,49.66154],[-1.52328,49.65646],[-1.52807,49.65852],[-1.53141,49.6551],[-1.54214,49.65391],[-1.55524,49.6539],[-1.56917,49.65699],[-1.5868,49.65101],[-1.6,49.66057],[-1.60563,49.65841],[-1.60263,49.64649],[-1.60826,49.64606],[-1.60953,49.64403],[-1.61346,49.64874],[-1.61492,49.64307],[-1.61805,49.6486],[-1.62065,49.63921],[-1.62026,49.64447],[-1.62347,49.64472],[-1.62789,49.65264],[-1.63537,49.65109],[-1.63627,49.65365],[-1.63168,49.65328],[-1.62965,49.65976],[-1.61624,49.65814],[-1.63315,49.66027],[-1.65205,49.65633],[-1.67278,49.65824],[-1.68418,49.66591],[-1.68091,49.67228],[-1.687,49.67379],[-1.70086,49.66995],[-1.70908,49.67285],[-1.71196,49.67815],[-1.71889,49.67983],[-1.7299,49.67741],[-1.75717,49.67807],[-1.77412,49.68042],[-1.79835,49.6883],[-1.82317,49.69021],[-1.83949,49.71126],[-1.85094,49.71345],[-1.85171,49.71771],[-1.86194,49.71508],[-1.87356,49.70744],[-1.88602,49.70605],[-1.89651,49.71115],[-1.8951,49.71562],[-1.90644,49.722],[-1.91168,49.7215],[-1.91269,49.72375],[-1.92229,49.72657],[-1.94153,49.72576],[-1.9486,49.71568],[-1.94339,49.71437],[-1.94776,49.70713],[-1.94386,49.69805],[-1.93785,49.69579],[-1.93587,49.69035],[-1.94707,49.6751],[-1.94137,49.675],[-1.93522,49.67172],[-1.92933,49.67219],[-1.92809,49.66898],[-1.9172,49.66599],[-1.89931,49.66636],[-1.88831,49.65994],[-1.87214,49.65711],[-1.8596,49.64907],[-1.84672,49.62425],[-1.84253,49.60529],[-1.84145,49.5721],[-1.84665,49.56369],[-1.85346,49.5614],[-1.85833,49.55129],[-1.88134,49.5433],[-1.88759,49.53573],[-1.88365,49.54028],[-1.88491,49.53479],[-1.8886,49.53353],[-1.88369,49.52147],[-1.87554,49.51507],[-1.85329,49.51071],[-1.85008,49.50784],[-1.84523,49.49427],[-1.84431,49.4772],[-1.84687,49.47445],[-1.84514,49.47115],[-1.83975,49.47197],[-1.83574,49.46855],[-1.8243,49.44889],[-1.82287,49.40129],[-1.80913,49.37253],[-1.79587,49.37277],[-1.78977,49.37015],[-1.78649,49.37717],[-1.77238,49.37999],[-1.77055,49.37571],[-1.76092,49.37304],[-1.76462,49.37094],[-1.77532,49.37477],[-1.77814,49.37349],[-1.78527,49.37577],[-1.78743,49.3737],[-1.77579,49.37037],[-1.76361,49.3624],[-1.73932,49.34317],[-1.72466,49.3278],[-1.71951,49.32535],[-1.71254,49.32781],[-1.71818,49.32723],[-1.71752,49.32961],[-1.70756,49.3289],[-1.71776,49.33133],[-1.70989,49.33605],[-1.71791,49.34651],[-1.70176,49.34096],[-1.70169,49.33592],[-1.69582,49.33105],[-1.68696,49.33047],[-1.68808,49.32743],[-1.69246,49.3275],[-1.69886,49.32367],[-1.70905,49.3269],[-1.70778,49.31818],[-1.68671,49.28962],[-1.67512,49.2877],[-1.6721,49.28491],[-1.66503,49.28684],[-1.65725,49.28157],[-1.6591,49.27867],[-1.66463,49.28202],[-1.66924,49.27935],[-1.67479,49.28027],[-1.67667,49.28664],[-1.67911,49.28369],[-1.6632,49.26384],[-1.64559,49.22799],[-1.62976,49.21281],[-1.62351,49.2111],[-1.62561,49.22351],[-1.61282,49.23452],[-1.60867,49.23174],[-1.58525,49.2334],[-1.56734,49.2211],[-1.57819,49.22285],[-1.59958,49.21703],[-1.60768,49.21941],[-1.61039,49.217],[-1.61481,49.21821],[-1.60313,49.20629],[-1.60701,49.19728],[-1.59902,49.17107],[-1.59509,49.1392],[-1.59183,49.13457],[-1.60734,49.10752],[-1.61064,49.09218],[-1.60989,49.07651],[-1.60853,49.0826],[-1.60702,49.07843],[-1.60288,49.07834],[-1.59739,49.07331],[-1.60212,49.06895],[-1.59544,49.06673],[-1.60082,49.05333],[-1.60457,49.06022],[-1.59687,49.03127],[-1.58171,49.00008],[-1.57923,49.00017],[-1.58078,49.00441],[-1.57512,49.0012],[-1.57482,49.00277],[-1.57857,49.00624],[-1.57487,49.00757],[-1.57885,49.01165],[-1.57788,49.02016],[-1.56907,49.02797],[-1.56974,49.03172],[-1.56008,49.03829],[-1.55914,49.03648],[-1.54675,49.03744],[-1.54225,49.04076],[-1.53426,49.03838],[-1.50799,49.02593],[-1.50553,49.02025],[-1.50864,49.01882],[-1.51003,49.02174],[-1.5248,49.02746],[-1.53345,49.0341],[-1.53951,49.03434],[-1.55676,49.02664],[-1.55416,49.02486],[-1.55448,49.01559],[-1.55738,49.01282],[-1.55095,49.00359],[-1.54866,48.99036],[-1.55174,48.9859],[-1.55148,48.99155],[-1.55683,49.00012],[-1.56051,48.99798],[-1.55837,48.98794],[-1.56224,48.97718],[-1.56264,48.94309],[-1.56042,48.94005],[-1.55119,48.94101],[-1.54644,48.93913],[-1.54318,48.93165],[-1.53929,48.93241],[-1.54826,48.9252],[-1.55123,48.90309],[-1.54872,48.89342],[-1.55486,48.8937],[-1.55461,48.90084],[-1.56222,48.91303],[-1.56163,48.91793],[-1.5567,48.9225],[-1.56024,48.92389],[-1.55734,48.93028],[-1.56472,48.92291],[-1.57509,48.87231],[-1.58282,48.85238],[-1.5859,48.84748],[-1.59801,48.8395],[-1.61435,48.83405],[-1.6081,48.83301],[-1.60503,48.83554],[-1.60184,48.83248],[-1.59912,48.83546],[-1.59393,48.83473],[-1.59064,48.83113],[-1.58459,48.83081],[-1.5826,48.82648],[-1.57817,48.82579],[-1.57419,48.82149],[-1.5721,48.80735],[-1.56696,48.80135],[-1.56998,48.80081],[-1.57028,48.77055],[-1.57415,48.75595],[-1.57043,48.74372],[-1.55397,48.73333],[-1.52916,48.72999],[-1.51908,48.7193],[-1.51471,48.70149],[-1.50227,48.68546],[-1.49668,48.68359],[-1.48586,48.68641],[-1.47241,48.68116],[-1.46419,48.67398],[-1.44936,48.67],[-1.44614,48.65435],[-1.43942,48.65528],[-1.43221,48.66657],[-1.42492,48.66603],[-1.4195,48.67006],[-1.39762,48.67363],[-1.39339,48.67664],[-1.38695,48.67595],[-1.38389,48.68334],[-1.38057,48.68599],[-1.37617,48.68629],[-1.37566,48.68829],[-1.37851,48.68898],[-1.37919,48.6896],[-1.37881,48.69009],[-1.37281,48.69287],[-1.3739,48.69152],[-1.3788,48.68982],[-1.378,48.68897],[-1.37619,48.68879],[-1.37526,48.68804],[-1.3761,48.68592],[-1.38016,48.68601],[-1.38373,48.68314],[-1.38715,48.6728],[-1.39882,48.66397],[-1.40094,48.65834],[-1.39355,48.65081],[-1.37957,48.65137],[-1.37251,48.64611],[-1.3637,48.646],[-1.36269,48.63586],[-1.35073,48.63192],[-1.363,48.63447],[-1.36483,48.64476],[-1.38179,48.64248],[-1.38193,48.64071],[-1.39196,48.64478],[-1.39806,48.64153],[-1.40397,48.64372],[-1.42143,48.63951],[-1.42563,48.64357],[-1.42956,48.64062],[-1.42573,48.63797],[-1.44975,48.62301],[-1.45428,48.62588],[-1.47667,48.61868],[-1.48794,48.61975],[-1.48971,48.61648],[-1.49527,48.62046],[-1.51597,48.61824],[-1.51895,48.62713],[-1.54,48.631],[-1.57091,48.6263],[-1.56559,48.61962],[-1.56594,48.6144],[-1.54401,48.60608],[-1.54684,48.60147],[-1.53726,48.59893],[-1.54427,48.58713],[-1.54311,48.57993],[-1.53163,48.58093],[-1.51897,48.56667],[-1.52243,48.56358],[-1.52728,48.5654],[-1.52432,48.56202],[-1.52938,48.56022],[-1.52642,48.55672],[-1.53351,48.55324],[-1.53296,48.54616],[-1.52938,48.54601],[-1.52989,48.54413],[-1.5167,48.53721],[-1.51786,48.5298],[-1.5107,48.52698],[-1.51188,48.52384],[-1.50465,48.51935],[-1.50597,48.51621],[-1.49556,48.50868],[-1.48972,48.49618],[-1.48992,48.48932],[-1.48425,48.49134],[-1.48228,48.48684],[-1.47364,48.48529],[-1.46639,48.48846],[-1.45942,48.48475],[-1.44976,48.48755],[-1.43488,48.47792],[-1.44054,48.47115],[-1.42927,48.46224],[-1.4219,48.46034],[-1.41526,48.46289],[-1.40756,48.46009],[-1.39702,48.46223],[-1.38006,48.45587],[-1.36771,48.46207],[-1.36564,48.46614],[-1.35347,48.468],[-1.35027,48.47161],[-1.34475,48.47287],[-1.34945,48.48169],[-1.34119,48.48992],[-1.33712,48.49118],[-1.32874,48.48625],[-1.33146,48.49262],[-1.3284,48.49272],[-1.32799,48.49804],[-1.32139,48.50013],[-1.31766,48.49604],[-1.30064,48.49904],[-1.2875,48.50959],[-1.27903,48.50929],[-1.27741,48.51594],[-1.26969,48.52401],[-1.26861,48.52966],[-1.27276,48.53389],[-1.25179,48.54378],[-1.23887,48.53772],[-1.21733,48.53704],[-1.21371,48.53944],[-1.20645,48.539],[-1.20685,48.54232],[-1.19859,48.53144],[-1.19289,48.52881],[-1.18308,48.52827],[-1.17008,48.53123],[-1.15425,48.51918],[-1.14219,48.51788],[-1.13345,48.52225],[-1.11723,48.52172],[-1.11503,48.51834],[-1.10391,48.51312],[-1.07008,48.50882],[-1.06163,48.51094],[-1.06121,48.51558],[-1.05432,48.50988],[-1.04903,48.51017],[-1.04572,48.50643],[-1.03807,48.50569],[-1.03582,48.50169],[-1.02339,48.49896],[-1.0169,48.49209],[-1.01172,48.49302],[-1.00295,48.48909],[-0.98998,48.49381],[-0.97266,48.49428],[-0.97135,48.50081],[-0.96664,48.50001],[-0.96238,48.50355],[-0.96325,48.51288],[-0.95541,48.51728],[-0.94629,48.51413],[-0.92382,48.51339],[-0.92051,48.50981],[-0.92223,48.50299],[-0.90577,48.49606],[-0.89913,48.4978],[-0.89374,48.49455],[-0.88085,48.49939],[-0.86986,48.49817],[-0.86028,48.50151],[-0.85045,48.49763],[-0.84551,48.49906],[-0.8402,48.49391],[-0.8377,48.48451],[-0.83164,48.48435],[-0.8327,48.47976],[-0.82631,48.47898],[-0.82655,48.47593],[-0.82109,48.47611],[-0.81473,48.47215],[-0.81829,48.46857],[-0.81534,48.46768],[-0.81606,48.45848],[-0.8125,48.45503],[-0.79867,48.45922],[-0.79554,48.46617],[-0.78469,48.46405],[-0.77789,48.46553],[-0.77979,48.44606],[-0.76685,48.44075],[-0.76456,48.43634],[-0.75908,48.43616],[-0.74765,48.43897],[-0.74736,48.44138],[-0.73531,48.44565],[-0.72728,48.44479],[-0.71484,48.44909],[-0.71495,48.45449],[-0.72545,48.45547],[-0.72767,48.45936],[-0.73598,48.46138],[-0.73683,48.46527],[-0.73076,48.47309],[-0.72494,48.47345],[-0.72198,48.47038],[-0.71367,48.46925],[-0.70532,48.47569],[-0.69974,48.47394],[-0.70376,48.47079],[-0.70176,48.46722],[-0.69219,48.46806],[-0.68218,48.47094],[-0.68557,48.4772],[-0.67526,48.48066],[-0.6768,48.48418],[-0.67446,48.48513],[-0.67019,48.48252],[-0.6688,48.48655],[-0.66586,48.48583],[-0.66038,48.48037],[-0.66306,48.47743],[-0.65569,48.47475],[-0.65984,48.46924],[-0.65355,48.45962],[-0.65573,48.44797],[-0.65108,48.44395],[-0.62502,48.45728],[-0.61574,48.45882],[-0.59534,48.47263],[-0.57287,48.4686],[-0.56565,48.47697],[-0.56018,48.4722],[-0.55153,48.47325],[-0.54961,48.48032],[-0.53924,48.48419],[-0.53771,48.49042],[-0.52825,48.49649],[-0.52131,48.49524],[-0.51653,48.4981],[-0.51691,48.50409],[-0.50946,48.50888],[-0.50476,48.50592],[-0.49953,48.50746],[-0.4997,48.50415],[-0.49314,48.50182],[-0.48843,48.50147],[-0.48827,48.50408],[-0.4847,48.50427],[-0.47828,48.50159],[-0.46837,48.50876],[-0.46953,48.5123],[-0.46265,48.51352],[-0.45665,48.51185],[-0.44774,48.51533],[-0.43859,48.51165],[-0.43373,48.51371],[-0.42396,48.50686],[-0.41628,48.50793],[-0.40745,48.50558],[-0.39819,48.50874],[-0.39918,48.51037],[-0.39517,48.51028],[-0.39114,48.50873],[-0.39307,48.50109],[-0.38313,48.49679],[-0.36655,48.49383],[-0.36822,48.48787],[-0.35316,48.48372],[-0.34937,48.48885],[-0.35593,48.49571],[-0.35095,48.50054],[-0.33719,48.50079],[-0.33614,48.50947],[-0.3201,48.52312],[-0.29355,48.51523],[-0.2881,48.51936],[-0.28481,48.51626],[-0.28519,48.50636],[-0.27147,48.50741],[-0.26783,48.51696],[-0.27362,48.51811],[-0.26329,48.52307],[-0.2611,48.52707],[-0.25101,48.52692],[-0.2413,48.5366],[-0.24621,48.54267],[-0.26257,48.5483],[-0.24626,48.55816],[-0.24884,48.56364],[-0.24618,48.56638],[-0.24264,48.56799],[-0.23433,48.56181],[-0.22032,48.56055],[-0.21715,48.55801],[-0.20823,48.56423],[-0.19399,48.55479],[-0.19,48.54905],[-0.18058,48.54498],[-0.1802,48.54176],[-0.17346,48.54142],[-0.17028,48.53731],[-0.14437,48.52773],[-0.14587,48.52035],[-0.14943,48.51864],[-0.15511,48.52074],[-0.17254,48.51051],[-0.17209,48.50213],[-0.16856,48.50344],[-0.15613,48.49599],[-0.15545,48.48694],[-0.14916,48.48066],[-0.15259,48.47668],[-0.14807,48.47404],[-0.15055,48.46514],[-0.14673,48.45643],[-0.12489,48.44943],[-0.10635,48.44771],[-0.07312,48.45059],[-0.07066,48.45842],[-0.05101,48.45297],[-0.04981,48.44441],[-0.05728,48.42914],[-0.05262,48.42496],[-0.05772,48.4209],[-0.0523,48.41322],[-0.05776,48.4085],[-0.05516,48.40721],[-0.05633,48.39563],[-0.05252,48.3925],[-0.05798,48.38728],[-0.05388,48.38197],[-0.05492,48.37828],[-0.04967,48.37545],[-0.05149,48.37981],[-0.0369,48.3807],[-0.03511,48.38636],[-0.02127,48.38544],[-0.02017,48.39392],[-0.01157,48.39363],[-0.00966,48.39606],[-0.00678,48.39493],[-0.00148,48.39749],[0.00317,48.39616],[0.00357,48.38879],[0.00923,48.39069],[0.01647,48.38133],[0.06118,48.37985],[0.06235,48.38289],[0.05382,48.3919],[0.07055,48.40909],[0.07623,48.40817],[0.08327,48.41103],[0.09987,48.41019],[0.11044,48.42323],[0.10646,48.4266],[0.11743,48.43638],[0.12508,48.43451],[0.13379,48.43703],[0.15096,48.43732],[0.15768,48.44075],[0.15843,48.44401],[0.14538,48.45244],[0.14367,48.4553],[0.14646,48.45768],[0.15205,48.45751],[0.1623,48.45091],[0.17132,48.44949],[0.17362,48.45084],[0.16969,48.46173],[0.17343,48.4653],[0.18194,48.46523],[0.1901,48.4619],[0.21327,48.47346],[0.2312,48.47249],[0.24089,48.47599],[0.24882,48.47395],[0.25939,48.47703],[0.26545,48.48503],[0.2758,48.47917],[0.28357,48.4815],[0.2886,48.47847],[0.30105,48.48032],[0.30419,48.47513],[0.30935,48.47419],[0.31022,48.47199],[0.32676,48.47175],[0.32931,48.46835],[0.33768,48.46591],[0.33551,48.46359],[0.33843,48.46179],[0.3461,48.45869],[0.35268,48.45975],[0.35666,48.45791],[0.36551,48.44821],[0.36781,48.43773],[0.38262,48.42513],[0.38103,48.41628],[0.37153,48.41083],[0.37622,48.39138],[0.37386,48.38697],[0.37987,48.38023],[0.37943,48.36647],[0.38332,48.3622],[0.38357,48.35266],[0.38652,48.35256],[0.38809,48.34897],[0.38407,48.34313],[0.3805,48.34319],[0.38267,48.33393],[0.39571,48.32033],[0.39878,48.32049],[0.40599,48.31483],[0.41279,48.31734],[0.41179,48.32079],[0.41636,48.32236],[0.42603,48.31801],[0.43119,48.30672],[0.44278,48.30461],[0.46624,48.30597],[0.48054,48.29854],[0.49024,48.30962],[0.50749,48.29534],[0.4958,48.28827],[0.49459,48.28196],[0.50331,48.27783],[0.50244,48.27562],[0.50804,48.27345],[0.51269,48.2677],[0.51662,48.26923],[0.51812,48.26687],[0.53262,48.26478],[0.5385,48.25709],[0.5374,48.24924],[0.54696,48.25058],[0.56083,48.24597],[0.60756,48.24467],[0.61142,48.24216],[0.62366,48.24545],[0.63022,48.24166],[0.62796,48.23767],[0.63188,48.23463],[0.63852,48.23545],[0.6311,48.25258],[0.63328,48.25747],[0.63884,48.26074],[0.65178,48.26422],[0.66454,48.26103],[0.67342,48.25472],[0.68308,48.25504],[0.682,48.24903],[0.68824,48.24605],[0.68606,48.24071],[0.69982,48.23213],[0.70002,48.22857],[0.70675,48.22266],[0.70448,48.21896],[0.71568,48.21478],[0.72357,48.19831],[0.73005,48.20096],[0.73765,48.18925],[0.75769,48.17989],[0.79786,48.19477],[0.8088,48.19761],[0.80544,48.2055],[0.81475,48.20574],[0.82188,48.20997],[0.83062,48.21072],[0.83034,48.21379],[0.81706,48.2305],[0.81023,48.23368],[0.81203,48.23462],[0.80069,48.24729],[0.80121,48.25126],[0.79135,48.26107],[0.78746,48.26186],[0.79179,48.26505],[0.78587,48.27114],[0.79216,48.27799],[0.79333,48.28398],[0.79644,48.28711],[0.80767,48.28983],[0.79363,48.29297],[0.7785,48.3034],[0.76923,48.30251],[0.76264,48.29818],[0.75602,48.3006],[0.76246,48.31056],[0.77044,48.31463],[0.76806,48.31539],[0.76891,48.32182],[0.78423,48.33362],[0.7854,48.34046],[0.79146,48.3428],[0.80683,48.34417],[0.81289,48.34944],[0.81844,48.34955],[0.82799,48.34231],[0.83137,48.3454],[0.84237,48.34656],[0.84405,48.35064],[0.84051,48.3504],[0.83993,48.35272],[0.85227,48.34846],[0.86195,48.35095],[0.87137,48.35959],[0.87558,48.35542],[0.8835,48.35654],[0.90063,48.37398],[0.90914,48.37031],[0.91638,48.37448],[0.91419,48.37923],[0.9179,48.37719],[0.92272,48.38353],[0.92629,48.38418],[0.92892,48.39069],[0.94059,48.39832],[0.95043,48.39945],[0.94373,48.41007],[0.94442,48.41711],[0.9548,48.42238],[0.95766,48.42823],[0.97116,48.43446],[0.97656,48.44114],[0.97352,48.4438],[0.96909,48.44131],[0.95591,48.44441],[0.94769,48.45598],[0.93897,48.46084],[0.93569,48.4756],[0.95637,48.48244],[0.95542,48.49286],[0.94979,48.49348],[0.94147,48.49883],[0.95344,48.50314],[0.96742,48.52385],[0.95205,48.52635],[0.94467,48.53088],[0.93297,48.53259],[0.92252,48.53774],[0.93213,48.54668],[0.93933,48.54918],[0.92572,48.55986],[0.92366,48.55826],[0.89413,48.57169],[0.88048,48.57425],[0.86834,48.57278],[0.85064,48.58263],[0.8471,48.60969],[0.83979,48.60822],[0.83074,48.61113],[0.81964,48.60987],[0.81723,48.61568],[0.8257,48.62932],[0.83176,48.63342],[0.82468,48.63377],[0.82164,48.63623],[0.82442,48.64994],[0.81855,48.65379],[0.81765,48.65977],[0.80969,48.66245],[0.8114,48.66739],[0.82726,48.68072],[0.83435,48.68109],[0.84044,48.67846],[0.85382,48.68556],[0.86402,48.68781],[0.86078,48.6933],[0.86868,48.69892],[0.86661,48.70364],[0.87256,48.71323],[0.89025,48.72037],[0.89936,48.7105],[0.92009,48.7124],[0.92116,48.70915],[0.9369,48.71383],[0.94602,48.71321],[0.95597,48.71732],[0.96145,48.7258],[0.97823,48.7309],[0.98507,48.72593],[0.99047,48.7256],[0.9974,48.72827],[1.01683,48.72842],[1.02205,48.73483],[1.02905,48.72872],[1.03287,48.72852],[1.03754,48.73157],[1.03415,48.73387],[1.03508,48.74077],[1.04524,48.7437],[1.04691,48.74843],[1.06416,48.7595],[1.06826,48.7575],[1.06974,48.74875],[1.07965,48.7525],[1.08259,48.75172],[1.08658,48.75735],[1.0923,48.75],[1.096,48.74875],[1.10146,48.75366],[1.10334,48.74916],[1.10958,48.75039],[1.11389,48.74608],[1.11269,48.75186],[1.11957,48.75575],[1.1181,48.76607],[1.12784,48.76615],[1.12046,48.77064],[1.11738,48.78449],[1.12138,48.78923],[1.13539,48.78531],[1.15186,48.78593],[1.14904,48.77776],[1.16118,48.77022],[1.15898,48.76932],[1.18741,48.77305],[1.20825,48.76636],[1.22305,48.75798],[1.23274,48.76335],[1.22439,48.76336],[1.22288,48.76734],[1.24331,48.76968],[1.2566,48.76572],[1.25462,48.75854],[1.25673,48.75814],[1.27015,48.75756],[1.27087,48.76272],[1.28744,48.76413],[1.29641,48.76814],[1.31148,48.76492],[1.31955,48.76082],[1.32928,48.76082],[1.35271,48.77886],[1.36146,48.78015],[1.36511,48.78398],[1.375,48.78129],[1.37715,48.79159],[1.35581,48.81672],[1.35943,48.82057],[1.35841,48.82859],[1.36177,48.8341],[1.38991,48.84632],[1.3962,48.85187],[1.39655,48.8556],[1.40593,48.86115],[1.42386,48.86132],[1.43025,48.86631],[1.44087,48.86476],[1.46071,48.87258],[1.46462,48.8768],[1.47161,48.89747],[1.46188,48.89934],[1.46049,48.90967],[1.45521,48.91329],[1.45947,48.91454],[1.4478,48.92461],[1.45864,48.9279],[1.46114,48.93751],[1.48038,48.94049],[1.49225,48.93624],[1.5014,48.94103],[1.51088,48.95359],[1.5005,48.95191],[1.49519,48.95681],[1.49901,48.95684],[1.4988,48.96028],[1.49183,48.96463],[1.49664,48.96947],[1.51827,48.9784],[1.51242,48.97866],[1.5079,48.98386],[1.49843,48.97908],[1.48133,48.97847],[1.4787,48.98068],[1.47526,48.97948],[1.4776,48.97699],[1.47098,48.97495],[1.46149,48.98895],[1.47174,48.98972],[1.46907,48.99322],[1.48067,49.00104],[1.48001,49.00725],[1.47388,49.00966],[1.47701,49.01682],[1.45799,49.02597],[1.45824,49.03454],[1.4463,49.04633],[1.45277,49.05037],[1.44729,49.0535],[1.45729,49.05769],[1.46179,49.06397],[1.48032,49.05192],[1.48709,49.05158],[1.49341,49.05686],[1.50293,49.0593],[1.50965,49.06628],[1.51427,49.07938],[1.50666,49.08413],[1.50793,49.08541],[1.51785,49.07917],[1.51668,49.07614],[1.52302,49.0682],[1.54166,49.07374],[1.5579,49.06911],[1.56884,49.07298],[1.57287,49.07806],[1.60503,49.08517],[1.60704,49.08411],[1.60351,49.08332],[1.60875,49.07771],[1.62341,49.086],[1.61922,49.08771],[1.62263,49.0934],[1.61758,49.09402],[1.62138,49.10072],[1.62668,49.10223],[1.6297,49.11016],[1.64241,49.1166],[1.64642,49.12374],[1.65785,49.13194],[1.65667,49.13757],[1.65265,49.135],[1.65313,49.14493],[1.66446,49.15343],[1.6607,49.15759],[1.67017,49.17014],[1.66609,49.17675],[1.67162,49.18075],[1.66918,49.18746],[1.6769,49.20266],[1.67221,49.20634],[1.67485,49.21167],[1.68858,49.21855],[1.69254,49.22389],[1.69767,49.22404],[1.70435,49.23243],[1.69896,49.23501],[1.70195,49.24188],[1.69865,49.24726],[1.70118,49.25272],[1.70782,49.25519],[1.70892,49.26477],[1.72619,49.26477],[1.73644,49.27032],[1.75039,49.26751],[1.7589,49.2722],[1.75656,49.26621],[1.75904,49.26276],[1.765,49.26341],[1.76681,49.26145],[1.76694,49.25204],[1.77945,49.2485],[1.7891,49.24903],[1.7903,49.24682],[1.78943,49.25369],[1.80227,49.27188],[1.8024,49.2735],[1.79351,49.27428],[1.79746,49.2799],[1.79401,49.2829],[1.79795,49.28526],[1.79757,49.28849],[1.79034,49.28851],[1.7844,49.29321],[1.77797,49.29205],[1.77789,49.28962],[1.77234,49.29114],[1.77505,49.30562],[1.77018,49.31091],[1.77211,49.31407],[1.76715,49.31606],[1.77419,49.3375],[1.76788,49.33983],[1.75805,49.35703],[1.76142,49.36059],[1.75953,49.36822],[1.75677,49.37059],[1.74783,49.3717],[1.74498,49.38034],[1.73621,49.38376],[1.73011,49.39068],[1.72121,49.39308],[1.71994,49.39549],[1.74049,49.40559],[1.73442,49.40733],[1.71649,49.40334],[1.71397,49.40701],[1.71637,49.41689],[1.72425,49.42228],[1.72083,49.42423],[1.72364,49.42736],[1.72265,49.43286],[1.72824,49.43732],[1.72446,49.44111],[1.73352,49.44113],[1.73805,49.44904],[1.75122,49.45243],[1.74752,49.45951],[1.7759,49.47141],[1.77595,49.47603],[1.77266,49.4781],[1.77629,49.48267],[1.77199,49.48495],[1.77914,49.49085],[1.78899,49.49043],[1.78754,49.49347],[1.79078,49.49801],[1.78517,49.49876],[1.79027,49.50347],[1.77134,49.5131],[1.76681,49.50945],[1.75947,49.51136],[1.75631,49.5053],[1.74852,49.50381],[1.75264,49.49734],[1.7451,49.48887],[1.74008,49.49939],[1.72534,49.49967],[1.7251,49.50315],[1.71646,49.50377],[1.71559,49.5059],[1.72153,49.51113],[1.7377,49.52001],[1.7403,49.5186],[1.73532,49.52495],[1.74416,49.52919],[1.74183,49.53303],[1.74783,49.53871],[1.73928,49.54336],[1.7322,49.54126],[1.7228,49.54424],[1.73087,49.55631],[1.72682,49.55802],[1.73,49.5614],[1.71399,49.57761],[1.70106,49.57708],[1.70225,49.57546],[1.69769,49.57228],[1.69445,49.57504],[1.70082,49.57968],[1.69039,49.57995],[1.69749,49.58265],[1.7059,49.57985],[1.72008,49.58168],[1.72222,49.58905],[1.70892,49.58706],[1.70532,49.59085],[1.70882,49.59494],[1.69391,49.60115],[1.69991,49.60254],[1.71065,49.6126],[1.71787,49.61468],[1.72152,49.62317],[1.71728,49.6331],[1.69865,49.64453],[1.70839,49.64632],[1.71279,49.65482],[1.72144,49.65862],[1.72288,49.67235],[1.7338,49.6739],[1.75237,49.68069],[1.74891,49.6927],[1.75114,49.69443],[1.74365,49.69892],[1.74333,49.70185],[1.72425,49.69407],[1.71552,49.68309],[1.7052,49.6813],[1.68885,49.69531],[1.70552,49.70725],[1.71371,49.70577],[1.71352,49.73417],[1.72324,49.73017],[1.73567,49.73497],[1.73482,49.73771],[1.73656,49.73596],[1.74589,49.73874],[1.74266,49.74724],[1.73892,49.74922],[1.74788,49.75814],[1.74976,49.76386],[1.76629,49.7566],[1.78469,49.75848],[1.78442,49.76366],[1.77109,49.77803],[1.75833,49.78033],[1.75749,49.78612],[1.74485,49.79942],[1.74652,49.80292],[1.73524,49.81061],[1.7254,49.83233],[1.72576,49.84529],[1.71715,49.84823],[1.72037,49.85007],[1.72004,49.86185],[1.71151,49.87398],[1.71423,49.87594],[1.7121,49.88683],[1.70262,49.89322],[1.69342,49.89439],[1.69048,49.90229],[1.68525,49.9035],[1.68341,49.91182],[1.67836,49.91356],[1.67904,49.91671],[1.66936,49.92203],[1.6623,49.92214],[1.65967,49.92526],[1.63247,49.93385],[1.62255,49.93472],[1.6156,49.94017],[1.61378,49.93878],[1.61279,49.94115],[1.60327,49.94303],[1.59134,49.95155],[1.58546,49.96096],[1.5778,49.96322],[1.5741,49.96963],[1.57593,49.97274],[1.55811,49.97871],[1.54748,49.98719],[1.52739,49.99472],[1.52247,50.00394],[1.51752,50.00504],[1.51631,50.0121],[1.49979,50.01931],[1.49305,50.01763],[1.47083,50.03505],[1.46264,50.03502],[1.45289,50.03905],[1.44885,50.0455],[1.44935,50.04699],[1.45592,50.0444],[1.45488,50.05582],[1.45917,50.06274],[1.45332,50.06452],[1.4496,50.07006],[1.43157,50.07025],[1.43181,50.0722],[1.42876,50.07038],[1.42323,50.07108],[1.40873,50.05709],[1.39732,50.05829],[1.39632,50.06427],[1.39222,50.06353],[1.39249,50.06083],[1.38655,50.06137],[1.38052,50.06572]]],[[[-1.83897,48.87719],[-1.83146,48.86883],[-1.82693,48.87087],[-1.82134,48.86946],[-1.82266,48.87228],[-1.83353,48.87437],[-1.83659,48.87821],[-1.83897,48.87719]]],[[[-1.24951,49.58825],[-1.24082,49.58632],[-1.23915,49.5889],[-1.24695,49.59165],[-1.24951,49.58825]]]]},"properties":{"code":"28","nom":"Normandie"}},
{"type":"Feature","geometry":{"type":"Polygon","coordinates":[[[3.48502,48.85185],[3.48687,48.85735],[3.48139,48.86617],[3.50295,48.87141],[3.509,48.88529],[3.50829,48.89046],[3.52875,48.91225],[3.53106,48.91288],[3.53252,48.91049],[3.54744,48.91598],[3.54952,48.91302],[3.56002,48.91701],[3.56417,48.91179],[3.57068,48.91498],[3.57641,48.92325],[3.57317,48.92567],[3.57475,48.93921],[3.59024,48.94433],[3.60291,48.94403],[3.59928,48.9497],[3.60179,48.95347],[3.59141,48.96045],[3.60131,48.96627],[3.60508,48.96402],[3.61059,48.96691],[3.62107,48.96608],[3.62706,48.98103],[3.62365,48.9829],[3.64026,49.00437],[3.6607,49.00437],[3.67778,49.01392],[3.67907,49.01817],[3.67381,49.0216],[3.66418,49.03755],[3.65764,49.03808],[3.64999,49.0429],[3.64277,49.0371],[3.64042,49.03929],[3.63009,49.03959],[3.6169,49.03647],[3.61491,49.0335],[3.60104,49.03508],[3.58761,49.03381],[3.58513,49.03899],[3.58771,49.05939],[3.60209,49.06302],[3.60401,49.06956],[3.60984,49.07341],[3.62383,49.07078],[3.63192,49.07224],[3.63895,49.0775],[3.63926,49.08118],[3.63009,49.08903],[3.62281,49.10459],[3.61204,49.11829],[3.60293,49.11458],[3.59967,49.12068],[3.61189,49.12869],[3.60994,49.13489],[3.61489,49.13917],[3.62069,49.13944],[3.61886,49.14477],[3.62225,49.15111],[3.65323,49.14846],[3.68726,49.15418],[3.69803,49.14983],[3.70289,49.14147],[3.70795,49.14324],[3.70645,49.14531],[3.71697,49.14698],[3.73957,49.15689],[3.74877,49.15709],[3.75128,49.17778],[3.73011,49.17831],[3.72544,49.17352],[3.71141,49.17818],[3.70386,49.18153],[3.70685,49.18592],[3.69716,49.18793],[3.69662,49.19406],[3.69992,49.19577],[3.70194,49.19439],[3.70487,49.19859],[3.69748,49.20664],[3.68144,49.19748],[3.67702,49.1998],[3.67755,49.20346],[3.68145,49.20511],[3.67857,49.20686],[3.66457,49.21071],[3.66254,49.20898],[3.65487,49.21258],[3.65293,49.21549],[3.65626,49.21828],[3.65148,49.22148],[3.66571,49.22297],[3.6704,49.22804],[3.66997,49.23286],[3.67826,49.23523],[3.67503,49.24008],[3.66842,49.24106],[3.66985,49.24336],[3.66594,49.24636],[3.66067,49.26016],[3.65817,49.26056],[3.6567,49.25518],[3.65291,49.25469],[3.6586,49.26735],[3.66513,49.26943],[3.65161,49.27836],[3.65263,49.28284],[3.659,49.28677],[3.65732,49.29102],[3.6428,49.29604],[3.63822,49.30124],[3.64362,49.30303],[3.64394,49.31271],[3.6476,49.31595],[3.66518,49.31979],[3.66939,49.32511],[3.68931,49.32712],[3.69167,49.32992],[3.69327,49.32876],[3.7031,49.33294],[3.74217,49.33682],[3.74081,49.34761],[3.75767,49.34772],[3.77773,49.35598],[3.77961,49.35195],[3.80223,49.35891],[3.82393,49.3574],[3.82406,49.35404],[3.83292,49.35022],[3.85284,49.34497],[3.85874,49.35412],[3.84792,49.36435],[3.8561,49.36423],[3.85261,49.36564],[3.85984,49.37266],[3.85635,49.38116],[3.85966,49.3818],[3.85986,49.38615],[3.85419,49.38839],[3.84955,49.38766],[3.84486,49.39164],[3.83959,49.391],[3.83747,49.39655],[3.8235,49.40041],[3.82258,49.40254],[3.84631,49.40053],[3.8447,49.40216],[3.84811,49.4033],[3.85385,49.40093],[3.86842,49.40655],[3.87839,49.40562],[3.89338,49.39908],[3.89568,49.39294],[3.90983,49.39477],[3.91489,49.39829],[3.91546,49.40334],[3.92467,49.40782],[3.93398,49.40186],[3.9318,49.40065],[3.94411,49.38974],[3.94234,49.38894],[3.95334,49.38429],[3.96148,49.37734],[3.97254,49.37945],[3.99513,49.37828],[3.99655,49.37176],[3.99902,49.37236],[4.00061,49.36886],[4.00777,49.36896],[4.01272,49.3583],[4.01769,49.35841],[4.01778,49.3604],[4.0358,49.35989],[4.03597,49.38322],[4.03999,49.39743],[4.04465,49.40069],[4.04491,49.40442],[4.04796,49.40419],[4.05027,49.41226],[4.04852,49.41699],[4.04235,49.41668],[4.04376,49.42869],[4.0405,49.42992],[4.03721,49.4382],[4.04918,49.44767],[4.05143,49.44392],[4.06003,49.44736],[4.06719,49.44579],[4.06072,49.45151],[4.05785,49.45113],[4.04733,49.46649],[4.04177,49.46786],[4.04073,49.50865],[4.05722,49.50817],[4.05686,49.5105],[4.06188,49.51273],[4.05631,49.52106],[4.06306,49.52314],[4.06536,49.52358],[4.07194,49.51641],[4.07584,49.51835],[4.07309,49.52332],[4.077,49.52463],[4.07755,49.52832],[4.07517,49.54161],[4.04871,49.54536],[4.05023,49.55099],[4.05854,49.55252],[4.06275,49.56101],[4.06448,49.55936],[4.06681,49.56429],[4.07485,49.56575],[4.07679,49.5707],[4.07023,49.57337],[4.06593,49.57075],[4.05958,49.57586],[4.0623,49.58511],[4.05804,49.59134],[4.05913,49.59303],[4.06456,49.59202],[4.06605,49.5943],[4.0602,49.59633],[4.05921,49.59465],[4.05402,49.5952],[4.0523,49.60007],[4.04723,49.5996],[4.02449,49.62121],[4.03787,49.62302],[4.03808,49.62824],[4.04346,49.63125],[4.04026,49.63374],[4.04106,49.63834],[4.05567,49.63434],[4.05456,49.63695],[4.06898,49.63751],[4.07103,49.63535],[4.08063,49.63416],[4.08633,49.62926],[4.08717,49.63076],[4.09916,49.62835],[4.10221,49.63261],[4.10807,49.63373],[4.11129,49.63127],[4.1116,49.63435],[4.11575,49.63292],[4.11906,49.63852],[4.11672,49.64076],[4.12555,49.65107],[4.12207,49.65825],[4.12703,49.67792],[4.1369,49.67591],[4.13675,49.67815],[4.141,49.67656],[4.14877,49.67792],[4.14405,49.68859],[4.18519,49.69888],[4.18784,49.70883],[4.19317,49.71159],[4.19124,49.71626],[4.19763,49.71756],[4.20528,49.72319],[4.21382,49.72366],[4.23244,49.73052],[4.22589,49.73238],[4.22896,49.74638],[4.2496,49.75711],[4.24217,49.76212],[4.24283,49.76714],[4.23396,49.76891],[4.22861,49.77311],[4.2139,49.77111],[4.20592,49.77819],[4.20756,49.78109],[4.22242,49.78723],[4.22685,49.79362],[4.21899,49.80025],[4.22175,49.80452],[4.21427,49.80611],[4.21959,49.81426],[4.22359,49.8341],[4.22979,49.83602],[4.23296,49.84841],[4.24445,49.85257],[4.24876,49.85675],[4.25275,49.86963],[4.254,49.88708],[4.25087,49.88967],[4.25584,49.90398],[4.24556,49.90221],[4.23497,49.90399],[4.23339,49.90939],[4.22231,49.91038],[4.21696,49.91439],[4.22072,49.93721],[4.23026,49.94682],[4.23316,49.95775],[4.22477,49.95928],[4.20178,49.95708],[4.19742,49.95458],[4.19501,49.95615],[4.19673,49.9677],[4.17819,49.97197],[4.16953,49.97745],[4.15242,49.97455],[4.1415,49.97797],[4.1475,49.98361],[4.15427,49.98467],[4.16314,49.995],[4.16186,50.00055],[4.15897,50.00203],[4.15492,49.99985],[4.14539,50.00391],[4.14652,50.00669],[4.14236,50.00568],[4.14494,50.00847],[4.13963,50.00926],[4.13542,50.01813],[4.16228,50.04935],[4.17395,50.04547],[4.19003,50.05045],[4.19428,50.04942],[4.19877,50.05657],[4.21858,50.06101],[4.22836,50.06644],[4.23126,50.07137],[4.22523,50.08558],[4.21733,50.08813],[4.21292,50.09532],[4.20713,50.09587],[4.20156,50.09991],[4.20745,50.10521],[4.19676,50.10642],[4.20385,50.11605],[4.19758,50.1288],[4.20084,50.13294],[4.19891,50.13447],[4.1759,50.13309],[4.15721,50.1353],[4.15478,50.1279],[4.14419,50.12863],[4.12706,50.13557],[4.13557,50.14258],[4.13772,50.15193],[4.15529,50.16297],[4.15578,50.17208],[4.14805,50.17337],[4.15615,50.18339],[4.15608,50.19248],[4.15941,50.19215],[4.16069,50.1978],[4.15037,50.21361],[4.15368,50.21259],[4.17284,50.21711],[4.18155,50.23228],[4.19357,50.24043],[4.20286,50.24032],[4.22004,50.25164],[4.22125,50.25861],[4.21576,50.26159],[4.20819,50.27299],[4.17742,50.27504],[4.17463,50.27846],[4.17636,50.28444],[4.16902,50.28467],[4.16993,50.28811],[4.16262,50.28895],[4.16107,50.28494],[4.15427,50.28455],[4.15535,50.2802],[4.14928,50.27557],[4.16342,50.27187],[4.16872,50.26654],[4.16767,50.25949],[4.15468,50.25643],[4.14572,50.2585],[4.1355,50.2574],[4.1388,50.26329],[4.13366,50.26705],[4.13631,50.2746],[4.12406,50.27284],[4.12186,50.27764],[4.1253,50.28053],[4.12568,50.28839],[4.12273,50.29799],[4.11707,50.30409],[4.10971,50.30185],[4.09718,50.31351],[4.07928,50.30965],[4.07828,50.32067],[4.06544,50.33031],[4.05506,50.33253],[4.05401,50.33933],[4.04414,50.33947],[4.03606,50.34366],[4.03062,50.35505],[4.02422,50.35918],[4.02261,50.3568],[4.01828,50.35726],[4.0155,50.35373],[4.01785,50.35238],[4.01138,50.35003],[4.00143,50.35038],[3.99908,50.34784],[3.99364,50.34875],[3.98649,50.34241],[3.9732,50.3479],[3.96741,50.34064],[3.96841,50.35006],[3.90305,50.32734],[3.8965,50.32898],[3.88568,50.32698],[3.88517,50.32869],[3.89049,50.32982],[3.88956,50.33655],[3.88605,50.33742],[3.88719,50.34096],[3.87569,50.33762],[3.86225,50.34195],[3.86219,50.34371],[3.85717,50.34224],[3.85619,50.34892],[3.84571,50.35316],[3.82434,50.35345],[3.82191,50.34574],[3.81508,50.34488],[3.81159,50.34502],[3.81536,50.34959],[3.814,50.35318],[3.80722,50.35526],[3.79894,50.35092],[3.78354,50.35359],[3.77028,50.35113],[3.76705,50.35309],[3.76319,50.34802],[3.74721,50.35099],[3.7465,50.34828],[3.73932,50.34767],[3.73401,50.34238],[3.73677,50.34082],[3.73311,50.33824],[3.73601,50.33568],[3.73393,50.32996],[3.7299,50.33041],[3.73244,50.32157],[3.72737,50.31532],[3.73187,50.31152],[3.72859,50.30949],[3.72103,50.31137],[3.72033,50.31598],[3.71213,50.31961],[3.71019,50.31397],[3.71532,50.31267],[3.71653,50.30636],[3.72014,50.30502],[3.70813,50.30413],[3.70203,50.31097],[3.69478,50.31327],[3.69578,50.31629],[3.68901,50.3186],[3.69383,50.32183],[3.68864,50.32278],[3.67783,50.33295],[3.67472,50.33289],[3.6733,50.33511],[3.6774,50.34028],[3.66926,50.3467],[3.66541,50.34702],[3.66723,50.36092],[3.66453,50.36554],[3.6571,50.36928],[3.67407,50.38953],[3.66976,50.43724],[3.65945,50.44511],[3.66416,50.4523],[3.6628,50.45602],[3.65327,50.46346],[3.64342,50.46334],[3.63513,50.47121],[3.6302,50.47922],[3.63251,50.47995],[3.61918,50.48676],[3.60754,50.49723],[3.59381,50.49138],[3.58541,50.49053],[3.58098,50.49125],[3.56931,50.50091],[3.56467,50.49849],[3.54687,50.49766],[3.5393,50.49468],[3.52296,50.49539],[3.50073,50.4867],[3.4963,50.49887],[3.50378,50.50693],[3.51619,50.51287],[3.5198,50.52368],[3.50392,50.52971],[3.49128,50.52765],[3.47442,50.53367],[3.4538,50.51921],[3.45427,50.51523],[3.44693,50.50599],[3.43954,50.50737],[3.4384,50.51069],[3.42892,50.50471],[3.39735,50.4984],[3.39602,50.49611],[3.39202,50.49852],[3.37706,50.49109],[3.37068,50.49387],[3.36193,50.5039],[3.33744,50.50883],[3.32956,50.50803],[3.3206,50.51873],[3.30706,50.51982],[3.28852,50.52581],[3.28455,50.53519],[3.27881,50.53897],[3.28075,50.54438],[3.27825,50.55169],[3.28256,50.55206],[3.27595,50.55854],[3.2852,50.56167],[3.27778,50.56429],[3.27852,50.57285],[3.28204,50.57517],[3.27573,50.58163],[3.27957,50.59592],[3.27457,50.59689],[3.27622,50.60042],[3.27371,50.60068],[3.27469,50.6048],[3.27104,50.60617],[3.27,50.61198],[3.25528,50.62274],[3.2592,50.62973],[3.24412,50.64068],[3.24891,50.64976],[3.24007,50.65863],[3.24122,50.66884],[3.26528,50.67708],[3.25285,50.68976],[3.26151,50.69141],[3.25856,50.69608],[3.26105,50.70134],[3.25081,50.70536],[3.24524,50.71304],[3.23789,50.7113],[3.22739,50.71302],[3.22015,50.70986],[3.21858,50.71215],[3.21097,50.71336],[3.20913,50.71105],[3.2051,50.71211],[3.20897,50.71324],[3.20978,50.71746],[3.19864,50.72045],[3.19127,50.72558],[3.19946,50.73533],[3.18746,50.74076],[3.18026,50.75527],[3.17142,50.7585],[3.17137,50.76227],[3.1511,50.78391],[3.15087,50.78992],[3.12501,50.78663],[3.12095,50.79098],[3.11149,50.79427],[3.10632,50.78328],[3.09048,50.77643],[3.08821,50.77308],[3.07946,50.77328],[3.0609,50.78066],[3.05547,50.78053],[3.04097,50.77607],[3.0334,50.7698],[3.01441,50.77351],[3.01204,50.7692],[2.98084,50.75668],[2.97298,50.75049],[2.96318,50.74986],[2.95886,50.75362],[2.95167,50.75218],[2.93799,50.74458],[2.93783,50.73895],[2.94421,50.73126],[2.93191,50.72852],[2.92883,50.72328],[2.9311,50.71817],[2.92873,50.70898],[2.92291,50.70315],[2.91174,50.70402],[2.9086,50.70184],[2.91092,50.6945],[2.90575,50.69239],[2.89756,50.69512],[2.88534,50.70648],[2.87959,50.70285],[2.86972,50.70326],[2.84809,50.72302],[2.82957,50.71973],[2.81925,50.71551],[2.81066,50.71745],[2.79535,50.72583],[2.78962,50.72619],[2.79039,50.73162],[2.78711,50.73274],[2.78163,50.74342],[2.78304,50.75152],[2.77799,50.75055],[2.77267,50.75511],[2.76597,50.75464],[2.76158,50.75919],[2.7631,50.76287],[2.75651,50.76268],[2.76205,50.77108],[2.75049,50.77853],[2.74115,50.78174],[2.73838,50.7805],[2.73043,50.78806],[2.72133,50.8023],[2.72592,50.80899],[2.72411,50.81058],[2.71302,50.81534],[2.71076,50.81356],[2.67894,50.81343],[2.66925,50.82265],[2.65802,50.81426],[2.6352,50.81292],[2.6255,50.83668],[2.6166,50.83948],[2.61669,50.84788],[2.61127,50.85032],[2.6035,50.84778],[2.59912,50.8489],[2.5993,50.85335],[2.61224,50.86347],[2.61268,50.86779],[2.60627,50.87385],[2.61022,50.88119],[2.60454,50.88608],[2.60948,50.89557],[2.60394,50.90458],[2.60805,50.91009],[2.60381,50.91663],[2.59445,50.91438],[2.59039,50.91924],[2.61782,50.93472],[2.61797,50.94144],[2.63025,50.94328],[2.63293,50.94618],[2.6194,50.9674],[2.61089,50.9736],[2.60671,50.98202],[2.61012,50.98533],[2.60701,50.99119],[2.59544,50.99204],[2.57403,51.00324],[2.57547,51.00582],[2.57105,51.01051],[2.57594,51.01387],[2.56202,51.05832],[2.56284,51.06492],[2.54536,51.08915],[2.42512,51.05625],[2.38578,51.04981],[2.36792,51.0512],[2.36936,51.04796],[2.37592,51.04702],[2.37211,51.04556],[2.37528,51.04199],[2.37171,51.04255],[2.36036,51.05356],[2.34881,51.05212],[2.34029,51.05747],[2.26449,51.04466],[2.20862,51.0319],[2.20105,51.03309],[2.19189,51.04135],[2.18288,51.03997],[2.1707,51.04441],[2.16339,51.0442],[2.16317,51.03777],[2.14864,51.03429],[2.14858,51.02855],[2.14342,51.02583],[2.14359,51.02242],[2.12284,51.01474],[2.12223,51.01139],[2.10781,51.00415],[2.10405,51.00701],[2.09388,51.00351],[2.08247,51.00531],[2.08142,51.00657],[2.09288,51.00957],[2.09058,51.01068],[2.04587,51.00334],[2.04777,51.00214],[2.0429,50.99733],[2.0323,50.99899],[2.02795,50.99663],[1.9911,50.99353],[1.9618,50.9869],[1.94759,50.99004],[1.92418,50.9864],[1.91038,50.98262],[1.913,50.9806],[1.90785,50.98222],[1.88846,50.97274],[1.87491,50.98188],[1.8546,50.98148],[1.84489,50.97736],[1.84004,50.97083],[1.84238,50.96758],[1.83502,50.96402],[1.78242,50.95553],[1.72784,50.93743],[1.70975,50.92806],[1.67094,50.89529],[1.6432,50.87823],[1.60447,50.8707],[1.5821,50.87122],[1.57807,50.85349],[1.58629,50.8405],[1.59006,50.82356],[1.6065,50.79465],[1.60296,50.78602],[1.60661,50.77076],[1.60014,50.754],[1.59442,50.75063],[1.59259,50.72999],[1.59832,50.72786],[1.60148,50.7236],[1.5966,50.72764],[1.59118,50.72631],[1.58568,50.73136],[1.57892,50.72835],[1.57342,50.71882],[1.5771,50.71817],[1.5755,50.71691],[1.57121,50.7196],[1.57443,50.72745],[1.57054,50.72487],[1.56278,50.72457],[1.57287,50.71693],[1.56903,50.70681],[1.56075,50.69936],[1.57799,50.64132],[1.57915,50.58733],[1.57635,50.57426],[1.58048,50.56435],[1.59046,50.55529],[1.5994,50.55154],[1.60514,50.54167],[1.60399,50.53804],[1.60915,50.53782],[1.60763,50.54001],[1.61275,50.53872],[1.6151,50.53488],[1.62023,50.53382],[1.62603,50.52043],[1.64434,50.50952],[1.63862,50.50904],[1.60949,50.5269],[1.60312,50.52941],[1.59921,50.52708],[1.59583,50.52865],[1.59198,50.53371],[1.59471,50.53665],[1.58724,50.54036],[1.58501,50.53914],[1.57834,50.52248],[1.57445,50.47142],[1.56726,50.43062],[1.55537,50.4007],[1.56049,50.39435],[1.57023,50.39439],[1.58067,50.38596],[1.57959,50.3789],[1.58271,50.3776],[1.59746,50.37958],[1.61088,50.37013],[1.61771,50.37238],[1.62674,50.3713],[1.63263,50.36593],[1.6315,50.3606],[1.63543,50.35611],[1.64507,50.35086],[1.62686,50.3602],[1.62431,50.36637],[1.61349,50.36042],[1.56501,50.35746],[1.56624,50.3623],[1.56931,50.36273],[1.56009,50.36695],[1.55429,50.36354],[1.53832,50.28697],[1.53972,50.26347],[1.542,50.25933],[1.54887,50.25623],[1.55486,50.25735],[1.54565,50.262],[1.54674,50.26664],[1.54902,50.26061],[1.56035,50.25646],[1.58563,50.25513],[1.59478,50.25777],[1.59351,50.24592],[1.6228,50.21454],[1.62748,50.2138],[1.63249,50.21808],[1.63696,50.21322],[1.642,50.21303],[1.65195,50.21679],[1.6768,50.20957],[1.68704,50.20013],[1.67694,50.19416],[1.68872,50.18801],[1.67462,50.17465],[1.65746,50.17465],[1.66519,50.17756],[1.64579,50.18291],[1.64597,50.17756],[1.64297,50.1857],[1.62708,50.19031],[1.61242,50.19137],[1.59301,50.18435],[1.56609,50.19839],[1.56641,50.20224],[1.55696,50.20893],[1.56683,50.21485],[1.56529,50.21654],[1.54355,50.21348],[1.52217,50.20707],[1.52933,50.2113],[1.50428,50.19662],[1.48709,50.17782],[1.45303,50.10855],[1.43181,50.0931],[1.39421,50.07604],[1.38052,50.06572],[1.38655,50.06137],[1.39249,50.06083],[1.39222,50.06353],[1.39632,50.06427],[1.39732,50.05829],[1.40873,50.05709],[1.42323,50.07108],[1.42876,50.07038],[1.43181,50.0722],[1.43157,50.07025],[1.4496,50.07006],[1.45332,50.06452],[1.45917,50.06274],[1.45488,50.05582],[1.45592,50.0444],[1.44935,50.04699],[1.44885,50.0455],[1.45289,50.03905],[1.46264,50.03502],[1.47083,50.03505],[1.49305,50.01763],[1.49979,50.01931],[1.51631,50.0121],[1.51752,50.00504],[1.52247,50.00394],[1.52739,49.99472],[1.54748,49.98719],[1.55811,49.97871],[1.57593,49.97274],[1.5741,49.96963],[1.5778,49.96322],[1.58546,49.96096],[1.59134,49.95155],[1.60327,49.94303],[1.61279,49.94115],[1.61378,49.93878],[1.6156,49.94017],[1.62255,49.93472],[1.63247,49.93385],[1.65967,49.92526],[1.6623,49.92214],[1.66936,49.92203],[1.67904,49.91671],[1.67836,49.91356],[1.68341,49.91182],[1.68525,49.9035],[1.69048,49.90229],[1.69342,49.89439],[1.70262,49.89322],[1.7121,49.88683],[1.71423,49.87594],[1.71151,49.87398],[1.72004,49.86185],[1.72037,49.85007],[1.71715,49.84823],[1.72576,49.84529],[1.7254,49.83233],[1.73524,49.81061],[1.74652,49.80292],[1.74485,49.79942],[1.75749,49.78612],[1.75833,49.78033],[1.77109,49.77803],[1.78442,49.76366],[1.78469,49.75848],[1.76629,49.7566],[1.74976,49.76386],[1.74788,49.75814],[1.73892,49.74922],[1.74266,49.74724],[1.74589,49.73874],[1.73656,49.73596],[1.73482,49.73771],[1.73567,49.73497],[1.72324,49.73017],[1.71352,49.73417],[1.71371,49.70577],[1.70552,49.70725],[1.68885,49.69531],[1.7052,49.6813],[1.71552,49.68309],[1.72425,49.69407],[1.74333,49.70185],[1.74365,49.69892],[1.75114,49.69443],[1.74891,49.6927],[1.75237,49.68069],[1.7338,49.6739],[1.72288,49.67235],[1.72144,49.65862],[1.71279,49.65482],[1.70839,49.64632],[1.69865,49.64453],[1.71728,49.6331],[1.72152,49.62317],[1.71787,49.61468],[1.71065,49.6126],[1.69991,49.60254],[1.69391,49.60115],[1.70882,49.59494],[1.70532,49.59085],[1.70892,49.58706],[1.72222,49.58905],[1.72008,49.58168],[1.7059,49.57985],[1.69749,49.58265],[1.69039,49.57995],[1.70082,49.57968],[1.69445,49.57504],[1.69769,49.57228],[1.70225,49.57546],[1.70106,49.57708],[1.71399,49.57761],[1.73,49.5614],[1.72682,49.55802],[1.73087,49.55631],[1.7228,49.54424],[1.7322,49.54126],[1.73928,49.54336],[1.74783,49.53871],[1.74183,49.53303],[1.74416,49.52919],[1.73532,49.52495],[1.7403,49.5186],[1.7377,49.52001],[1.72153,49.51113],[1.71559,49.5059],[1.71646,49.50377],[1.7251,49.50315],[1.72534,49.49967],[1.74008,49.49939],[1.7451,49.48887],[1.75264,49.49734],[1.74852,49.50381],[1.75631,49.5053],[1.75947,49.51136],[1.76681,49.50945],[1.77134,49.5131],[1.79027,49.50347],[1.78517,49.49876],[1.79078,49.49801],[1.78754,49.49347],[1.78899,49.49043],[1.77914,49.49085],[1.77199,49.48495],[1.77629,49.48267],[1.77266,49.4781],[1.77595,49.47603],[1.7759,49.47141],[1.74752,49.45951],[1.75122,49.45243],[1.73805,49.44904],[1.73352,49.44113],[1.72446,49.44111],[1.72824,49.43732],[1.72265,49.43286],[1.72364,49.42736],[1.72083,49.42423],[1.72425,49.42228],[1.71637,49.41689],[1.71397,49.40701],[1.71649,49.40334],[1.73442,49.40733],[1.74049,49.40559],[1.71994,49.39549],[1.72121,49.39308],[1.73011,49.39068],[1.73621,49.38376],[1.74498,49.38034],[1.74783,49.3717],[1.75677,49.37059],[1.75953,49.36822],[1.76142,49.36059],[1.75805,49.35703],[1.76788,49.33983],[1.77419,49.3375],[1.76715,49.31606],[1.77211,49.31407],[1.77018,49.31091],[1.77505,49.30562],[1.77234,49.29114],[1.77789,49.28962],[1.77797,49.29205],[1.7844,49.29321],[1.79034,49.28851],[1.79757,49.28849],[1.79795,49.28526],[1.79401,49.2829],[1.79746,49.2799],[1.79351,49.27428],[1.8024,49.2735],[1.80227,49.27188],[1.78943,49.25369],[1.7903,49.24682],[1.7891,49.24903],[1.77945,49.2485],[1.76694,49.25204],[1.76681,49.26145],[1.765,49.26341],[1.75904,49.26276],[1.75656,49.26621],[1.7589,49.2722],[1.75039,49.26751],[1.73644,49.27032],[1.72619,49.26477],[1.70892,49.26477],[1.70782,49.25519],[1.70118,49.25272],[1.69865,49.24726],[1.70195,49.24188],[1.69896,49.23501],[1.70435,49.23243],[1.70939,49.24149],[1.71259,49.24125],[1.71211,49.23302],[1.72966,49.2292],[1.74046,49.22367],[1.73411,49.22128],[1.73368,49.21096],[1.72198,49.21001],[1.72022,49.20681],[1.71487,49.20744],[1.71553,49.20266],[1.72433,49.2007],[1.72587,49.19433],[1.73727,49.19479],[1.73644,49.19283],[1.73989,49.19208],[1.74429,49.18331],[1.7401,49.18081],[1.75486,49.17459],[1.77639,49.18488],[1.7848,49.18582],[1.79094,49.17997],[1.79363,49.18027],[1.79547,49.18526],[1.80308,49.18511],[1.80026,49.18041],[1.81308,49.17834],[1.81178,49.17397],[1.81596,49.17387],[1.82682,49.17965],[1.83192,49.17735],[1.83745,49.1728],[1.83431,49.16517],[1.83642,49.1645],[1.84468,49.17066],[1.85654,49.172],[1.85822,49.16996],[1.87614,49.17505],[1.8767,49.17142],[1.88366,49.16609],[1.88295,49.16258],[1.93251,49.17501],[1.93485,49.16996],[1.94974,49.17048],[1.96236,49.1746],[1.97358,49.18386],[1.99086,49.17661],[2.00268,49.17602],[2.02178,49.18881],[2.03357,49.1881],[2.04732,49.19869],[2.05579,49.19894],[2.07214,49.20434],[2.07481,49.20884],[2.08074,49.21072],[2.07897,49.20592],[2.09093,49.20864],[2.09265,49.19532],[2.0889,49.19615],[2.08905,49.19378],[2.09228,49.19418],[2.09772,49.18917],[2.10951,49.19076],[2.11334,49.18654],[2.12232,49.18896],[2.12798,49.19359],[2.13184,49.19066],[2.13522,49.19118],[2.13648,49.179],[2.14076,49.17892],[2.14124,49.18589],[2.14728,49.18805],[2.14805,49.18503],[2.16405,49.17977],[2.15803,49.17263],[2.16879,49.16395],[2.17146,49.16786],[2.18225,49.17038],[2.17609,49.17603],[2.18906,49.17313],[2.19905,49.1753],[2.20295,49.17406],[2.21317,49.17588],[2.21865,49.18069],[2.22377,49.17399],[2.23475,49.16726],[2.22425,49.16238],[2.21685,49.15413],[2.2223,49.15226],[2.25378,49.15263],[2.26215,49.15838],[2.26817,49.15575],[2.28648,49.15987],[2.28509,49.16571],[2.28949,49.16804],[2.28881,49.17071],[2.29952,49.17596],[2.30127,49.18404],[2.30575,49.18343],[2.3108,49.18675],[2.3216,49.18437],[2.32063,49.18129],[2.34595,49.16235],[2.35535,49.15328],[2.35509,49.14926],[2.35934,49.14733],[2.36221,49.15254],[2.36487,49.15229],[2.37331,49.15937],[2.38102,49.15772],[2.3913,49.14931],[2.41312,49.15242],[2.41554,49.14989],[2.44078,49.14591],[2.43548,49.13405],[2.4477,49.13601],[2.45893,49.14085],[2.46246,49.13926],[2.46129,49.13614],[2.47174,49.13508],[2.47751,49.13098],[2.47531,49.12846],[2.49908,49.12224],[2.50301,49.11767],[2.49122,49.11142],[2.49007,49.10625],[2.53126,49.09946],[2.53296,49.11951],[2.54207,49.12225],[2.54398,49.1201],[2.53773,49.1178],[2.54713,49.11638],[2.54768,49.12035],[2.55332,49.12456],[2.557,49.12185],[2.55175,49.11243],[2.55595,49.10938],[2.55793,49.09872],[2.56702,49.09409],[2.57102,49.09513],[2.57858,49.09198],[2.5789,49.08425],[2.58298,49.08066],[2.5974,49.08155],[2.60722,49.08928],[2.61005,49.09497],[2.62209,49.0948],[2.62421,49.10059],[2.63022,49.1025],[2.63391,49.1086],[2.63543,49.10199],[2.64081,49.10109],[2.64112,49.09911],[2.65048,49.10087],[2.67753,49.08819],[2.69504,49.075],[2.68972,49.06757],[2.69611,49.06469],[2.70618,49.06531],[2.72097,49.07515],[2.71986,49.07899],[2.72418,49.08067],[2.72493,49.07564],[2.72983,49.075],[2.73231,49.07046],[2.73482,49.06053],[2.75379,49.06078],[2.76627,49.06478],[2.7744,49.07051],[2.77787,49.07026],[2.78728,49.07553],[2.76872,49.08313],[2.78913,49.083],[2.78387,49.0889],[2.80921,49.09753],[2.82239,49.08623],[2.833,49.08305],[2.84508,49.08483],[2.85612,49.07009],[2.87016,49.0701],[2.88755,49.0795],[2.89571,49.07725],[2.90144,49.08534],[2.92329,49.07759],[2.93299,49.08101],[2.94149,49.07726],[2.94582,49.08832],[2.95649,49.08529],[2.96862,49.0915],[2.97531,49.07394],[2.98683,49.07088],[2.99118,49.084],[3.00085,49.08946],[3.00604,49.0864],[3.00854,49.09161],[3.0155,49.09132],[3.0317,49.08566],[3.03289,49.08894],[3.05083,49.08499],[3.05847,49.08853],[3.06614,49.08519],[3.05554,49.09655],[3.05588,49.10084],[3.06757,49.11208],[3.06948,49.11756],[3.08019,49.11204],[3.09508,49.11185],[3.10256,49.10803],[3.11436,49.10717],[3.12023,49.10926],[3.12597,49.10599],[3.13692,49.10768],[3.14763,49.101],[3.16523,49.09986],[3.15342,49.08335],[3.16622,49.07799],[3.17642,49.07007],[3.18198,49.06206],[3.18215,49.05194],[3.19073,49.05128],[3.18991,49.04603],[3.18069,49.04464],[3.18301,49.04169],[3.1789,49.03808],[3.17715,49.03014],[3.17407,49.02854],[3.17125,49.02981],[3.16115,49.0243],[3.16858,49.01699],[3.16745,49.01246],[3.18103,49.01298],[3.19138,49.00855],[3.19822,49.00884],[3.19609,49.00481],[3.19946,49.0062],[3.20297,49.00077],[3.20727,49.0007],[3.20944,48.99397],[3.22515,48.99132],[3.22471,48.98752],[3.22941,48.98858],[3.22716,48.98193],[3.231,48.98138],[3.23116,48.97695],[3.24344,48.97695],[3.25017,48.97392],[3.25931,48.95358],[3.25706,48.95272],[3.26297,48.94903],[3.26017,48.94479],[3.26493,48.93879],[3.27187,48.93755],[3.28453,48.94053],[3.30441,48.94878],[3.31272,48.93351],[3.31326,48.92125],[3.33029,48.90871],[3.33433,48.91065],[3.33665,48.90939],[3.34684,48.91709],[3.34916,48.91564],[3.3503,48.91804],[3.35357,48.91524],[3.35974,48.91802],[3.36711,48.92231],[3.36748,48.92832],[3.37209,48.92404],[3.3714,48.91861],[3.37636,48.90929],[3.37066,48.90516],[3.36954,48.89313],[3.38422,48.88803],[3.38074,48.88716],[3.38359,48.8845],[3.3803,48.87972],[3.38137,48.87155],[3.3906,48.87099],[3.39345,48.87561],[3.40594,48.87608],[3.40597,48.87104],[3.40158,48.87056],[3.39974,48.86632],[3.40439,48.864],[3.41339,48.86398],[3.42327,48.86753],[3.4329,48.85961],[3.44576,48.86053],[3.45213,48.85614],[3.44582,48.84327],[3.45892,48.84147],[3.46216,48.83753],[3.47022,48.85118],[3.48502,48.85185]]]},"properties":{"code":"32","nom":"Hauts-de-France"}},
{"type":"Feature","geometry":{"type":"Polygon","coordinates":[[[7.13026,47.50295],[7.15042,47.49732],[7.16228,47.49],[7.1731,47.48976],[7.20097,47.49428],[7.20299,47.4914],[7.19086,47.48851],[7.1775,47.46805],[7.17815,47.45809],[7.1702,47.44298],[7.19252,47.43901],[7.1958,47.43542],[7.20669,47.43485],[7.22558,47.44002],[7.23345,47.43862],[7.23888,47.43329],[7.23903,47.42852],[7.24578,47.42653],[7.24655,47.42034],[7.25545,47.42453],[7.26956,47.42697],[7.28143,47.4346],[7.29266,47.43336],[7.3024,47.43865],[7.32038,47.43837],[7.33031,47.44178],[7.33802,47.44123],[7.34501,47.4361],[7.35563,47.4339],[7.38559,47.43186],[7.39392,47.43517],[7.40305,47.43549],[7.40321,47.43868],[7.42056,47.44557],[7.42446,47.44992],[7.42242,47.45072],[7.4288,47.45388],[7.43003,47.4595],[7.44577,47.46198],[7.45583,47.47071],[7.45635,47.47275],[7.45141,47.47514],[7.44841,47.47379],[7.44254,47.47883],[7.4294,47.48294],[7.42082,47.48037],[7.43315,47.49717],[7.43499,47.49811],[7.45641,47.48851],[7.46239,47.48906],[7.47201,47.48039],[7.48763,47.48214],[7.49347,47.48808],[7.50245,47.49077],[7.50114,47.49352],[7.51107,47.49703],[7.50935,47.50889],[7.49909,47.51628],[7.49788,47.52125],[7.50228,47.51491],[7.51747,47.51729],[7.52219,47.5142],[7.53095,47.52684],[7.52678,47.53288],[7.5244,47.53187],[7.51936,47.53472],[7.51076,47.52899],[7.5023,47.52841],[7.49804,47.53616],[7.50111,47.54111],[7.50745,47.54505],[7.51676,47.54541],[7.52732,47.55278],[7.5573,47.56503],[7.55933,47.56939],[7.5569,47.57247],[7.56649,47.57767],[7.58466,47.57552],[7.59309,47.5986],[7.59132,47.60481],[7.57427,47.61626],[7.56343,47.63542],[7.5375,47.64948],[7.52388,47.66065],[7.51961,47.66792],[7.51849,47.68608],[7.51188,47.69646],[7.51446,47.70278],[7.53995,47.71809],[7.54786,47.73078],[7.54802,47.73975],[7.53083,47.77181],[7.52988,47.78054],[7.54913,47.82174],[7.56317,47.84332],[7.56327,47.85211],[7.55575,47.86794],[7.55664,47.87789],[7.56096,47.88366],[7.57515,47.89093],[7.5817,47.89803],[7.58256,47.92991],[7.61062,47.95532],[7.62198,47.97423],[7.61618,47.9904],[7.60872,48.00039],[7.57223,48.03007],[7.56879,48.03547],[7.57399,48.05569],[7.56933,48.08179],[7.57954,48.10222],[7.57742,48.12035],[7.58054,48.12476],[7.59739,48.13391],[7.60037,48.13948],[7.60007,48.15655],[7.62959,48.18389],[7.6437,48.20674],[7.66567,48.22045],[7.68766,48.27539],[7.68979,48.29466],[7.69394,48.30207],[7.70725,48.31064],[7.73511,48.31853],[7.74427,48.32677],[7.74514,48.33542],[7.73152,48.3782],[7.73345,48.39837],[7.76423,48.45391],[7.76823,48.48963],[7.79607,48.50254],[7.80494,48.51312],[7.80586,48.55503],[7.80108,48.58624],[7.82912,48.61813],[7.83942,48.641],[7.8443,48.64519],[7.89194,48.66384],[7.9626,48.72098],[7.96727,48.72742],[7.96877,48.75346],[7.97317,48.75865],[7.98333,48.76102],[8.00145,48.7588],[8.01373,48.76076],[8.02248,48.76776],[8.02992,48.78698],[8.04179,48.79072],[8.0654,48.78982],[8.08983,48.80426],[8.10386,48.81918],[8.11909,48.86018],[8.14153,48.8961],[8.18129,48.93677],[8.19728,48.95724],[8.2325,48.96642],[8.22552,48.97487],[8.21605,48.97535],[8.19934,48.96691],[8.19533,48.96925],[8.19744,48.97262],[8.19379,48.97723],[8.17068,48.97909],[8.17078,48.97659],[8.14831,48.97737],[8.13685,48.97932],[8.12354,48.98662],[8.12072,48.985],[8.10767,48.98645],[8.10593,48.98918],[8.09132,48.9893],[8.07014,48.99635],[8.06477,48.99996],[8.06335,49.00577],[8.05817,49.00691],[8.04947,49.01436],[8.04507,49.01385],[8.0315,49.01882],[8.02274,49.0182],[8.00071,49.02826],[7.97511,49.02659],[7.97222,49.03547],[7.9669,49.03622],[7.96654,49.04188],[7.95695,49.04311],[7.95756,49.04486],[7.94566,49.04973],[7.94585,49.05477],[7.94079,49.05422],[7.93694,49.05735],[7.93152,49.05795],[7.92515,49.04664],[7.91806,49.04128],[7.9144,49.04065],[7.91071,49.04511],[7.90196,49.04485],[7.88889,49.0492],[7.88092,49.04588],[7.86658,49.033],[7.85452,49.03559],[7.84958,49.0441],[7.84355,49.04312],[7.84155,49.0458],[7.83063,49.04713],[7.82608,49.05226],[7.81324,49.05658],[7.81113,49.06085],[7.79437,49.06578],[7.78825,49.05805],[7.78012,49.05838],[7.77633,49.05647],[7.76928,49.04759],[7.75724,49.04532],[7.75102,49.04803],[7.7323,49.04418],[7.73196,49.05554],[7.72028,49.05137],[7.71814,49.05401],[7.7081,49.05246],[7.70556,49.0562],[7.69821,49.05595],[7.69601,49.05778],[7.69237,49.05433],[7.69763,49.04979],[7.68095,49.04899],[7.67473,49.04492],[7.63145,49.05489],[7.63276,49.06381],[7.62965,49.07365],[7.62037,49.07419],[7.60108,49.08325],[7.5636,49.08023],[7.53581,49.09361],[7.53785,49.09639],[7.52883,49.09706],[7.52966,49.10196],[7.52197,49.10795],[7.51556,49.12118],[7.50577,49.12259],[7.49639,49.13558],[7.48945,49.13649],[7.49004,49.14226],[7.49556,49.14136],[7.49717,49.14558],[7.50595,49.1505],[7.50643,49.15484],[7.49605,49.1552],[7.49262,49.16464],[7.49411,49.1696],[7.47213,49.16853],[7.45981,49.16284],[7.44864,49.16865],[7.43927,49.16438],[7.43471,49.16473],[7.43319,49.16825],[7.44187,49.17225],[7.43617,49.17997],[7.44402,49.18406],[7.36526,49.172],[7.36468,49.16679],[7.36892,49.16195],[7.36256,49.15648],[7.36264,49.14322],[7.33002,49.14498],[7.3137,49.13715],[7.31106,49.13038],[7.29865,49.11725],[7.2933,49.11506],[7.2826,49.11691],[7.28407,49.12358],[7.28178,49.12451],[7.2805,49.12274],[7.27197,49.12427],[7.2658,49.12272],[7.24528,49.13002],[7.2057,49.12352],[7.19833,49.11519],[7.19663,49.12167],[7.18429,49.13154],[7.17679,49.12809],[7.16513,49.12859],[7.15929,49.12041],[7.15065,49.12505],[7.1354,49.1286],[7.12636,49.14211],[7.10415,49.13851],[7.10399,49.14567],[7.11344,49.15169],[7.10147,49.15598],[7.09123,49.15197],[7.08298,49.15299],[7.08042,49.14914],[7.08419,49.14374],[7.08184,49.14193],[7.0901,49.13087],[7.07149,49.12381],[7.06694,49.1146],[7.0522,49.11292],[7.04422,49.12041],[7.04615,49.13843],[7.03213,49.15661],[7.033,49.16415],[7.02773,49.17005],[7.03498,49.19139],[7.02342,49.18921],[7.02161,49.19321],[7.01094,49.18793],[7.00894,49.19399],[6.999,49.19442],[6.99253,49.20082],[6.97516,49.2094],[6.95965,49.20309],[6.93992,49.2167],[6.93821,49.22242],[6.91879,49.22262],[6.91889,49.22001],[6.91136,49.21497],[6.90041,49.21351],[6.8929,49.20877],[6.87256,49.21483],[6.87049,49.21855],[6.85864,49.22265],[6.83764,49.21319],[6.83623,49.21127],[6.85081,49.20196],[6.85054,49.19311],[6.86171,49.18171],[6.85836,49.17482],[6.84427,49.17305],[6.8474,49.15718],[6.83417,49.15126],[6.78008,49.16841],[6.7615,49.1647],[6.75077,49.16665],[6.73865,49.16363],[6.72054,49.17535],[6.71131,49.18838],[6.7316,49.20592],[6.72332,49.21891],[6.7197,49.2213],[6.69567,49.21541],[6.68859,49.22248],[6.69072,49.23121],[6.68487,49.24165],[6.69004,49.24963],[6.67572,49.25759],[6.6645,49.25456],[6.66143,49.25806],[6.66037,49.26112],[6.66783,49.27128],[6.66601,49.2769],[6.67027,49.28023],[6.66021,49.28363],[6.6535,49.28118],[6.65051,49.2886],[6.64421,49.28983],[6.63883,49.29566],[6.63191,49.29578],[6.62476,49.30281],[6.61531,49.30156],[6.60494,49.31203],[6.58904,49.32212],[6.59568,49.33005],[6.59317,49.33262],[6.58591,49.33707],[6.57846,49.33483],[6.57595,49.3416],[6.56616,49.34722],[6.56361,49.35587],[6.57418,49.35873],[6.58173,49.3564],[6.58789,49.34961],[6.59178,49.35805],[6.59652,49.35934],[6.60232,49.36708],[6.59975,49.3666],[6.59457,49.3715],[6.58301,49.36842],[6.5867,49.38515],[6.58,49.38543],[6.57683,49.38968],[6.56344,49.38816],[6.56009,49.39252],[6.55228,49.39412],[6.55216,49.39987],[6.5407,49.4011],[6.53717,49.40879],[6.5387,49.41248],[6.54841,49.41776],[6.55236,49.41688],[6.55721,49.41941],[6.54166,49.43249],[6.53436,49.43561],[6.52495,49.4355],[6.49973,49.4502],[6.48479,49.45237],[6.46454,49.46646],[6.45596,49.4629],[6.44331,49.46826],[6.44052,49.46672],[6.42814,49.47697],[6.42035,49.47641],[6.40757,49.46736],[6.3934,49.46417],[6.37982,49.46633],[6.37501,49.46436],[6.36773,49.46942],[6.36885,49.45987],[6.36445,49.45951],[6.35285,49.46732],[6.34725,49.46588],[6.34265,49.4691],[6.33403,49.46694],[6.3283,49.47273],[6.31296,49.4804],[6.30614,49.47743],[6.29622,49.48019],[6.29844,49.48865],[6.28875,49.48489],[6.28439,49.49143],[6.28834,49.49144],[6.28962,49.49372],[6.27975,49.49448],[6.27986,49.50328],[6.26329,49.50395],[6.25701,49.5098],[6.2464,49.5092],[6.24121,49.51463],[6.23616,49.50815],[6.22757,49.51036],[6.21713,49.50976],[6.2145,49.50635],[6.17831,49.50696],[6.17497,49.51031],[6.15389,49.50163],[6.16249,49.49349],[6.15943,49.49177],[6.15281,49.49274],[6.14077,49.48667],[6.14173,49.49168],[6.13373,49.48998],[6.12804,49.49392],[6.12345,49.47347],[6.11384,49.47056],[6.11139,49.47251],[6.10473,49.47132],[6.09981,49.46746],[6.10077,49.45289],[6.08557,49.45573],[6.0807,49.45846],[6.07921,49.46392],[6.05811,49.46644],[6.05309,49.4639],[6.04177,49.44786],[6.03258,49.44954],[6.02725,49.44826],[6.02807,49.45575],[6.00785,49.45164],[5.99793,49.4565],[5.98189,49.45111],[5.9793,49.45524],[5.98236,49.45704],[5.98572,49.45574],[5.98807,49.46129],[5.98258,49.46352],[5.97931,49.46091],[5.974,49.46549],[5.97194,49.46957],[5.9748,49.482],[5.96809,49.4864],[5.9738,49.48911],[5.97211,49.49141],[5.95207,49.49414],[5.94199,49.49835],[5.94315,49.50023],[5.93056,49.50064],[5.92754,49.49838],[5.92194,49.50073],[5.9074,49.50172],[5.90332,49.4981],[5.89628,49.49656],[5.86626,49.49991],[5.85882,49.50594],[5.84976,49.50891],[5.84784,49.51494],[5.83602,49.52006],[5.83412,49.52638],[5.84581,49.5299],[5.83708,49.54258],[5.81601,49.5375],[5.81334,49.54155],[5.80855,49.54091],[5.80813,49.54256],[5.81795,49.54575],[5.81573,49.54836],[5.81218,49.54745],[5.80787,49.5508],[5.80113,49.54951],[5.79211,49.55182],[5.77445,49.5632],[5.75832,49.5614],[5.75771,49.54297],[5.74765,49.53947],[5.73859,49.5387],[5.73199,49.54486],[5.72418,49.54412],[5.72052,49.53975],[5.70498,49.53886],[5.69085,49.5462],[5.68115,49.54536],[5.68208,49.54799],[5.67943,49.54884],[5.66928,49.54826],[5.66095,49.55351],[5.65695,49.55106],[5.64287,49.54978],[5.64347,49.54689],[5.6337,49.54437],[5.6308,49.54197],[5.63295,49.5395],[5.62205,49.53444],[5.61564,49.52721],[5.62149,49.51964],[5.61106,49.50598],[5.60356,49.50913],[5.6021,49.51537],[5.59129,49.52294],[5.58861,49.52163],[5.57125,49.52798],[5.56344,49.52557],[5.55633,49.52919],[5.54559,49.52374],[5.54117,49.51527],[5.49973,49.50658],[5.48501,49.50723],[5.47421,49.49726],[5.46508,49.49882],[5.46593,49.50885],[5.45414,49.51262],[5.4475,49.51794],[5.4553,49.52038],[5.46162,49.52565],[5.46705,49.52589],[5.46534,49.53893],[5.44139,49.55228],[5.44772,49.55451],[5.45703,49.56698],[5.44362,49.5676],[5.43765,49.56992],[5.42868,49.59579],[5.41824,49.5998],[5.41118,49.60827],[5.40225,49.6099],[5.39807,49.61583],[5.37548,49.62345],[5.36381,49.62322],[5.35112,49.63114],[5.34437,49.6286],[5.34324,49.62194],[5.33837,49.61808],[5.34048,49.61668],[5.32588,49.61614],[5.31209,49.61165],[5.31084,49.6185],[5.30468,49.62474],[5.30504,49.63007],[5.31819,49.64636],[5.33238,49.65411],[5.30915,49.67195],[5.29371,49.67724],[5.2702,49.69577],[5.25617,49.69421],[5.25058,49.68857],[5.24265,49.68546],[5.24298,49.68931],[5.23135,49.69165],[5.21801,49.68768],[5.20569,49.69635],[5.19978,49.69237],[5.19134,49.695],[5.16438,49.69339],[5.16595,49.7118],[5.15398,49.71886],[5.14366,49.70913],[5.14049,49.71346],[5.12597,49.71242],[5.126,49.71624],[5.12305,49.71723],[5.12505,49.72698],[5.11877,49.73869],[5.09435,49.7635],[5.08771,49.76615],[5.08554,49.76336],[5.07183,49.76099],[5.06307,49.76235],[5.06161,49.76736],[5.0371,49.77189],[5.00855,49.78204],[5.00713,49.78736],[4.99715,49.79481],[4.99825,49.79957],[4.99411,49.80086],[4.98463,49.79964],[4.96869,49.80159],[4.96755,49.79849],[4.96232,49.79779],[4.95399,49.80088],[4.94738,49.799],[4.94289,49.79049],[4.9389,49.7931],[4.93094,49.78702],[4.92012,49.78869],[4.9056,49.78551],[4.89814,49.78911],[4.88784,49.78823],[4.87584,49.79353],[4.87009,49.79327],[4.87113,49.78946],[4.86422,49.78883],[4.85161,49.79345],[4.85924,49.7969],[4.86309,49.8019],[4.86528,49.8133],[4.87611,49.81725],[4.87619,49.81972],[4.86918,49.82285],[4.86717,49.84206],[4.85749,49.84192],[4.85763,49.8467],[4.8518,49.85269],[4.85077,49.86549],[4.84749,49.86801],[4.85671,49.86474],[4.86265,49.86693],[4.86166,49.87159],[4.86644,49.87848],[4.87118,49.87873],[4.86922,49.88354],[4.8777,49.89461],[4.8874,49.8986],[4.88526,49.90196],[4.87632,49.90132],[4.87748,49.90445],[4.88763,49.90611],[4.89017,49.90889],[4.88085,49.91628],[4.88169,49.92206],[4.85909,49.93149],[4.84707,49.94906],[4.83994,49.95075],[4.82982,49.9492],[4.79115,49.95804],[4.79027,49.96759],[4.79507,49.97542],[4.79333,49.9818],[4.8074,49.98419],[4.81819,49.99372],[4.8163,50.00277],[4.82111,50.01216],[4.81743,50.01543],[4.81843,50.01979],[4.82244,50.02171],[4.82012,50.02615],[4.84188,50.0395],[4.84052,50.04657],[4.83204,50.04679],[4.82672,50.05111],[4.82957,50.05688],[4.81967,50.06062],[4.82186,50.06462],[4.81966,50.06606],[4.83813,50.06724],[4.84289,50.07773],[4.84075,50.08304],[4.84684,50.08439],[4.84205,50.0918],[4.83741,50.09321],[4.84993,50.09884],[4.84979,50.10121],[4.85848,50.10013],[4.86175,50.09712],[4.86059,50.09285],[4.87232,50.08776],[4.87586,50.0944],[4.86734,50.09745],[4.87338,50.10707],[4.86705,50.1188],[4.87075,50.12441],[4.87848,50.12723],[4.87841,50.1318],[4.88683,50.1308],[4.89702,50.13793],[4.89433,50.1403],[4.88138,50.14123],[4.88061,50.1495],[4.87579,50.15402],[4.86369,50.15237],[4.83242,50.15323],[4.82381,50.16225],[4.82512,50.16915],[4.80652,50.15268],[4.76217,50.13641],[4.75615,50.12163],[4.74805,50.12234],[4.75331,50.1165],[4.75167,50.1119],[4.71593,50.10089],[4.71332,50.09693],[4.7021,50.09556],[4.69229,50.08425],[4.68833,50.07258],[4.67954,50.06681],[4.68601,50.05743],[4.69684,50.05913],[4.70001,50.05295],[4.69519,50.04727],[4.69658,50.04252],[4.68461,50.02711],[4.68893,50.01129],[4.68503,50.00655],[4.69327,49.99544],[4.66672,49.99672],[4.6646,49.99422],[4.63234,49.987],[4.59755,49.98632],[4.5819,49.98356],[4.57349,49.97993],[4.57213,49.97468],[4.56455,49.97038],[4.54981,49.96827],[4.54139,49.96947],[4.5235,49.95044],[4.5187,49.95166],[4.51155,49.94683],[4.49518,49.94858],[4.48642,49.9462],[4.48116,49.94815],[4.44549,49.93718],[4.4412,49.94105],[4.4358,49.94072],[4.41629,49.94757],[4.40084,49.94921],[4.3905,49.94781],[4.38101,49.95438],[4.37199,49.95133],[4.34983,49.95254],[4.33574,49.96336],[4.31754,49.965],[4.30952,49.96953],[4.29716,49.96466],[4.26807,49.96529],[4.24162,49.96143],[4.23316,49.95775],[4.23026,49.94682],[4.22072,49.93721],[4.21696,49.91439],[4.22231,49.91038],[4.23339,49.90939],[4.23497,49.90399],[4.24556,49.90221],[4.25584,49.90398],[4.25087,49.88967],[4.254,49.88708],[4.25275,49.86963],[4.24876,49.85675],[4.24445,49.85257],[4.23296,49.84841],[4.22979,49.83602],[4.22359,49.8341],[4.21959,49.81426],[4.21427,49.80611],[4.22175,49.80452],[4.21899,49.80025],[4.22685,49.79362],[4.22242,49.78723],[4.20756,49.78109],[4.20592,49.77819],[4.2139,49.77111],[4.22861,49.77311],[4.23396,49.76891],[4.24283,49.76714],[4.24217,49.76212],[4.2496,49.75711],[4.22896,49.74638],[4.22589,49.73238],[4.23244,49.73052],[4.21382,49.72366],[4.20528,49.72319],[4.19763,49.71756],[4.19124,49.71626],[4.19317,49.71159],[4.18784,49.70883],[4.18519,49.69888],[4.14405,49.68859],[4.14877,49.67792],[4.141,49.67656],[4.13675,49.67815],[4.1369,49.67591],[4.12703,49.67792],[4.12207,49.65825],[4.12555,49.65107],[4.11672,49.64076],[4.11906,49.63852],[4.11575,49.63292],[4.1116,49.63435],[4.11129,49.63127],[4.10807,49.63373],[4.10221,49.63261],[4.09916,49.62835],[4.08717,49.63076],[4.08633,49.62926],[4.08063,49.63416],[4.07103,49.63535],[4.06898,49.63751],[4.05456,49.63695],[4.05567,49.63434],[4.04106,49.63834],[4.04026,49.63374],[4.04346,49.63125],[4.03808,49.62824],[4.03787,49.62302],[4.02449,49.62121],[4.04723,49.5996],[4.0523,49.60007],[4.05402,49.5952],[4.05921,49.59465],[4.0602,49.59633],[4.06605,49.5943],[4.06456,49.59202],[4.05913,49.59303],[4.05804,49.59134],[4.0623,49.58511],[4.05958,49.57586],[4.06593,49.57075],[4.07023,49.57337],[4.07679,49.5707],[4.07485,49.56575],[4.06681,49.56429],[4.06448,49.55936],[4.06275,49.56101],[4.05854,49.55252],[4.05023,49.55099],[4.04871,49.54536],[4.07517,49.54161],[4.07755,49.52832],[4.077,49.52463],[4.07309,49.52332],[4.07584,49.51835],[4.07194,49.51641],[4.06536,49.52358],[4.06306,49.52314],[4.05631,49.52106],[4.06188,49.51273],[4.05686,49.5105],[4.05722,49.50817],[4.04073,49.50865],[4.04177,49.46786],[4.04733,49.46649],[4.05785,49.45113],[4.06072,49.45151],[4.06719,49.44579],[4.06003,49.44736],[4.05143,49.44392],[4.04918,49.44767],[4.03721,49.4382],[4.0405,49.42992],[4.04376,49.42869],[4.04235,49.41668],[4.04852,49.41699],[4.05027,49.41226],[4.04796,49.40419],[4.04491,49.40442],[4.04465,49.40069],[4.03999,49.39743],[4.03597,49.38322],[4.0358,49.35989],[4.01778,49.3604],[4.01769,49.35841],[4.01272,49.3583],[4.00777,49.36896],[4.00061,49.36886],[3.99902,49.37236],[3.99655,49.37176],[3.99513,49.37828],[3.97254,49.37945],[3.96148,49.37734],[3.95334,49.38429],[3.94234,49.38894],[3.94411,49.38974],[3.9318,49.40065],[3.93398,49.40186],[3.92467,49.40782],[3.91546,49.40334],[3.91489,49.39829],[3.90983,49.39477],[3.89568,49.39294],[3.89338,49.39908],[3.87839,49.40562],[3.86842,49.40655],[3.85385,49.40093],[3.84811,49.4033],[3.8447,49.40216],[3.84631,49.40053],[3.82258,49.40254],[3.8235,49.40041],[3.83747,49.39655],[3.83959,49.391],[3.84486,49.39164],[3.84955,49.38766],[3.85419,49.38839],[3.85986,49.38615],[3.85966,49.3818],[3.85635,49.38116],[3.85984,49.37266],[3.85261,49.36564],[3.8561,49.36423],[3.84792,49.36435],[3.85874,49.35412],[3.85284,49.34497],[3.83292,49.35022],[3.82406,49.35404],[3.82393,49.3574],[3.80223,49.35891],[3.77961,49.35195],[3.77773,49.35598],[3.75767,49.34772],[3.74081,49.34761],[3.74217,49.33682],[3.7031,49.33294],[3.69327,49.32876],[3.69167,49.32992],[3.68931,49.32712],[3.66939,49.32511],[3.66518,49.31979],[3.6476,49.31595],[3.64394,49.31271],[3.64362,49.30303],[3.63822,49.30124],[3.6428,49.29604],[3.65732,49.29102],[3.659,49.28677],[3.65263,49.28284],[3.65161,49.27836],[3.66513,49.26943],[3.6586,49.26735],[3.65291,49.25469],[3.6567,49.25518],[3.65817,49.26056],[3.66067,49.26016],[3.66594,49.24636],[3.66985,49.24336],[3.66842,49.24106],[3.67503,49.24008],[3.67826,49.23523],[3.66997,49.23286],[3.6704,49.22804],[3.66571,49.22297],[3.65148,49.22148],[3.65626,49.21828],[3.65293,49.21549],[3.65487,49.21258],[3.66254,49.20898],[3.66457,49.21071],[3.67857,49.20686],[3.68145,49.20511],[3.67755,49.20346],[3.67702,49.1998],[3.68144,49.19748],[3.69748,49.20664],[3.70487,49.19859],[3.70194,49.19439],[3.69992,49.19577],[3.69662,49.19406],[3.69716,49.18793],[3.70685,49.18592],[3.70386,49.18153],[3.71141,49.17818],[3.72544,49.17352],[3.73011,49.17831],[3.75128,49.17778],[3.74877,49.15709],[3.73957,49.15689],[3.71697,49.14698],[3.70645,49.14531],[3.70795,49.14324],[3.70289,49.14147],[3.69803,49.14983],[3.68726,49.15418],[3.65323,49.14846],[3.62225,49.15111],[3.61886,49.14477],[3.62069,49.13944],[3.61489,49.13917],[3.60994,49.13489],[3.61189,49.12869],[3.59967,49.12068],[3.60293,49.11458],[3.61204,49.11829],[3.62281,49.10459],[3.63009,49.08903],[3.63926,49.08118],[3.63895,49.0775],[3.63192,49.07224],[3.62383,49.07078],[3.60984,49.07341],[3.60401,49.06956],[3.60209,49.06302],[3.58771,49.05939],[3.58513,49.03899],[3.58761,49.03381],[3.60104,49.03508],[3.61491,49.0335],[3.6169,49.03647],[3.63009,49.03959],[3.64042,49.03929],[3.64277,49.0371],[3.64999,49.0429],[3.65764,49.03808],[3.66418,49.03755],[3.67381,49.0216],[3.67907,49.01817],[3.67778,49.01392],[3.6607,49.00437],[3.64026,49.00437],[3.62365,48.9829],[3.62706,48.98103],[3.62107,48.96608],[3.61059,48.96691],[3.60508,48.96402],[3.60131,48.96627],[3.59141,48.96045],[3.60179,48.95347],[3.59928,48.9497],[3.60291,48.94403],[3.59024,48.94433],[3.57475,48.93921],[3.57317,48.92567],[3.57641,48.92325],[3.57068,48.91498],[3.56417,48.91179],[3.56002,48.91701],[3.54952,48.91302],[3.54744,48.91598],[3.53252,48.91049],[3.53106,48.91288],[3.52875,48.91225],[3.50829,48.89046],[3.509,48.88529],[3.50295,48.87141],[3.48139,48.86617],[3.48687,48.85735],[3.48502,48.85185],[3.4913,48.83462],[3.48518,48.82524],[3.48703,48.81512],[3.48084,48.81218],[3.46989,48.8211],[3.4594,48.81801],[3.46053,48.81536],[3.44805,48.81102],[3.44125,48.81148],[3.44115,48.81308],[3.43166,48.81234],[3.41634,48.81797],[3.40526,48.81025],[3.41131,48.80371],[3.41986,48.80336],[3.4231,48.80069],[3.43828,48.8046],[3.44209,48.80373],[3.43995,48.79898],[3.44281,48.78586],[3.44165,48.78253],[3.43784,48.78511],[3.4299,48.7795],[3.42444,48.78488],[3.40937,48.78373],[3.39606,48.75841],[3.39905,48.75493],[3.40825,48.75238],[3.41422,48.75469],[3.42589,48.75455],[3.42853,48.75843],[3.43651,48.75324],[3.4385,48.7391],[3.45191,48.73611],[3.45521,48.73812],[3.46972,48.73788],[3.46664,48.72886],[3.46675,48.70884],[3.46388,48.70724],[3.47779,48.69788],[3.47242,48.69781],[3.47142,48.68571],[3.46234,48.68539],[3.44765,48.67721],[3.44944,48.67577],[3.4427,48.67233],[3.44636,48.6669],[3.44056,48.66365],[3.46057,48.65304],[3.45154,48.63446],[3.45838,48.63372],[3.47612,48.6371],[3.49226,48.64745],[3.51317,48.6435],[3.5336,48.64652],[3.51829,48.6374],[3.51929,48.63308],[3.53822,48.63156],[3.55903,48.61772],[3.55673,48.6161],[3.54057,48.61627],[3.53518,48.6103],[3.50299,48.60464],[3.5163,48.58984],[3.49348,48.59007],[3.48531,48.58034],[3.4731,48.5766],[3.46535,48.57047],[3.47178,48.56397],[3.47399,48.56466],[3.47652,48.55181],[3.48399,48.54998],[3.48618,48.54699],[3.48615,48.5451],[3.47954,48.54534],[3.48175,48.54145],[3.47353,48.5405],[3.45584,48.52944],[3.45086,48.5286],[3.44959,48.53042],[3.43897,48.52809],[3.42623,48.5309],[3.42352,48.53362],[3.41423,48.53348],[3.40537,48.52785],[3.42393,48.51425],[3.43523,48.49687],[3.43464,48.49025],[3.42084,48.49183],[3.41317,48.48669],[3.40862,48.4856],[3.40782,48.48835],[3.4042,48.48798],[3.40374,48.48581],[3.3994,48.48717],[3.39941,48.48345],[3.39338,48.48421],[3.39314,48.48116],[3.38395,48.47979],[3.38853,48.47717],[3.39115,48.47044],[3.39965,48.46807],[3.39443,48.46272],[3.4005,48.46007],[3.40646,48.45263],[3.40494,48.43941],[3.40063,48.43509],[3.39528,48.43676],[3.39709,48.43334],[3.39167,48.42327],[3.39737,48.42455],[3.41186,48.42142],[3.4115,48.41747],[3.40766,48.41557],[3.40242,48.41764],[3.40337,48.41473],[3.42232,48.41614],[3.41474,48.39019],[3.41406,48.37534],[3.42174,48.37196],[3.42739,48.35809],[3.4372,48.36497],[3.44846,48.36841],[3.44733,48.37249],[3.45259,48.37439],[3.46709,48.37546],[3.47488,48.36927],[3.49763,48.36958],[3.50502,48.36555],[3.51317,48.36063],[3.52163,48.3517],[3.52042,48.34938],[3.53487,48.33834],[3.54503,48.33434],[3.5439,48.31979],[3.55328,48.3191],[3.56309,48.32157],[3.56501,48.31347],[3.56108,48.31207],[3.56681,48.30758],[3.57629,48.30507],[3.58008,48.30602],[3.58239,48.30145],[3.58793,48.30094],[3.58574,48.29008],[3.57805,48.28697],[3.5778,48.28459],[3.58383,48.28354],[3.58772,48.27995],[3.60044,48.27949],[3.60191,48.27592],[3.6091,48.27529],[3.61663,48.27145],[3.62432,48.25453],[3.61535,48.25086],[3.59955,48.23657],[3.6047,48.23003],[3.60786,48.23278],[3.61502,48.23182],[3.62177,48.22566],[3.61394,48.22026],[3.6157,48.21802],[3.61133,48.21215],[3.59989,48.20207],[3.57508,48.18882],[3.57875,48.18486],[3.59392,48.17868],[3.62166,48.19204],[3.63494,48.18792],[3.6415,48.18393],[3.65065,48.16823],[3.66051,48.15926],[3.66791,48.13929],[3.69092,48.14502],[3.69452,48.15506],[3.70028,48.14538],[3.70508,48.14431],[3.72005,48.15394],[3.72216,48.1599],[3.71375,48.17157],[3.71509,48.17464],[3.71853,48.17559],[3.74746,48.16625],[3.75179,48.16182],[3.75512,48.1503],[3.74247,48.14257],[3.73988,48.13238],[3.75075,48.12606],[3.75691,48.12531],[3.76212,48.13181],[3.76802,48.13376],[3.77722,48.12856],[3.77989,48.12067],[3.79179,48.11771],[3.7931,48.1131],[3.80565,48.10051],[3.8001,48.09721],[3.79807,48.08649],[3.80699,48.08415],[3.80568,48.08214],[3.82625,48.06366],[3.8239,48.06204],[3.82934,48.05754],[3.82392,48.05322],[3.8304,48.04734],[3.82205,48.04414],[3.8322,48.03636],[3.83442,48.03779],[3.83643,48.03568],[3.84323,48.03554],[3.84694,48.02959],[3.87053,48.01689],[3.87069,48.00298],[3.86359,48.00699],[3.85474,48.00344],[3.83956,48.00394],[3.83908,47.99925],[3.8415,47.99586],[3.84692,47.99465],[3.85003,47.98373],[3.86587,47.98448],[3.8617,47.97658],[3.87991,47.97912],[3.8834,47.98524],[3.8776,47.98705],[3.88529,47.99159],[3.88154,48.00034],[3.89319,48.00178],[3.90151,47.99638],[3.91093,47.98182],[3.9147,47.9757],[3.91282,47.96868],[3.90639,47.96234],[3.90264,47.94291],[3.89911,47.9406],[3.90343,47.93844],[3.89403,47.92917],[3.90169,47.92568],[3.90497,47.92514],[3.91159,47.93026],[3.91825,47.92816],[3.92626,47.93481],[3.93493,47.93204],[3.9455,47.93476],[3.94812,47.93079],[3.96168,47.93628],[3.9752,47.9312],[3.98578,47.93067],[4.005,47.94259],[4.01361,47.93683],[4.01223,47.93274],[4.01626,47.92939],[4.02521,47.92862],[4.03128,47.93319],[4.04523,47.92597],[4.05887,47.9317],[4.05635,47.94077],[4.06076,47.94579],[4.07788,47.94299],[4.08969,47.94501],[4.09295,47.94292],[4.09,47.93619],[4.09381,47.93402],[4.09208,47.9282],[4.09404,47.92659],[4.09801,47.92955],[4.10706,47.92981],[4.10961,47.92604],[4.13337,47.93802],[4.14184,47.93711],[4.14016,47.94276],[4.15586,47.95579],[4.1658,47.96],[4.16932,47.95733],[4.17288,47.95939],[4.18417,47.95589],[4.1855,47.94027],[4.19281,47.93945],[4.2027,47.94166],[4.20784,47.94659],[4.20315,47.9593],[4.21242,47.96316],[4.20323,47.96],[4.1929,47.965],[4.2046,47.97343],[4.21033,47.97161],[4.22582,47.97209],[4.22861,47.96181],[4.22214,47.94969],[4.23697,47.94085],[4.24506,47.93003],[4.25656,47.92875],[4.25689,47.9268],[4.26649,47.92396],[4.2883,47.92709],[4.2928,47.92588],[4.30297,47.93788],[4.29808,47.94974],[4.30259,47.95076],[4.309,47.96117],[4.31272,47.96269],[4.31975,47.95962],[4.34035,47.95805],[4.34311,47.95585],[4.36149,47.95719],[4.36972,47.96164],[4.38377,47.95969],[4.38732,47.96217],[4.39723,47.96224],[4.4172,47.96868],[4.42616,47.96679],[4.43523,47.96036],[4.44713,47.95638],[4.45575,47.95985],[4.46991,47.95993],[4.49309,47.96818],[4.5151,47.9663],[4.53211,47.96997],[4.55422,47.96766],[4.55971,47.97153],[4.55684,47.98215],[4.555,47.98599],[4.54527,47.98841],[4.54098,47.99203],[4.53572,48.00677],[4.54948,48.00443],[4.55562,48.01362],[4.56341,48.01553],[4.57082,48.02462],[4.58511,48.03006],[4.60077,48.03037],[4.60789,48.02836],[4.61655,48.0313],[4.62196,48.02438],[4.64745,48.02572],[4.65358,48.02256],[4.65588,48.01697],[4.66538,48.021],[4.67082,48.01534],[4.69883,48.02391],[4.71618,48.01139],[4.72272,48.01015],[4.71992,48.00914],[4.74214,48.00462],[4.77306,48.00497],[4.78949,48.00811],[4.79375,48.00299],[4.79324,47.99654],[4.81059,47.98865],[4.80614,47.98584],[4.79464,47.98447],[4.78559,47.97142],[4.78652,47.9642],[4.79112,47.96536],[4.79337,47.96242],[4.80676,47.96211],[4.81143,47.95935],[4.81942,47.96036],[4.81982,47.96449],[4.82748,47.96086],[4.84519,47.96125],[4.8576,47.95189],[4.86609,47.94051],[4.85213,47.92997],[4.84715,47.929],[4.84704,47.92147],[4.83969,47.92276],[4.83093,47.91751],[4.82942,47.91243],[4.83403,47.90678],[4.85679,47.89563],[4.86043,47.89632],[4.85922,47.90179],[4.87084,47.9153],[4.86923,47.91773],[4.89434,47.92303],[4.90291,47.92104],[4.914,47.90559],[4.91543,47.89782],[4.92749,47.88855],[4.92714,47.87884],[4.93003,47.87504],[4.92745,47.87155],[4.9402,47.86703],[4.9541,47.86677],[4.9634,47.85221],[4.96043,47.83941],[4.96618,47.83937],[4.96835,47.83194],[4.9847,47.82887],[4.98598,47.82254],[4.99413,47.81975],[4.98879,47.81865],[4.99385,47.81291],[4.98817,47.80895],[4.99153,47.80792],[4.98853,47.80386],[4.98239,47.80206],[4.98243,47.79985],[4.97765,47.80023],[4.95525,47.7896],[4.91796,47.77709],[4.92388,47.77534],[4.92379,47.77341],[4.92076,47.7728],[4.92088,47.76722],[4.91692,47.76685],[4.92671,47.76484],[4.92268,47.75895],[4.94221,47.76261],[4.94741,47.76658],[4.95082,47.76264],[4.95899,47.76187],[4.95995,47.75155],[4.96614,47.74056],[4.9568,47.73245],[4.96983,47.73557],[4.97166,47.72941],[4.9635,47.72217],[4.96582,47.71524],[4.95377,47.70485],[4.9595,47.69721],[4.97198,47.69157],[4.96909,47.68583],[4.99511,47.68911],[5.00361,47.69373],[5.00477,47.70125],[5.00774,47.70025],[5.01518,47.70615],[5.01773,47.70459],[5.02916,47.70992],[5.03365,47.70788],[5.03393,47.70162],[5.02912,47.69746],[5.02878,47.69328],[5.05355,47.69419],[5.05572,47.69743],[5.06081,47.69485],[5.0525,47.68801],[5.05043,47.68009],[5.04443,47.67741],[5.05342,47.66838],[5.06568,47.66709],[5.06776,47.66461],[5.06916,47.66858],[5.07153,47.66421],[5.07914,47.66704],[5.07825,47.66009],[5.08365,47.66044],[5.08396,47.65734],[5.10152,47.65958],[5.10887,47.64969],[5.1166,47.65189],[5.11744,47.64944],[5.12537,47.64677],[5.12866,47.64984],[5.13857,47.65087],[5.13609,47.65361],[5.14282,47.65567],[5.15541,47.66706],[5.16158,47.68043],[5.17844,47.68098],[5.17326,47.66648],[5.17463,47.65148],[5.18839,47.64961],[5.19816,47.64437],[5.21141,47.64189],[5.22127,47.63224],[5.23025,47.62954],[5.22923,47.62556],[5.23743,47.62095],[5.23694,47.61677],[5.25054,47.62215],[5.25872,47.62217],[5.23811,47.5965],[5.24764,47.58977],[5.25312,47.57686],[5.26853,47.58146],[5.27789,47.58157],[5.2777,47.59014],[5.2808,47.59263],[5.29399,47.59787],[5.30184,47.60622],[5.31428,47.60613],[5.32246,47.61241],[5.33916,47.60954],[5.34548,47.60474],[5.34198,47.59471],[5.34411,47.59615],[5.35572,47.5917],[5.35929,47.59372],[5.36681,47.60494],[5.37384,47.60448],[5.37233,47.61848],[5.38568,47.63505],[5.40574,47.64687],[5.40432,47.64875],[5.39812,47.64873],[5.40651,47.67354],[5.42018,47.67767],[5.43521,47.67104],[5.44392,47.67057],[5.47144,47.67558],[5.47454,47.68076],[5.48277,47.68464],[5.51007,47.67423],[5.52985,47.67299],[5.56737,47.7072],[5.58171,47.70307],[5.58522,47.70002],[5.5846,47.69098],[5.59165,47.68421],[5.59682,47.67202],[5.6009,47.67519],[5.61692,47.67351],[5.63181,47.67728],[5.64828,47.6754],[5.65942,47.68123],[5.65966,47.68473],[5.66738,47.68552],[5.67203,47.682],[5.68099,47.68663],[5.68584,47.68306],[5.68769,47.6858],[5.69112,47.68472],[5.69486,47.69231],[5.69354,47.70481],[5.68412,47.71197],[5.68354,47.71676],[5.68832,47.71936],[5.68471,47.7224],[5.69591,47.72524],[5.68869,47.73047],[5.6919,47.73691],[5.70953,47.74558],[5.70609,47.75271],[5.7089,47.75653],[5.70753,47.76755],[5.70222,47.76997],[5.68001,47.77009],[5.68213,47.77553],[5.67638,47.77914],[5.68179,47.80933],[5.69273,47.8218],[5.70001,47.82387],[5.73143,47.81763],[5.742,47.81943],[5.74609,47.82356],[5.74519,47.82674],[5.75118,47.82897],[5.74517,47.82965],[5.74727,47.83144],[5.74534,47.83638],[5.74815,47.83848],[5.74358,47.84235],[5.7442,47.84885],[5.74965,47.85248],[5.75342,47.85178],[5.7612,47.85934],[5.76747,47.85576],[5.77476,47.85804],[5.78467,47.85527],[5.79888,47.85571],[5.7959,47.84692],[5.82843,47.85193],[5.82811,47.85662],[5.818,47.85201],[5.82463,47.8557],[5.822,47.85782],[5.82806,47.85803],[5.82467,47.85939],[5.82064,47.86911],[5.83863,47.8854],[5.83748,47.89124],[5.85161,47.90603],[5.86997,47.9007],[5.88077,47.90177],[5.88235,47.89982],[5.88674,47.90282],[5.89094,47.91061],[5.88639,47.91591],[5.88958,47.92059],[5.88341,47.92145],[5.88358,47.92491],[5.89766,47.93094],[5.8929,47.93714],[5.90016,47.94447],[5.91802,47.94744],[5.92048,47.9566],[5.91738,47.96624],[5.93269,47.97738],[5.94753,47.97971],[5.94954,47.97294],[5.95883,47.9705],[5.96013,47.96802],[5.94645,47.95517],[5.93778,47.95092],[5.92868,47.93811],[5.94936,47.93545],[5.96902,47.94751],[5.97053,47.9572],[5.98195,47.95794],[5.98398,47.95621],[5.99579,47.95832],[6.00227,47.95609],[6.00527,47.95784],[6.00928,47.9615],[6.00624,47.96402],[6.01214,47.97185],[6.01765,47.97036],[6.02609,47.98145],[6.01817,47.98422],[6.019,47.98748],[6.02483,47.98721],[6.02495,47.99183],[6.03216,47.99062],[6.03248,47.99913],[6.04113,48.00447],[6.0732,48.01594],[6.08089,48.01295],[6.09774,48.01504],[6.10939,48.01262],[6.11735,48.01995],[6.13131,48.02414],[6.13184,48.01993],[6.1459,48.01583],[6.15619,48.00676],[6.15217,47.99488],[6.15974,47.9923],[6.15737,47.98418],[6.16507,47.97597],[6.16454,47.97311],[6.15016,47.97014],[6.14965,47.96574],[6.1554,47.96451],[6.15733,47.96781],[6.1608,47.96475],[6.16074,47.95871],[6.16799,47.95235],[6.17388,47.95225],[6.18201,47.9563],[6.19737,47.95179],[6.19711,47.94743],[6.20797,47.94681],[6.20871,47.93965],[6.20523,47.93202],[6.21434,47.93042],[6.21922,47.93574],[6.23798,47.93284],[6.2387,47.93709],[6.24324,47.93964],[6.25077,47.93908],[6.27733,47.95381],[6.28718,47.95554],[6.29642,47.95537],[6.30728,47.95014],[6.32399,47.94842],[6.33471,47.95593],[6.34461,47.95428],[6.35364,47.95868],[6.36093,47.95852],[6.365,47.96257],[6.37798,47.95883],[6.39101,47.96052],[6.39451,47.95502],[6.40536,47.95311],[6.40834,47.94329],[6.4348,47.94292],[6.43631,47.9365],[6.44812,47.92627],[6.44916,47.92173],[6.45777,47.92052],[6.46266,47.91728],[6.46343,47.91407],[6.45596,47.90676],[6.46552,47.89711],[6.47799,47.89304],[6.47408,47.891],[6.47826,47.88544],[6.50321,47.89622],[6.544,47.90309],[6.54396,47.90845],[6.55238,47.91174],[6.55203,47.9155],[6.56341,47.93139],[6.58971,47.9426],[6.60737,47.94379],[6.61648,47.93265],[6.62736,47.93009],[6.63398,47.9208],[6.64165,47.91876],[6.63928,47.91029],[6.64641,47.90323],[6.65481,47.90107],[6.66693,47.89377],[6.67631,47.89033],[6.68338,47.8904],[6.70368,47.88142],[6.7112,47.87526],[6.73718,47.86495],[6.73835,47.86133],[6.76037,47.8586],[6.76388,47.85743],[6.76446,47.85346],[6.78262,47.85128],[6.79222,47.84222],[6.78871,47.83384],[6.79278,47.82973],[6.81726,47.81862],[6.82361,47.81328],[6.83397,47.8186],[6.8394,47.82467],[6.84479,47.82399],[6.84101,47.81898],[6.84297,47.81282],[6.85056,47.80681],[6.8482,47.80427],[6.8516,47.798],[6.86005,47.79435],[6.86266,47.78554],[6.86602,47.78385],[6.872,47.78177],[6.88181,47.7821],[6.89632,47.77712],[6.91136,47.77806],[6.92545,47.76956],[6.93998,47.77166],[6.94347,47.76656],[6.95223,47.76436],[6.97217,47.75158],[6.98109,47.7514],[7.01289,47.74145],[7.01583,47.7438],[7.02274,47.73256],[7.03778,47.72162],[7.02648,47.70096],[7.03382,47.69965],[7.03287,47.69535],[7.03731,47.69472],[7.03847,47.68677],[7.04813,47.68451],[7.04842,47.68211],[7.04268,47.68112],[7.03745,47.67537],[7.04608,47.67143],[7.04079,47.66517],[7.03518,47.66355],[7.0393,47.65051],[7.03027,47.64925],[7.01895,47.65092],[7.01656,47.647],[7.01851,47.641],[7.01233,47.63932],[7.01598,47.63591],[7.01259,47.63143],[7.01685,47.62708],[7.01433,47.62584],[7.01054,47.63031],[7.00593,47.62892],[7.00808,47.62085],[7.00501,47.6196],[7.00761,47.60625],[7.01032,47.60474],[7.00565,47.6021],[7.01955,47.59593],[7.02156,47.59368],[7.01578,47.59186],[7.01965,47.58864],[7.02482,47.5892],[7.02549,47.59274],[7.03437,47.59414],[7.03978,47.60115],[7.04634,47.60103],[7.04758,47.59868],[7.05191,47.60049],[7.05435,47.59856],[7.07042,47.60073],[7.07016,47.59633],[7.07554,47.59876],[7.08615,47.59286],[7.08589,47.58676],[7.09414,47.5735],[7.10481,47.56974],[7.10827,47.56388],[7.10824,47.55214],[7.10571,47.5516],[7.13088,47.54114],[7.13576,47.5369],[7.13835,47.52772],[7.14336,47.52459],[7.13589,47.50692],[7.13026,47.50295]]]},"properties":{"code":"44","nom":"Grand Est"}},
{"type":"Feature","geometry":{"type":"MultiPolygon","coordinates":[[[[-1.07008,48.50882],[-1.06692,48.50477],[-1.07669,48.50243],[-1.07546,48.49595],[-1.07853,48.48947],[-1.07001,48.48551],[-1.07881,48.48263],[-1.07306,48.48221],[-1.074,48.47391],[-1.07117,48.46938],[-1.066,48.4701],[-1.06392,48.46731],[-1.06706,48.46021],[-1.06523,48.45142],[-1.07957,48.44356],[-1.08289,48.43016],[-1.0782,48.42453],[-1.08005,48.41417],[-1.06365,48.3995],[-1.06215,48.39297],[-1.05302,48.38097],[-1.05707,48.37915],[-1.05724,48.37558],[-1.06488,48.36778],[-1.05574,48.36465],[-1.05998,48.35762],[-1.06022,48.3491],[-1.04509,48.32781],[-1.06136,48.31119],[-1.08198,48.29862],[-1.08406,48.29282],[-1.09039,48.28945],[-1.09265,48.27505],[-1.09999,48.26847],[-1.10202,48.26267],[-1.09915,48.26036],[-1.0993,48.2501],[-1.09017,48.23912],[-1.09128,48.23221],[-1.0863,48.23066],[-1.08452,48.22084],[-1.08068,48.21963],[-1.08722,48.21013],[-1.07367,48.19997],[-1.0786,48.18978],[-1.07998,48.17473],[-1.07578,48.17345],[-1.0773,48.16703],[-1.07278,48.16585],[-1.07442,48.15932],[-1.06417,48.16083],[-1.06032,48.15022],[-1.05937,48.12571],[-1.05402,48.117],[-1.0497,48.08998],[-1.04047,48.07809],[-1.02136,48.0684],[-1.02664,48.0655],[-1.03357,48.05305],[-1.02656,48.0456],[-1.03015,48.04345],[-1.0272,48.04056],[-1.02971,48.03587],[-1.03492,48.0334],[-1.01831,48.013],[-1.0166,48.00808],[-1.01898,48.00504],[-1.01561,48.0034],[-1.02267,47.99422],[-1.03816,47.99157],[-1.04795,47.98487],[-1.06509,47.98491],[-1.07188,47.98189],[-1.09142,47.98785],[-1.09779,47.98661],[-1.10125,47.98931],[-1.11398,47.98882],[-1.11991,47.98584],[-1.12446,47.98685],[-1.12827,47.98174],[-1.12449,47.97955],[-1.12781,47.97476],[-1.12527,47.97159],[-1.13261,47.97121],[-1.13436,47.96786],[-1.13947,47.97054],[-1.14151,47.9674],[-1.14859,47.96806],[-1.15545,47.96538],[-1.16156,47.95282],[-1.15995,47.93936],[-1.16741,47.93563],[-1.16342,47.92764],[-1.16821,47.91631],[-1.17527,47.91197],[-1.17679,47.9074],[-1.17603,47.89753],[-1.18192,47.8921],[-1.19021,47.892],[-1.19679,47.88912],[-1.19778,47.87999],[-1.19025,47.87396],[-1.18905,47.86721],[-1.19735,47.86377],[-1.20313,47.8569],[-1.20646,47.85872],[-1.20862,47.85668],[-1.21582,47.85743],[-1.22292,47.85242],[-1.22158,47.84944],[-1.21473,47.84703],[-1.21614,47.83239],[-1.22218,47.82474],[-1.22039,47.82027],[-1.23471,47.81883],[-1.23811,47.80982],[-1.24256,47.80785],[-1.23656,47.79846],[-1.24607,47.77673],[-1.31136,47.79112],[-1.36506,47.7991],[-1.36256,47.8035],[-1.36466,47.80661],[-1.37798,47.81002],[-1.37696,47.81553],[-1.38192,47.8236],[-1.39352,47.8293],[-1.39848,47.82909],[-1.40549,47.82443],[-1.4109,47.82857],[-1.41772,47.8274],[-1.42349,47.83277],[-1.43971,47.83051],[-1.44732,47.83322],[-1.45708,47.83112],[-1.46268,47.83594],[-1.47167,47.833],[-1.47845,47.83583],[-1.48279,47.83161],[-1.47504,47.82524],[-1.46716,47.80982],[-1.47173,47.80272],[-1.491,47.79816],[-1.49958,47.79844],[-1.50288,47.80145],[-1.52078,47.79335],[-1.52905,47.78478],[-1.55009,47.78286],[-1.55333,47.78514],[-1.56537,47.77874],[-1.57756,47.7777],[-1.5861,47.77965],[-1.59405,47.77567],[-1.59844,47.76973],[-1.59394,47.76722],[-1.60456,47.76288],[-1.60992,47.76447],[-1.61746,47.76197],[-1.61979,47.76411],[-1.62318,47.76348],[-1.62734,47.75965],[-1.62608,47.75657],[-1.63351,47.74344],[-1.6365,47.74244],[-1.63818,47.72231],[-1.64827,47.72099],[-1.64986,47.71766],[-1.65567,47.7153],[-1.65467,47.71239],[-1.65842,47.70925],[-1.66496,47.71271],[-1.68307,47.71144],[-1.70735,47.71439],[-1.70362,47.70047],[-1.72943,47.69924],[-1.73751,47.70479],[-1.75195,47.70756],[-1.77109,47.69826],[-1.78372,47.69925],[-1.78986,47.70206],[-1.80226,47.70142],[-1.81495,47.70561],[-1.8204,47.70472],[-1.82724,47.7107],[-1.84032,47.70554],[-1.85655,47.70844],[-1.86476,47.70646],[-1.86718,47.70166],[-1.87802,47.69541],[-1.8953,47.69615],[-1.93785,47.68615],[-1.95654,47.6712],[-1.965,47.67131],[-1.9695,47.67363],[-1.96903,47.68968],[-1.97356,47.69445],[-1.98715,47.68169],[-2.00896,47.67176],[-2.01285,47.66616],[-2.0389,47.6697],[-2.04957,47.6618],[-2.05121,47.64986],[-2.06741,47.64975],[-2.07403,47.65187],[-2.08151,47.65012],[-2.0908,47.64214],[-2.09668,47.63207],[-2.0851,47.62183],[-2.08607,47.60409],[-2.10181,47.59626],[-2.10347,47.5933],[-2.09961,47.58154],[-2.10474,47.57525],[-2.10112,47.5774],[-2.09861,47.572],[-2.09668,47.57268],[-2.09917,47.5584],[-2.10483,47.54893],[-2.09694,47.5407],[-2.09883,47.53345],[-2.11884,47.52809],[-2.13181,47.53122],[-2.13184,47.52669],[-2.15604,47.52202],[-2.15289,47.5105],[-2.15425,47.49645],[-2.16415,47.48918],[-2.17309,47.49209],[-2.18191,47.49051],[-2.19215,47.49667],[-2.19255,47.50011],[-2.18807,47.49935],[-2.18363,47.50181],[-2.18638,47.50641],[-2.18464,47.5122],[-2.21503,47.50847],[-2.23062,47.49784],[-2.24377,47.49389],[-2.26561,47.50179],[-2.25719,47.50518],[-2.25487,47.51163],[-2.26129,47.51378],[-2.26665,47.51053],[-2.27435,47.51265],[-2.28174,47.50997],[-2.28681,47.51493],[-2.2911,47.51341],[-2.29854,47.51589],[-2.29654,47.5112],[-2.29904,47.50037],[-2.30406,47.49154],[-2.31314,47.4859],[-2.31169,47.46514],[-2.31745,47.46114],[-2.34962,47.45775],[-2.35317,47.45445],[-2.36825,47.46431],[-2.38398,47.46214],[-2.38342,47.4599],[-2.38928,47.4571],[-2.40045,47.45624],[-2.41734,47.46072],[-2.41821,47.46709],[-2.42305,47.4684],[-2.41817,47.47253],[-2.42311,47.47723],[-2.42967,47.47574],[-2.43173,47.4719],[-2.4339,47.4726],[-2.43755,47.46607],[-2.45317,47.46249],[-2.4534,47.45545],[-2.45877,47.44806],[-2.44594,47.43746],[-2.45512,47.43111],[-2.4569,47.42381],[-2.45328,47.42609],[-2.44688,47.42128],[-2.44037,47.42153],[-2.43174,47.41672],[-2.43274,47.41387],[-2.44738,47.41141],[-2.457,47.41439],[-2.46183,47.41111],[-2.46837,47.41741],[-2.4681,47.42105],[-2.46981,47.41701],[-2.47751,47.4125],[-2.48528,47.4127],[-2.48855,47.4106],[-2.49124,47.40473],[-2.49962,47.40435],[-2.52316,47.39208],[-2.53451,47.3831],[-2.54729,47.38167],[-2.5588,47.3752],[-2.55082,47.36881],[-2.54036,47.36562],[-2.53293,47.36608],[-2.52741,47.36315],[-2.51501,47.34932],[-2.51681,47.34654],[-2.51558,47.34539],[-2.51252,47.34772],[-2.50778,47.34273],[-2.50341,47.32229],[-2.50658,47.31136],[-2.51459,47.30365],[-2.5113,47.30056],[-2.4763,47.30028],[-2.46684,47.2929],[-2.4732,47.29501],[-2.48038,47.29314],[-2.47423,47.28573],[-2.4877,47.28902],[-2.48987,47.28643],[-2.50205,47.28776],[-2.50249,47.28486],[-2.50329,47.28641],[-2.50153,47.28907],[-2.50554,47.29265],[-2.52513,47.30207],[-2.54481,47.29834],[-2.54639,47.29075],[-2.51927,47.2861],[-2.50533,47.28031],[-2.49904,47.28062],[-2.49347,47.27475],[-2.48147,47.27384],[-2.47113,47.26943],[-2.46576,47.27098],[-2.45963,47.26959],[-2.45097,47.26285],[-2.43127,47.25819],[-2.42831,47.25974],[-2.41937,47.25827],[-2.4166,47.26069],[-2.4277,47.27677],[-2.42792,47.2796],[-2.42541,47.28311],[-2.4126,47.28466],[-2.42633,47.2813],[-2.42666,47.27706],[-2.42325,47.27426],[-2.41389,47.27849],[-2.39957,47.28117],[-2.37402,47.27839],[-2.35445,47.27114],[-2.34259,47.26125],[-2.34224,47.25686],[-2.299,47.23378],[-2.28925,47.23746],[-2.26723,47.2388],[-2.25343,47.25329],[-2.24628,47.25613],[-2.22866,47.25598],[-2.22283,47.25904],[-2.22459,47.2651],[-2.21044,47.27018],[-2.20005,47.26956],[-2.19785,47.27512],[-2.18697,47.28075],[-2.17026,47.26771],[-2.17128,47.23989],[-2.17523,47.23655],[-2.18182,47.23563],[-2.16828,47.21632],[-2.16094,47.21163],[-2.16308,47.20982],[-2.15816,47.19731],[-2.16151,47.19353],[-2.16707,47.16873],[-2.17909,47.15594],[-2.19748,47.15911],[-2.2256,47.15223],[-2.2297,47.14395],[-2.24212,47.13597],[-2.24501,47.13714],[-2.24815,47.13352],[-2.24567,47.13129],[-2.24179,47.13264],[-2.22659,47.13081],[-2.22036,47.12541],[-2.21439,47.12381],[-2.20741,47.12514],[-2.17745,47.12204],[-2.17592,47.1198],[-2.16457,47.1184],[-2.15853,47.11412],[-2.14439,47.11188],[-2.12721,47.11224],[-2.11648,47.10946],[-2.10069,47.11484],[-2.10723,47.11003],[-2.10608,47.10702],[-2.0954,47.10637],[-2.05318,47.09466],[-2.04006,47.07751],[-2.00457,47.0613],[-1.98377,47.02966],[-1.97559,47.02884],[-1.99721,47.01852],[-2.01007,47.01672],[-2.01678,47.01243],[-2.02923,47.00964],[-2.03149,46.99907],[-2.0382,46.99751],[-2.03232,46.99117],[-2.03681,46.99143],[-2.04613,46.97783],[-2.04462,46.96903],[-2.0395,46.96844],[-2.04462,46.96797],[-2.0581,46.95081],[-2.07357,46.94106],[-2.07096,46.93509],[-2.07553,46.93976],[-2.07961,46.9385],[-2.07603,46.93425],[-2.08875,46.93174],[-2.09482,46.92516],[-2.10642,46.91984],[-2.11891,46.90716],[-2.11959,46.90147],[-2.11448,46.89984],[-2.12183,46.89964],[-2.1271,46.89221],[-2.13735,46.89281],[-2.14616,46.88944],[-2.1553,46.88998],[-2.1568,46.88704],[-2.14711,46.86261],[-2.14331,46.82198],[-2.14014,46.81732],[-2.12441,46.80727],[-2.06291,46.77789],[-2.02235,46.75059],[-1.98008,46.71777],[-1.97962,46.70562],[-1.96624,46.69245],[-1.95257,46.69443],[-1.9472,46.69805],[-1.93702,46.6934],[-1.93409,46.69538],[-1.93418,46.69233],[-1.93704,46.69208],[-1.9484,46.69548],[-1.94078,46.69096],[-1.91288,46.66202],[-1.90763,46.65102],[-1.89739,46.64012],[-1.87566,46.62794],[-1.87073,46.61761],[-1.8574,46.61017],[-1.82367,46.53169],[-1.81285,46.49416],[-1.80432,46.48927],[-1.79445,46.48954],[-1.79657,46.4973],[-1.79575,46.50224],[-1.7894,46.50443],[-1.78777,46.50216],[-1.79299,46.50068],[-1.79568,46.49772],[-1.79017,46.49931],[-1.7864,46.49788],[-1.79515,46.49569],[-1.79369,46.49267],[-1.78414,46.49467],[-1.77733,46.49277],[-1.77091,46.4895],[-1.75799,46.4758],[-1.73246,46.46583],[-1.72172,46.45748],[-1.71411,46.45847],[-1.7113,46.45183],[-1.69658,46.44734],[-1.68915,46.44239],[-1.67689,46.44076],[-1.65668,46.43288],[-1.64674,46.43452],[-1.64237,46.43205],[-1.64693,46.43251],[-1.64812,46.42625],[-1.65402,46.42377],[-1.65038,46.42077],[-1.63007,46.41795],[-1.62421,46.41325],[-1.61167,46.41342],[-1.58841,46.40868],[-1.58032,46.40952],[-1.54886,46.40539],[-1.54108,46.40967],[-1.5122,46.40321],[-1.50263,46.39815],[-1.48714,46.38],[-1.4712,46.34601],[-1.46629,46.34257],[-1.43792,46.3401],[-1.42372,46.34752],[-1.40312,46.34112],[-1.38649,46.34098],[-1.36838,46.34597],[-1.37604,46.34484],[-1.37731,46.34749],[-1.37296,46.34917],[-1.35815,46.34803],[-1.33351,46.33467],[-1.33664,46.33343],[-1.35131,46.34081],[-1.32929,46.32773],[-1.31822,46.3161],[-1.31161,46.30439],[-1.3003,46.29414],[-1.29371,46.29048],[-1.28705,46.28751],[-1.29335,46.29051],[-1.29379,46.29165],[-1.29672,46.29339],[-1.29646,46.29722],[-1.30109,46.29895],[-1.29913,46.30027],[-1.289,46.29758],[-1.29005,46.30424],[-1.2978,46.3061],[-1.30649,46.32289],[-1.31627,46.33059],[-1.31426,46.33237],[-1.33161,46.33845],[-1.33683,46.34978],[-1.33157,46.34925],[-1.33375,46.34343],[-1.33167,46.34075],[-1.32705,46.33915],[-1.3248,46.34052],[-1.30871,46.33141],[-1.30735,46.32775],[-1.30086,46.32701],[-1.30139,46.32492],[-1.2957,46.32394],[-1.29648,46.32046],[-1.28571,46.31464],[-1.2853,46.31179],[-1.24762,46.29082],[-1.23043,46.27762],[-1.20954,46.26823],[-1.20451,46.2696],[-1.20876,46.27894],[-1.20762,46.28759],[-1.19585,46.3007],[-1.20284,46.31606],[-1.16735,46.31987],[-1.16465,46.32348],[-1.1667,46.33271],[-1.16425,46.33299],[-1.16252,46.32371],[-1.14003,46.31146],[-1.13111,46.31137],[-1.12507,46.31644],[-1.12799,46.32074],[-1.11477,46.32919],[-1.11272,46.32918],[-1.11532,46.32418],[-1.11347,46.3198],[-1.10533,46.31479],[-1.1001,46.31633],[-1.09701,46.31207],[-1.09173,46.31738],[-1.0747,46.31803],[-1.08136,46.32369],[-1.07342,46.32701],[-1.07451,46.32852],[-1.06472,46.33515],[-1.05369,46.34952],[-1.05246,46.34257],[-1.0134,46.3556],[-1.01285,46.34928],[-0.99957,46.35483],[-0.99507,46.35051],[-0.97465,46.3513],[-0.96497,46.36534],[-0.95109,46.36027],[-0.94207,46.36814],[-0.93675,46.36639],[-0.92979,46.371],[-0.92745,46.37074],[-0.93856,46.35241],[-0.94314,46.33709],[-0.96265,46.3225],[-0.9354,46.31493],[-0.93264,46.31062],[-0.92846,46.311],[-0.92687,46.31567],[-0.92092,46.31256],[-0.91513,46.31612],[-0.91117,46.31299],[-0.89492,46.31697],[-0.89317,46.32316],[-0.8871,46.3269],[-0.88413,46.32419],[-0.86977,46.32255],[-0.86485,46.32763],[-0.86042,46.32478],[-0.86337,46.3208],[-0.86125,46.31802],[-0.84977,46.31781],[-0.8448,46.32555],[-0.84884,46.33198],[-0.84035,46.34046],[-0.83127,46.3419],[-0.82631,46.3368],[-0.82135,46.33597],[-0.80955,46.3387],[-0.80328,46.34289],[-0.79697,46.33908],[-0.80768,46.33298],[-0.803,46.32541],[-0.79407,46.32509],[-0.78527,46.31926],[-0.77577,46.31862],[-0.76871,46.31237],[-0.75897,46.31196],[-0.74897,46.30221],[-0.73463,46.30505],[-0.72192,46.30243],[-0.7158,46.30711],[-0.72402,46.30981],[-0.72103,46.31427],[-0.71641,46.31687],[-0.70869,46.31726],[-0.69731,46.32506],[-0.67213,46.31634],[-0.66328,46.31711],[-0.65739,46.31502],[-0.64825,46.31696],[-0.63681,46.32431],[-0.63604,46.32803],[-0.6395,46.32903],[-0.63723,46.33702],[-0.62157,46.33795],[-0.60507,46.34733],[-0.6034,46.35433],[-0.60692,46.35514],[-0.60311,46.36148],[-0.57696,46.35544],[-0.57219,46.3584],[-0.56203,46.35956],[-0.53815,46.38635],[-0.5506,46.39338],[-0.56615,46.39308],[-0.57185,46.39611],[-0.57239,46.40081],[-0.58212,46.40235],[-0.59301,46.40957],[-0.60572,46.41328],[-0.61012,46.41369],[-0.61279,46.41142],[-0.62091,46.39067],[-0.64067,46.39719],[-0.62896,46.40407],[-0.63966,46.41075],[-0.64019,46.4181],[-0.63464,46.42892],[-0.63662,46.43207],[-0.61851,46.43896],[-0.61633,46.44473],[-0.61926,46.4553],[-0.61378,46.44905],[-0.60805,46.45501],[-0.61589,46.46089],[-0.61914,46.4759],[-0.63117,46.4786],[-0.62456,46.48539],[-0.62498,46.49759],[-0.64676,46.51143],[-0.63833,46.51283],[-0.63808,46.5221],[-0.64413,46.52175],[-0.64204,46.52488],[-0.62177,46.53032],[-0.61597,46.52632],[-0.61244,46.53019],[-0.60846,46.52623],[-0.60223,46.53335],[-0.60448,46.54393],[-0.60232,46.5482],[-0.60829,46.55105],[-0.60642,46.5638],[-0.61794,46.56174],[-0.61874,46.57217],[-0.62464,46.57519],[-0.62428,46.57817],[-0.62029,46.57909],[-0.61162,46.58819],[-0.62099,46.59327],[-0.61434,46.59523],[-0.61398,46.59903],[-0.61797,46.59839],[-0.62128,46.60328],[-0.62694,46.6056],[-0.62309,46.6074],[-0.62308,46.61155],[-0.61405,46.62161],[-0.6246,46.63047],[-0.62375,46.6336],[-0.63493,46.63761],[-0.65884,46.63582],[-0.65939,46.64024],[-0.649,46.64535],[-0.64912,46.65621],[-0.63697,46.66338],[-0.64174,46.66406],[-0.65186,46.67361],[-0.68024,46.68653],[-0.6562,46.70033],[-0.66355,46.70536],[-0.66201,46.70855],[-0.67438,46.72292],[-0.68549,46.7298],[-0.6887,46.72595],[-0.68691,46.73025],[-0.69375,46.73402],[-0.69237,46.73111],[-0.69638,46.72953],[-0.69634,46.73498],[-0.69384,46.73557],[-0.69598,46.73712],[-0.70003,46.73413],[-0.70272,46.73505],[-0.69403,46.74384],[-0.6983,46.75176],[-0.70393,46.74946],[-0.71532,46.75187],[-0.71956,46.75581],[-0.72008,46.76373],[-0.72628,46.76513],[-0.72748,46.76774],[-0.72454,46.77688],[-0.72744,46.7821],[-0.71717,46.79271],[-0.71789,46.80048],[-0.71306,46.8051],[-0.69901,46.80889],[-0.69858,46.81078],[-0.70762,46.81578],[-0.70883,46.82113],[-0.72368,46.82326],[-0.73295,46.82165],[-0.7383,46.82916],[-0.75796,46.83151],[-0.78229,46.84323],[-0.78709,46.85406],[-0.80085,46.86548],[-0.80826,46.86855],[-0.81577,46.88001],[-0.83234,46.88465],[-0.81704,46.90398],[-0.82158,46.91008],[-0.80763,46.91932],[-0.82136,46.91827],[-0.82736,46.92522],[-0.82915,46.93336],[-0.83756,46.93218],[-0.84109,46.92899],[-0.84554,46.93125],[-0.84062,46.93307],[-0.84033,46.93591],[-0.848,46.94099],[-0.85785,46.93465],[-0.86006,46.93686],[-0.8533,46.93855],[-0.84758,46.94434],[-0.84966,46.94632],[-0.8717,46.94572],[-0.87364,46.9438],[-0.87905,46.94513],[-0.88399,46.9513],[-0.87489,46.95385],[-0.8657,46.94819],[-0.86045,46.94936],[-0.86567,46.95209],[-0.86311,46.95653],[-0.86901,46.95644],[-0.86369,46.96218],[-0.86727,46.96275],[-0.87196,46.95784],[-0.87824,46.95609],[-0.88404,46.9619],[-0.87713,46.96854],[-0.88982,46.97094],[-0.89336,46.96923],[-0.88927,46.9673],[-0.89259,46.96593],[-0.89619,46.96845],[-0.89912,46.96639],[-0.90352,46.97157],[-0.89871,46.97121],[-0.89571,46.97575],[-0.88498,46.97732],[-0.87164,46.97276],[-0.86305,46.97262],[-0.85855,46.9692],[-0.84918,46.97391],[-0.85709,46.97774],[-0.84792,46.98201],[-0.84766,46.98623],[-0.84299,46.99017],[-0.8395,46.98543],[-0.83634,46.98576],[-0.82637,46.99271],[-0.81175,46.99455],[-0.8123,46.98925],[-0.80866,46.98731],[-0.8051,46.98954],[-0.81103,46.99151],[-0.80703,46.9944],[-0.79626,46.99605],[-0.78757,47.00512],[-0.78356,47.00187],[-0.7797,47.00428],[-0.77235,47.0046],[-0.76847,47.00145],[-0.76889,46.99503],[-0.76152,46.99226],[-0.74298,46.99201],[-0.74341,47.00099],[-0.72926,46.99593],[-0.71595,46.98402],[-0.69858,46.99465],[-0.68954,46.99296],[-0.6868,46.98803],[-0.68019,46.98766],[-0.67788,46.98945],[-0.68038,46.99324],[-0.67473,46.99917],[-0.67618,47.00188],[-0.6712,47.00321],[-0.66163,46.99769],[-0.64813,46.99661],[-0.64999,46.99492],[-0.6455,46.99212],[-0.64035,46.99612],[-0.63355,46.99748],[-0.62674,46.99688],[-0.62494,46.99279],[-0.61892,46.99237],[-0.59549,46.99791],[-0.59717,47.00077],[-0.58921,47.00451],[-0.57947,47.01542],[-0.56487,47.02014],[-0.56267,47.03002],[-0.54581,47.0291],[-0.54234,47.03253],[-0.54456,47.03753],[-0.55627,47.0427],[-0.55827,47.05323],[-0.55437,47.05726],[-0.55946,47.06181],[-0.55755,47.06409],[-0.49319,47.08332],[-0.48818,47.08094],[-0.46815,47.08381],[-0.45953,47.08205],[-0.46418,47.07436],[-0.47757,47.07204],[-0.48499,47.06597],[-0.48032,47.05334],[-0.47191,47.05785],[-0.46123,47.0687],[-0.44112,47.06772],[-0.42698,47.07299],[-0.4232,47.06971],[-0.41833,47.07196],[-0.40712,47.0665],[-0.4012,47.07075],[-0.39606,47.09154],[-0.38711,47.09228],[-0.38635,47.08734],[-0.38385,47.08748],[-0.35379,47.09539],[-0.35016,47.09192],[-0.34092,47.09206],[-0.34176,47.08738],[-0.33546,47.08802],[-0.31423,47.09163],[-0.30131,47.09912],[-0.28291,47.10347],[-0.28139,47.09954],[-0.26901,47.10121],[-0.26573,47.10549],[-0.26262,47.1057],[-0.26291,47.09901],[-0.24742,47.10508],[-0.24073,47.10551],[-0.22931,47.09979],[-0.21575,47.09866],[-0.20614,47.09317],[-0.18708,47.10115],[-0.18527,47.10841],[-0.15215,47.101],[-0.1414,47.10413],[-0.14014,47.09782],[-0.14573,47.09164],[-0.16097,47.08563],[-0.1792,47.07016],[-0.16601,47.0647],[-0.15734,47.07024],[-0.14728,47.06984],[-0.13674,47.064],[-0.1372,47.0567],[-0.12879,47.05442],[-0.1021,47.06517],[-0.10503,47.0713],[-0.10192,47.07235],[-0.10313,47.07737],[-0.09988,47.07819],[-0.10128,47.08578],[-0.09512,47.09518],[-0.08591,47.10101],[-0.08272,47.09919],[-0.06741,47.09961],[-0.06771,47.09356],[-0.06058,47.0954],[-0.04139,47.09388],[-0.04095,47.08771],[-0.03543,47.08687],[-0.02653,47.10609],[-0.03926,47.10803],[-0.0411,47.11361],[-0.03444,47.12062],[-0.03609,47.12518],[-0.0121,47.15645],[-0.00182,47.16376],[0.01888,47.17599],[0.03626,47.16005],[0.0492,47.16894],[0.05391,47.16368],[0.06318,47.1763],[0.06652,47.18966],[0.05522,47.19446],[0.05358,47.19932],[0.06073,47.20862],[0.06246,47.20763],[0.06694,47.2113],[0.06819,47.21578],[0.07452,47.21444],[0.0792,47.21676],[0.07165,47.22179],[0.07379,47.23693],[0.0679,47.2455],[0.06789,47.24751],[0.07484,47.24812],[0.07699,47.25188],[0.0747,47.2616],[0.08069,47.26515],[0.0799,47.27168],[0.0834,47.27496],[0.08855,47.27538],[0.08932,47.28297],[0.07859,47.28389],[0.0955,47.30413],[0.09928,47.30328],[0.0993,47.30874],[0.11396,47.31829],[0.11837,47.32602],[0.11747,47.33231],[0.13798,47.33605],[0.14698,47.34554],[0.14697,47.35167],[0.14041,47.36181],[0.15364,47.36357],[0.18296,47.38042],[0.17882,47.3845],[0.16724,47.38551],[0.16951,47.39589],[0.15346,47.39876],[0.15917,47.40366],[0.16616,47.40391],[0.1746,47.41503],[0.18064,47.41637],[0.18536,47.42504],[0.18112,47.45332],[0.19037,47.4612],[0.19962,47.48345],[0.22001,47.50189],[0.22208,47.51779],[0.21997,47.51973],[0.22607,47.52658],[0.21745,47.52938],[0.2151,47.52351],[0.20282,47.52817],[0.20563,47.53463],[0.19305,47.53812],[0.19937,47.54098],[0.19951,47.54525],[0.20345,47.54722],[0.20908,47.55772],[0.20635,47.561],[0.21516,47.57318],[0.22711,47.57464],[0.23447,47.5784],[0.22962,47.58465],[0.23393,47.58989],[0.23067,47.61082],[0.24594,47.61062],[0.25302,47.61347],[0.25534,47.61159],[0.25914,47.61229],[0.26245,47.60871],[0.26773,47.60881],[0.27,47.60517],[0.2675,47.60269],[0.27685,47.59772],[0.3221,47.59539],[0.33845,47.58503],[0.33911,47.57973],[0.36688,47.57369],[0.37848,47.56841],[0.39241,47.57689],[0.40245,47.57849],[0.39588,47.58677],[0.39673,47.5942],[0.39198,47.59659],[0.38349,47.61006],[0.37493,47.61194],[0.36469,47.62024],[0.36489,47.62655],[0.38089,47.63863],[0.38263,47.64342],[0.39597,47.64103],[0.39867,47.63717],[0.40905,47.63202],[0.40942,47.62692],[0.41826,47.62356],[0.42422,47.61791],[0.45008,47.61938],[0.45701,47.62848],[0.45295,47.63374],[0.46401,47.64561],[0.46615,47.64421],[0.47391,47.64753],[0.47868,47.6434],[0.49662,47.64624],[0.49841,47.64463],[0.51658,47.65683],[0.52296,47.65311],[0.55151,47.65915],[0.55933,47.66615],[0.55834,47.67077],[0.58494,47.66869],[0.59664,47.67287],[0.60764,47.68251],[0.61481,47.68292],[0.61796,47.69393],[0.61457,47.69452],[0.60422,47.68542],[0.59552,47.68803],[0.59169,47.6978],[0.59441,47.70033],[0.59297,47.70359],[0.58059,47.71293],[0.59505,47.72347],[0.6016,47.72579],[0.60885,47.72525],[0.61232,47.72951],[0.61057,47.73217],[0.62003,47.73853],[0.61934,47.7455],[0.62455,47.75077],[0.64544,47.75297],[0.6778,47.76968],[0.69202,47.76385],[0.70198,47.7666],[0.70303,47.77071],[0.69997,47.77436],[0.68934,47.78001],[0.69129,47.78342],[0.70108,47.79025],[0.71195,47.78715],[0.71449,47.79387],[0.71974,47.79269],[0.73173,47.80771],[0.73992,47.81157],[0.73805,47.8162],[0.74583,47.82771],[0.75643,47.83057],[0.75888,47.83368],[0.76846,47.83126],[0.77474,47.83974],[0.77183,47.84558],[0.77412,47.85127],[0.75917,47.85923],[0.76454,47.8665],[0.75712,47.88525],[0.75965,47.8996],[0.77026,47.90203],[0.77532,47.90861],[0.78996,47.91211],[0.79489,47.90582],[0.79513,47.89964],[0.81179,47.8885],[0.81797,47.8928],[0.8145,47.89498],[0.81728,47.89721],[0.81264,47.90065],[0.81516,47.90415],[0.80729,47.90799],[0.81651,47.91314],[0.80843,47.91646],[0.81254,47.92026],[0.81358,47.9319],[0.81859,47.93499],[0.83723,47.93731],[0.8484,47.94215],[0.84937,47.94727],[0.84532,47.94741],[0.84528,47.954],[0.83824,47.96241],[0.8376,47.96841],[0.82795,47.97284],[0.82414,47.98186],[0.81886,47.98604],[0.81866,47.98926],[0.82613,47.99147],[0.83227,47.99702],[0.8315,48.00595],[0.83308,48.00911],[0.83676,48.0088],[0.83719,48.01595],[0.84195,48.01917],[0.83858,48.02348],[0.84241,48.03017],[0.83716,48.03446],[0.82544,48.02988],[0.80811,48.03165],[0.80593,48.03831],[0.79752,48.03724],[0.79782,48.0428],[0.79343,48.04861],[0.79815,48.05543],[0.79878,48.06408],[0.79398,48.06948],[0.80278,48.07158],[0.83406,48.06916],[0.84317,48.0726],[0.84425,48.08818],[0.8486,48.08916],[0.84822,48.09464],[0.83861,48.09436],[0.84101,48.08998],[0.83835,48.08898],[0.83125,48.09244],[0.8288,48.08999],[0.81231,48.09504],[0.81427,48.09875],[0.8321,48.09837],[0.84107,48.10294],[0.85537,48.12262],[0.85015,48.13329],[0.86531,48.13448],[0.87036,48.13189],[0.87931,48.13623],[0.88267,48.13371],[0.89497,48.13577],[0.91373,48.13494],[0.91665,48.13894],[0.90924,48.14397],[0.91084,48.14953],[0.8863,48.16189],[0.86721,48.16359],[0.85995,48.16769],[0.85443,48.16503],[0.84959,48.16693],[0.84366,48.16474],[0.83264,48.1691],[0.82311,48.1795],[0.82234,48.17805],[0.81341,48.18098],[0.81108,48.1858],[0.80045,48.18876],[0.7957,48.188],[0.79786,48.19477],[0.75769,48.17989],[0.73765,48.18925],[0.73005,48.20096],[0.72357,48.19831],[0.71568,48.21478],[0.70448,48.21896],[0.70675,48.22266],[0.70002,48.22857],[0.69982,48.23213],[0.68606,48.24071],[0.68824,48.24605],[0.682,48.24903],[0.68308,48.25504],[0.67342,48.25472],[0.66454,48.26103],[0.65178,48.26422],[0.63884,48.26074],[0.63328,48.25747],[0.6311,48.25258],[0.63852,48.23545],[0.63188,48.23463],[0.62796,48.23767],[0.63022,48.24166],[0.62366,48.24545],[0.61142,48.24216],[0.60756,48.24467],[0.56083,48.24597],[0.54696,48.25058],[0.5374,48.24924],[0.5385,48.25709],[0.53262,48.26478],[0.51812,48.26687],[0.51662,48.26923],[0.51269,48.2677],[0.50804,48.27345],[0.50244,48.27562],[0.50331,48.27783],[0.49459,48.28196],[0.4958,48.28827],[0.50749,48.29534],[0.49024,48.30962],[0.48054,48.29854],[0.46624,48.30597],[0.44278,48.30461],[0.43119,48.30672],[0.42603,48.31801],[0.41636,48.32236],[0.41179,48.32079],[0.41279,48.31734],[0.40599,48.31483],[0.39878,48.32049],[0.39571,48.32033],[0.38267,48.33393],[0.3805,48.34319],[0.38407,48.34313],[0.38809,48.34897],[0.38652,48.35256],[0.38357,48.35266],[0.38332,48.3622],[0.37943,48.36647],[0.37987,48.38023],[0.37386,48.38697],[0.37622,48.39138],[0.37153,48.41083],[0.38103,48.41628],[0.38262,48.42513],[0.36781,48.43773],[0.36551,48.44821],[0.35666,48.45791],[0.35268,48.45975],[0.3461,48.45869],[0.33843,48.46179],[0.33551,48.46359],[0.33768,48.46591],[0.32931,48.46835],[0.32676,48.47175],[0.31022,48.47199],[0.30935,48.47419],[0.30419,48.47513],[0.30105,48.48032],[0.2886,48.47847],[0.28357,48.4815],[0.2758,48.47917],[0.26545,48.48503],[0.25939,48.47703],[0.24882,48.47395],[0.24089,48.47599],[0.2312,48.47249],[0.21327,48.47346],[0.1901,48.4619],[0.18194,48.46523],[0.17343,48.4653],[0.16969,48.46173],[0.17362,48.45084],[0.17132,48.44949],[0.1623,48.45091],[0.15205,48.45751],[0.14646,48.45768],[0.14367,48.4553],[0.14538,48.45244],[0.15843,48.44401],[0.15768,48.44075],[0.15096,48.43732],[0.13379,48.43703],[0.12508,48.43451],[0.11743,48.43638],[0.10646,48.4266],[0.11044,48.42323],[0.09987,48.41019],[0.08327,48.41103],[0.07623,48.40817],[0.07055,48.40909],[0.05382,48.3919],[0.06235,48.38289],[0.06118,48.37985],[0.01647,48.38133],[0.00923,48.39069],[0.00357,48.38879],[0.00317,48.39616],[-0.00148,48.39749],[-0.00678,48.39493],[-0.00966,48.39606],[-0.01157,48.39363],[-0.02017,48.39392],[-0.02127,48.38544],[-0.03511,48.38636],[-0.0369,48.3807],[-0.05149,48.37981],[-0.04967,48.37545],[-0.05492,48.37828],[-0.05388,48.38197],[-0.05798,48.38728],[-0.05252,48.3925],[-0.05633,48.39563],[-0.05516,48.40721],[-0.05776,48.4085],[-0.0523,48.41322],[-0.05772,48.4209],[-0.05262,48.42496],[-0.05728,48.42914],[-0.04981,48.44441],[-0.05101,48.45297],[-0.07066,48.45842],[-0.07312,48.45059],[-0.10635,48.44771],[-0.12489,48.44943],[-0.14673,48.45643],[-0.15055,48.46514],[-0.14807,48.47404],[-0.15259,48.47668],[-0.14916,48.48066],[-0.15545,48.48694],[-0.15613,48.49599],[-0.16856,48.50344],[-0.17209,48.50213],[-0.17254,48.51051],[-0.15511,48.52074],[-0.14943,48.51864],[-0.14587,48.52035],[-0.14437,48.52773],[-0.17028,48.53731],[-0.17346,48.54142],[-0.1802,48.54176],[-0.18058,48.54498],[-0.19,48.54905],[-0.19399,48.55479],[-0.20823,48.56423],[-0.21715,48.55801],[-0.22032,48.56055],[-0.23433,48.56181],[-0.24264,48.56799],[-0.24618,48.56638],[-0.24884,48.56364],[-0.24626,48.55816],[-0.26257,48.5483],[-0.24621,48.54267],[-0.2413,48.5366],[-0.25101,48.52692],[-0.2611,48.52707],[-0.26329,48.52307],[-0.27362,48.51811],[-0.26783,48.51696],[-0.27147,48.50741],[-0.28519,48.50636],[-0.28481,48.51626],[-0.2881,48.51936],[-0.29355,48.51523],[-0.3201,48.52312],[-0.33614,48.50947],[-0.33719,48.50079],[-0.35095,48.50054],[-0.35593,48.49571],[-0.34937,48.48885],[-0.35316,48.48372],[-0.36822,48.48787],[-0.36655,48.49383],[-0.38313,48.49679],[-0.39307,48.50109],[-0.39114,48.50873],[-0.39517,48.51028],[-0.39918,48.51037],[-0.39819,48.50874],[-0.40745,48.50558],[-0.41628,48.50793],[-0.42396,48.50686],[-0.43373,48.51371],[-0.43859,48.51165],[-0.44774,48.51533],[-0.45665,48.51185],[-0.46265,48.51352],[-0.46953,48.5123],[-0.46837,48.50876],[-0.47828,48.50159],[-0.4847,48.50427],[-0.48827,48.50408],[-0.48843,48.50147],[-0.49314,48.50182],[-0.4997,48.50415],[-0.49953,48.50746],[-0.50476,48.50592],[-0.50946,48.50888],[-0.51691,48.50409],[-0.51653,48.4981],[-0.52131,48.49524],[-0.52825,48.49649],[-0.53771,48.49042],[-0.53924,48.48419],[-0.54961,48.48032],[-0.55153,48.47325],[-0.56018,48.4722],[-0.56565,48.47697],[-0.57287,48.4686],[-0.59534,48.47263],[-0.61574,48.45882],[-0.62502,48.45728],[-0.65108,48.44395],[-0.65573,48.44797],[-0.65355,48.45962],[-0.65984,48.46924],[-0.65569,48.47475],[-0.66306,48.47743],[-0.66038,48.48037],[-0.66586,48.48583],[-0.6688,48.48655],[-0.67019,48.48252],[-0.67446,48.48513],[-0.6768,48.48418],[-0.67526,48.48066],[-0.68557,48.4772],[-0.68218,48.47094],[-0.69219,48.46806],[-0.70176,48.46722],[-0.70376,48.47079],[-0.69974,48.47394],[-0.70532,48.47569],[-0.71367,48.46925],[-0.72198,48.47038],[-0.72494,48.47345],[-0.73076,48.47309],[-0.73683,48.46527],[-0.73598,48.46138],[-0.72767,48.45936],[-0.72545,48.45547],[-0.71495,48.45449],[-0.71484,48.44909],[-0.72728,48.44479],[-0.73531,48.44565],[-0.74736,48.44138],[-0.74765,48.43897],[-0.75908,48.43616],[-0.76456,48.43634],[-0.76685,48.44075],[-0.77979,48.44606],[-0.77789,48.46553],[-0.78469,48.46405],[-0.79554,48.46617],[-0.79867,48.45922],[-0.8125,48.45503],[-0.81606,48.45848],[-0.81534,48.46768],[-0.81829,48.46857],[-0.81473,48.47215],[-0.82109,48.47611],[-0.82655,48.47593],[-0.82631,48.47898],[-0.8327,48.47976],[-0.83164,48.48435],[-0.8377,48.48451],[-0.8402,48.49391],[-0.84551,48.49906],[-0.85045,48.49763],[-0.86028,48.50151],[-0.86986,48.49817],[-0.88085,48.49939],[-0.89374,48.49455],[-0.89913,48.4978],[-0.90577,48.49606],[-0.92223,48.50299],[-0.92051,48.50981],[-0.92382,48.51339],[-0.94629,48.51413],[-0.95541,48.51728],[-0.96325,48.51288],[-0.96238,48.50355],[-0.96664,48.50001],[-0.97135,48.50081],[-0.97266,48.49428],[-0.98998,48.49381],[-1.00295,48.48909],[-1.01172,48.49302],[-1.0169,48.49209],[-1.02339,48.49896],[-1.03582,48.50169],[-1.03807,48.50569],[-1.04572,48.50643],[-1.04903,48.51017],[-1.05432,48.50988],[-1.06121,48.51558],[-1.06163,48.51094],[-1.07008,48.50882]]],[[[-2.62497,47.41047],[-2.61764,47.41177],[-2.6198,47.41302],[-2.62497,47.41047]]],[[[-2.18733,46.96114],[-2.22606,46.97621],[-2.23034,46.97309],[-2.23727,46.98079],[-2.2327,46.98814],[-2.23939,46.98981],[-2.23396,46.99072],[-2.23581,46.99541],[-2.24733,46.99375],[-2.24085,46.99563],[-2.24137,46.99879],[-2.21959,46.98984],[-2.21845,47.00777],[-2.22555,47.01675],[-2.24081,47.01796],[-2.25408,47.02804],[-2.26907,47.02734],[-2.27731,47.02913],[-2.28992,47.02454],[-2.30032,47.02443],[-2.3006,47.02692],[-2.30704,47.02508],[-2.29216,47.01108],[-2.30278,46.99405],[-2.30183,46.98957],[-2.28405,46.98188],[-2.25911,46.95837],[-2.25292,46.95899],[-2.24346,46.96476],[-2.22517,46.96568],[-2.20668,46.95726],[-2.17898,46.93405],[-2.1666,46.90503],[-2.15608,46.89589],[-2.14919,46.89393],[-2.14806,46.89738],[-2.1532,46.90705],[-2.14833,46.91352],[-2.15086,46.91729],[-2.1469,46.92634],[-2.15312,46.93132],[-2.14724,46.9341],[-2.14822,46.93875],[-2.15686,46.95013],[-2.18733,46.96114]]],[[[-2.37731,46.70224],[-2.36903,46.70179],[-2.36558,46.6952],[-2.35663,46.69561],[-2.35183,46.69155],[-2.34249,46.69424],[-2.33959,46.68983],[-2.33177,46.68846],[-2.33262,46.68681],[-2.32911,46.68665],[-2.32384,46.69093],[-2.3157,46.69129],[-2.31532,46.69504],[-2.31168,46.69607],[-2.29944,46.69237],[-2.28829,46.69214],[-2.28426,46.68812],[-2.28223,46.69075],[-2.31789,46.71967],[-2.33844,46.71918],[-2.34325,46.72478],[-2.34977,46.72569],[-2.3495,46.72842],[-2.38168,46.73355],[-2.38792,46.7271],[-2.40068,46.72587],[-2.3989,46.71703],[-2.39274,46.70981],[-2.38421,46.70799],[-2.3793,46.70426],[-2.38271,46.69959],[-2.3787,46.69837],[-2.37731,46.70224]]]]},"properties":{"code":"52","nom":"Pays de la Loire"}},
{"type":"Feature","geometry":{"type":"MultiPolygon","coordinates":[[[[-3.01385,48.8503],[-3.00794,48.84648],[-3.0114,48.83809],[-3.00902,48.83633],[-3.00382,48.84075],[-3.00195,48.83641],[-2.99709,48.83881],[-2.99842,48.84559],[-2.99401,48.84793],[-2.99762,48.85085],[-2.99377,48.85522],[-2.99546,48.85987],[-2.98648,48.85967],[-2.98625,48.86462],[-2.99513,48.8644],[-3.00051,48.85956],[-3.01191,48.85841],[-3.00859,48.85409],[-3.00013,48.85453],[-2.99955,48.84945],[-3.00541,48.85141],[-3.01385,48.8503]]],[[[-3.02176,48.84313],[-3.02035,48.83963],[-3.01524,48.84056],[-3.01641,48.84437],[-3.02176,48.84313]]],[[[-2.99164,48.84614],[-2.98703,48.84626],[-2.98729,48.84916],[-2.99164,48.84614]]],[[[-2.98252,48.84701],[-2.97955,48.84598],[-2.97922,48.84753],[-2.98252,48.84701]]],[[[-1.57091,48.6263],[-1.66512,48.60999],[-1.67449,48.61125],[-1.70121,48.60725],[-1.75772,48.60369],[-1.76677,48.60609],[-1.76931,48.60564],[-1.76825,48.60237],[-1.77215,48.60453],[-1.80937,48.60794],[-1.83856,48.61344],[-1.86091,48.62794],[-1.87213,48.6464],[-1.86288,48.65858],[-1.8626,48.66778],[-1.8513,48.67086],[-1.84412,48.67769],[-1.83572,48.68059],[-1.84197,48.68501],[-1.84084,48.68739],[-1.84701,48.69018],[-1.84903,48.69526],[-1.84573,48.6969],[-1.84971,48.69861],[-1.84969,48.70206],[-1.84365,48.70266],[-1.84359,48.71249],[-1.8508,48.70658],[-1.85562,48.70676],[-1.86294,48.69987],[-1.86928,48.70099],[-1.87109,48.69767],[-1.87739,48.69569],[-1.87968,48.69773],[-1.89059,48.69886],[-1.89632,48.69275],[-1.90477,48.68988],[-1.91326,48.69132],[-1.91932,48.6955],[-1.92085,48.69287],[-1.9323,48.69372],[-1.93298,48.70152],[-1.93703,48.70268],[-1.9381,48.69428],[-1.94642,48.6918],[-1.95439,48.69265],[-1.96002,48.68946],[-1.9551,48.6875],[-1.95057,48.69083],[-1.94532,48.68624],[-1.93883,48.68538],[-1.95894,48.68042],[-1.96343,48.68202],[-1.96283,48.68712],[-1.96838,48.68672],[-1.97414,48.68311],[-1.97655,48.68434],[-1.9806,48.68154],[-1.98661,48.68127],[-1.98905,48.68429],[-1.99111,48.68272],[-1.98178,48.67434],[-1.9896,48.66374],[-2.00913,48.65441],[-2.02606,48.65141],[-2.02929,48.64696],[-2.02395,48.64591],[-2.02636,48.64094],[-2.01887,48.63882],[-2.02194,48.63616],[-2.02831,48.63889],[-2.0311,48.63425],[-2.02178,48.63476],[-2.02196,48.63162],[-2.0134,48.62726],[-2.01329,48.6235],[-2.01888,48.61872],[-2.01568,48.61472],[-2.0095,48.61301],[-2.00215,48.61452],[-2.01228,48.60395],[-2.00991,48.60108],[-2.01248,48.59889],[-2.00648,48.59948],[-2.00536,48.60147],[-2.00144,48.60014],[-1.99731,48.60357],[-2.00121,48.59366],[-1.99782,48.59018],[-1.99246,48.59431],[-1.97844,48.59333],[-1.97342,48.58916],[-1.96151,48.59257],[-1.96084,48.58822],[-1.96568,48.58446],[-1.95506,48.5796],[-1.95453,48.576],[-1.96125,48.57464],[-1.9777,48.58494],[-1.98254,48.58655],[-1.98663,48.5846],[-1.981,48.57193],[-1.9767,48.57081],[-1.97235,48.56432],[-1.97756,48.55667],[-1.96294,48.556],[-1.96024,48.54898],[-1.96952,48.53843],[-1.96817,48.53631],[-1.95933,48.53632],[-1.94625,48.54001],[-1.94773,48.53758],[-1.94317,48.53666],[-1.94883,48.53653],[-1.9505,48.5345],[-1.94978,48.52807],[-1.9543,48.52196],[-1.94575,48.51881],[-1.9387,48.52075],[-1.93585,48.51806],[-1.9523,48.5186],[-1.95835,48.52559],[-1.96444,48.5264],[-1.9703,48.52205],[-1.96982,48.51195],[-1.97616,48.51227],[-1.98121,48.50971],[-1.97976,48.49902],[-1.99307,48.49691],[-1.99295,48.49341],[-2.0016,48.49133],[-2.00112,48.49425],[-1.99473,48.4952],[-1.99484,48.4977],[-1.98234,48.50009],[-1.98597,48.51123],[-1.98009,48.51573],[-1.98656,48.5167],[-1.98445,48.52396],[-1.99521,48.52278],[-1.97514,48.53179],[-1.97226,48.5349],[-1.97365,48.54487],[-1.98777,48.54535],[-1.98743,48.55075],[-1.99582,48.55148],[-1.99217,48.55311],[-1.9928,48.55946],[-1.99764,48.56035],[-2.00078,48.56766],[-2.00435,48.56901],[-2.00712,48.56565],[-2.01068,48.56905],[-2.01239,48.57132],[-2.00328,48.57683],[-1.99466,48.57829],[-1.99559,48.5823],[-1.9974,48.58434],[-2.00267,48.58243],[-2.0052,48.58817],[-2.01203,48.58655],[-2.01474,48.58823],[-2.02006,48.59765],[-2.02512,48.59804],[-2.02213,48.60567],[-2.03607,48.60185],[-2.03205,48.60379],[-2.03088,48.60815],[-2.03491,48.61144],[-2.02826,48.61661],[-2.033,48.62044],[-2.02998,48.62422],[-2.03321,48.6272],[-2.05001,48.62437],[-2.0552,48.62679],[-2.04704,48.63613],[-2.04779,48.63913],[-2.05494,48.63566],[-2.05707,48.64024],[-2.07043,48.63843],[-2.07816,48.64067],[-2.08484,48.63508],[-2.09556,48.63386],[-2.10012,48.63874],[-2.10612,48.63809],[-2.10417,48.63463],[-2.11071,48.63758],[-2.11287,48.64315],[-2.11639,48.64193],[-2.11615,48.6388],[-2.12433,48.63526],[-2.1326,48.63868],[-2.13346,48.63544],[-2.14224,48.63169],[-2.15006,48.63503],[-2.15052,48.62731],[-2.1386,48.62506],[-2.13724,48.61359],[-2.1348,48.61183],[-2.12948,48.61308],[-2.13074,48.6102],[-2.12334,48.60528],[-2.1263,48.60401],[-2.13269,48.6058],[-2.13352,48.60815],[-2.14248,48.61099],[-2.14114,48.61682],[-2.1447,48.61965],[-2.14964,48.61827],[-2.15323,48.61546],[-2.15269,48.60974],[-2.16435,48.60743],[-2.17044,48.5956],[-2.15377,48.58745],[-2.1528,48.5856],[-2.15398,48.58724],[-2.16068,48.58657],[-2.16604,48.58218],[-2.16576,48.57704],[-2.1662,48.57904],[-2.17132,48.57938],[-2.17803,48.57627],[-2.18437,48.57844],[-2.18784,48.58684],[-2.18383,48.59214],[-2.18291,48.60288],[-2.18444,48.60571],[-2.19474,48.61007],[-2.1917,48.60365],[-2.19477,48.59885],[-2.19125,48.59383],[-2.20201,48.5839],[-2.20166,48.58096],[-2.20657,48.57945],[-2.20778,48.5737],[-2.21692,48.57178],[-2.21338,48.56841],[-2.21507,48.56317],[-2.21977,48.56034],[-2.21607,48.55532],[-2.21744,48.55347],[-2.22241,48.55206],[-2.22382,48.54737],[-2.21851,48.54512],[-2.21824,48.543],[-2.22068,48.54108],[-2.21568,48.54121],[-2.22622,48.53806],[-2.21885,48.54306],[-2.21866,48.54433],[-2.22426,48.54698],[-2.22433,48.5507],[-2.22318,48.55239],[-2.21696,48.5546],[-2.22135,48.56135],[-2.21605,48.5684],[-2.22592,48.57012],[-2.22236,48.57198],[-2.22,48.57071],[-2.21184,48.57544],[-2.21011,48.58572],[-2.2144,48.59325],[-2.2255,48.59497],[-2.22259,48.60231],[-2.22794,48.60664],[-2.22824,48.61082],[-2.23207,48.61005],[-2.24573,48.61527],[-2.24359,48.62118],[-2.2388,48.62429],[-2.2433,48.62352],[-2.24739,48.62566],[-2.25623,48.63583],[-2.24489,48.64148],[-2.24302,48.64049],[-2.24442,48.64442],[-2.24733,48.64604],[-2.25872,48.644],[-2.26006,48.64552],[-2.26583,48.64103],[-2.27417,48.63988],[-2.27257,48.63765],[-2.28658,48.63193],[-2.28968,48.6286],[-2.28645,48.62678],[-2.29298,48.6249],[-2.29322,48.62192],[-2.29471,48.62609],[-2.29853,48.62582],[-2.31352,48.60999],[-2.32078,48.61349],[-2.3208,48.6176],[-2.33751,48.61956],[-2.31172,48.63452],[-2.30828,48.64529],[-2.29804,48.65117],[-2.29452,48.65985],[-2.28551,48.66495],[-2.28699,48.66819],[-2.30097,48.66788],[-2.31164,48.67098],[-2.31483,48.67424],[-2.31093,48.68105],[-2.31757,48.68836],[-2.32344,48.68193],[-2.32769,48.68153],[-2.32577,48.67803],[-2.32819,48.67288],[-2.34249,48.6677],[-2.35984,48.65595],[-2.36545,48.65497],[-2.36841,48.65776],[-2.37809,48.65207],[-2.38589,48.6529],[-2.3975,48.64229],[-2.41605,48.64126],[-2.40885,48.63589],[-2.4138,48.63208],[-2.42016,48.63264],[-2.4155,48.63647],[-2.42096,48.63916],[-2.42231,48.64782],[-2.43851,48.65264],[-2.45371,48.64768],[-2.46765,48.64999],[-2.47747,48.64435],[-2.4868,48.64511],[-2.4841,48.63813],[-2.46706,48.63449],[-2.4732,48.62246],[-2.48944,48.61469],[-2.49364,48.6095],[-2.52087,48.60012],[-2.53901,48.59674],[-2.55403,48.59948],[-2.55526,48.59783],[-2.55109,48.5962],[-2.55376,48.59066],[-2.57034,48.5818],[-2.56949,48.57883],[-2.56371,48.57626],[-2.573,48.57803],[-2.58134,48.57146],[-2.58054,48.56943],[-2.5865,48.56764],[-2.60187,48.55377],[-2.63245,48.53751],[-2.63376,48.52979],[-2.62623,48.52434],[-2.62798,48.52215],[-2.62407,48.52226],[-2.62006,48.51818],[-2.62461,48.52185],[-2.62853,48.52154],[-2.6297,48.52587],[-2.63991,48.52348],[-2.6557,48.52569],[-2.66333,48.53124],[-2.66288,48.53364],[-2.66971,48.53601],[-2.68219,48.53224],[-2.6753,48.51336],[-2.67919,48.50311],[-2.68458,48.49841],[-2.67533,48.49099],[-2.67919,48.48905],[-2.69738,48.5043],[-2.70469,48.51591],[-2.71022,48.52029],[-2.71376,48.51959],[-2.71042,48.52044],[-2.71688,48.52458],[-2.71706,48.52811],[-2.71052,48.53298],[-2.72646,48.528],[-2.73632,48.52878],[-2.73812,48.5272],[-2.7373,48.52877],[-2.72646,48.52975],[-2.7191,48.53547],[-2.71799,48.53969],[-2.7246,48.54758],[-2.7132,48.55293],[-2.71378,48.55538],[-2.764,48.56662],[-2.77466,48.57151],[-2.77538,48.58025],[-2.77959,48.58515],[-2.78863,48.58389],[-2.80408,48.59103],[-2.82125,48.59436],[-2.82512,48.60108],[-2.8198,48.60163],[-2.819,48.60796],[-2.81386,48.61025],[-2.82325,48.62427],[-2.82041,48.63163],[-2.82692,48.63686],[-2.82279,48.64345],[-2.82738,48.64677],[-2.82339,48.64645],[-2.81978,48.64967],[-2.82653,48.64974],[-2.82756,48.65637],[-2.83279,48.65492],[-2.83798,48.65625],[-2.84159,48.66431],[-2.84876,48.66774],[-2.8527,48.66672],[-2.85727,48.67457],[-2.86017,48.67526],[-2.86638,48.67144],[-2.86961,48.67408],[-2.88286,48.6755],[-2.88727,48.68508],[-2.88348,48.69042],[-2.88968,48.69382],[-2.89077,48.69887],[-2.89543,48.70083],[-2.9049,48.69948],[-2.92464,48.70753],[-2.93246,48.71701],[-2.92944,48.72035],[-2.93537,48.71851],[-2.94491,48.7205],[-2.94824,48.72724],[-2.93842,48.73139],[-2.93439,48.73772],[-2.94177,48.7404],[-2.94251,48.74444],[-2.9284,48.75457],[-2.93471,48.75739],[-2.94296,48.75742],[-2.95074,48.76337],[-2.95271,48.76675],[-2.94946,48.76994],[-2.95209,48.77172],[-2.95709,48.76445],[-2.96611,48.7624],[-2.98979,48.76245],[-3.00684,48.76808],[-3.01721,48.76549],[-3.017,48.76825],[-3.03012,48.77533],[-3.02886,48.778],[-3.02264,48.77979],[-3.01672,48.77868],[-3.00932,48.7815],[-3.0255,48.78189],[-3.0291,48.78382],[-3.04108,48.78269],[-3.04571,48.78463],[-3.04131,48.78549],[-3.04486,48.78771],[-3.04229,48.78968],[-3.02558,48.79111],[-3.01745,48.799],[-3.00501,48.79906],[-3.00326,48.80417],[-3.01077,48.805],[-3.01715,48.81166],[-3.00869,48.81916],[-3.01945,48.82189],[-3.05334,48.81526],[-3.05726,48.81783],[-3.05477,48.82206],[-3.07373,48.81969],[-3.08566,48.81043],[-3.08726,48.80231],[-3.09427,48.79495],[-3.09193,48.78822],[-3.09503,48.78085],[-3.10485,48.77958],[-3.09884,48.76875],[-3.10277,48.76593],[-3.11547,48.76484],[-3.12154,48.75624],[-3.12481,48.7622],[-3.12127,48.76835],[-3.12571,48.77222],[-3.10996,48.77855],[-3.10588,48.78322],[-3.09902,48.78359],[-3.10274,48.78826],[-3.09733,48.79445],[-3.09851,48.80472],[-3.08838,48.81159],[-3.08473,48.82614],[-3.08014,48.82946],[-3.07559,48.82791],[-3.07254,48.82969],[-3.07195,48.8327],[-3.07792,48.82969],[-3.08348,48.83328],[-3.08809,48.8306],[-3.09029,48.83287],[-3.10001,48.83091],[-3.09051,48.83814],[-3.08362,48.84779],[-3.09047,48.85398],[-3.08764,48.85563],[-3.09441,48.85936],[-3.09122,48.86194],[-3.08753,48.86144],[-3.08686,48.86394],[-3.07659,48.85664],[-3.08035,48.86337],[-3.08513,48.86716],[-3.10785,48.86545],[-3.11391,48.86697],[-3.12268,48.86411],[-3.12985,48.86438],[-3.13284,48.85892],[-3.1421,48.85774],[-3.14712,48.85382],[-3.15841,48.85174],[-3.16775,48.85304],[-3.17368,48.8421],[-3.18245,48.84338],[-3.19128,48.83609],[-3.19876,48.82556],[-3.19982,48.82095],[-3.19686,48.81835],[-3.1995,48.81832],[-3.20662,48.81943],[-3.20343,48.82542],[-3.2039,48.83518],[-3.20742,48.83748],[-3.21615,48.83592],[-3.21974,48.83254],[-3.21056,48.84831],[-3.206,48.84717],[-3.21176,48.84977],[-3.21216,48.85685],[-3.22428,48.86969],[-3.22777,48.86713],[-3.23381,48.86742],[-3.23814,48.86568],[-3.23326,48.86674],[-3.23338,48.86366],[-3.24383,48.85878],[-3.24871,48.85075],[-3.25698,48.84768],[-3.25378,48.84248],[-3.26328,48.83461],[-3.26954,48.83397],[-3.27651,48.83831],[-3.2765,48.8421],[-3.28354,48.84194],[-3.29301,48.82978],[-3.30731,48.83705],[-3.32242,48.83774],[-3.3352,48.82837],[-3.34981,48.82502],[-3.35419,48.81991],[-3.36276,48.82162],[-3.37153,48.81681],[-3.38857,48.81548],[-3.38866,48.80308],[-3.39902,48.80052],[-3.43032,48.79718],[-3.44052,48.79814],[-3.44263,48.80496],[-3.43597,48.80636],[-3.43759,48.81097],[-3.42657,48.81738],[-3.42708,48.82003],[-3.43325,48.8187],[-3.44122,48.82021],[-3.45094,48.8159],[-3.45836,48.81607],[-3.45962,48.81969],[-3.47096,48.82615],[-3.4746,48.83471],[-3.47983,48.83774],[-3.48717,48.83526],[-3.48636,48.83238],[-3.49068,48.8322],[-3.49097,48.82958],[-3.48648,48.8292],[-3.48663,48.82569],[-3.49777,48.82955],[-3.50213,48.82938],[-3.50135,48.82425],[-3.50845,48.82616],[-3.51053,48.82916],[-3.50819,48.83249],[-3.51084,48.83426],[-3.50531,48.83373],[-3.49972,48.83812],[-3.50339,48.83863],[-3.51975,48.8301],[-3.5257,48.83022],[-3.52523,48.82322],[-3.51917,48.81893],[-3.52269,48.8182],[-3.53259,48.82408],[-3.5399,48.82456],[-3.53992,48.81635],[-3.54804,48.81401],[-3.54786,48.81176],[-3.54709,48.81004],[-3.54101,48.8098],[-3.5403,48.81317],[-3.53672,48.81066],[-3.53675,48.80774],[-3.53391,48.80731],[-3.53498,48.80186],[-3.54201,48.80117],[-3.54101,48.79882],[-3.55505,48.79325],[-3.55447,48.79141],[-3.56685,48.79779],[-3.56677,48.79184],[-3.57019,48.79],[-3.57729,48.78972],[-3.58028,48.78727],[-3.58433,48.79044],[-3.57849,48.78222],[-3.58076,48.7791],[-3.5853,48.77914],[-3.58428,48.77069],[-3.5885,48.76823],[-3.58235,48.76821],[-3.57806,48.76273],[-3.585,48.75732],[-3.563,48.75969],[-3.54999,48.74813],[-3.55085,48.73339],[-3.5368,48.73504],[-3.52504,48.73215],[-3.51235,48.73524],[-3.50516,48.73283],[-3.49775,48.73778],[-3.48613,48.73696],[-3.47498,48.74018],[-3.46983,48.73836],[-3.46709,48.73228],[-3.47116,48.73798],[-3.47669,48.73907],[-3.48555,48.73593],[-3.49562,48.73714],[-3.503,48.73181],[-3.51259,48.73392],[-3.52305,48.73063],[-3.5396,48.73215],[-3.53531,48.72762],[-3.54051,48.72896],[-3.55261,48.72735],[-3.56484,48.73178],[-3.56577,48.72663],[-3.5724,48.72406],[-3.58403,48.72487],[-3.581,48.72186],[-3.58478,48.71752],[-3.58105,48.71281],[-3.58359,48.70679],[-3.57975,48.69756],[-3.58444,48.69118],[-3.56906,48.68683],[-3.56745,48.68449],[-3.57316,48.67507],[-3.58247,48.6703],[-3.61008,48.66978],[-3.61374,48.67294],[-3.616,48.6841],[-3.62425,48.68635],[-3.62904,48.6825],[-3.63702,48.6815],[-3.63489,48.67101],[-3.65392,48.66475],[-3.66156,48.6556],[-3.655,48.66563],[-3.63921,48.67376],[-3.63991,48.67597],[-3.65455,48.68183],[-3.65225,48.68771],[-3.64442,48.69169],[-3.64336,48.6966],[-3.65085,48.69353],[-3.6557,48.69679],[-3.68018,48.68658],[-3.68896,48.69176],[-3.70215,48.69029],[-3.705,48.69442],[-3.71875,48.70111],[-3.71584,48.70386],[-3.7229,48.70633],[-3.72949,48.70575],[-3.73412,48.70887],[-3.7496,48.70716],[-3.76586,48.70935],[-3.77452,48.7059],[-3.77588,48.70297],[-3.78474,48.70119],[-3.79553,48.70577],[-3.79896,48.71303],[-3.80832,48.71167],[-3.82096,48.71891],[-3.82016,48.71354],[-3.81695,48.71225],[-3.82131,48.70766],[-3.82051,48.70206],[-3.82824,48.70458],[-3.82598,48.70765],[-3.83062,48.71261],[-3.83543,48.71067],[-3.83647,48.7063],[-3.84058,48.70747],[-3.84194,48.70561],[-3.84054,48.69667],[-3.85042,48.6955],[-3.85008,48.69154],[-3.8547,48.68886],[-3.85544,48.68462],[-3.84969,48.68351],[-3.85003,48.6776],[-3.84589,48.67154],[-3.84609,48.66029],[-3.85426,48.66292],[-3.85409,48.6733],[-3.86462,48.67137],[-3.85656,48.66094],[-3.85652,48.64874],[-3.84731,48.63045],[-3.8434,48.62853],[-3.85947,48.61437],[-3.8492,48.60369],[-3.85726,48.60865],[-3.87344,48.60252],[-3.86375,48.6084],[-3.85751,48.60864],[-3.86223,48.61372],[-3.85672,48.62027],[-3.85711,48.62625],[-3.8599,48.63218],[-3.89229,48.6429],[-3.8984,48.64743],[-3.90554,48.66321],[-3.89079,48.66709],[-3.89047,48.67085],[-3.89767,48.67252],[-3.90808,48.66946],[-3.91338,48.67378],[-3.92225,48.67537],[-3.93006,48.65805],[-3.94146,48.6588],[-3.9431,48.65469],[-3.9506,48.6532],[-3.9516,48.64478],[-3.95616,48.64652],[-3.95177,48.66159],[-3.95539,48.66949],[-3.95041,48.6716],[-3.95511,48.67499],[-3.95609,48.67314],[-3.96471,48.6759],[-3.96836,48.67352],[-3.97184,48.67463],[-3.96933,48.67624],[-3.97072,48.68499],[-3.96819,48.69013],[-3.95801,48.68813],[-3.96679,48.69027],[-3.96531,48.69309],[-3.97619,48.69945],[-3.97156,48.70601],[-3.97402,48.70828],[-3.9723,48.7135],[-3.96414,48.72238],[-3.96826,48.72301],[-3.96978,48.72743],[-3.97848,48.7225],[-3.9819,48.72636],[-3.98907,48.72711],[-3.99148,48.7171],[-4.00082,48.71159],[-4.00776,48.72133],[-4.00152,48.72677],[-4.00667,48.72575],[-4.01459,48.71309],[-4.02515,48.71063],[-4.03526,48.71302],[-4.04083,48.70347],[-4.0442,48.70249],[-4.04909,48.70532],[-4.05513,48.70275],[-4.05682,48.68683],[-4.04106,48.68922],[-4.03564,48.68794],[-4.03772,48.68661],[-4.04346,48.68821],[-4.05339,48.68534],[-4.06886,48.68844],[-4.05728,48.67585],[-4.0558,48.66933],[-4.05789,48.6753],[-4.06878,48.67966],[-4.06725,48.68206],[-4.08125,48.69308],[-4.08414,48.69353],[-4.08621,48.69054],[-4.09214,48.69189],[-4.09581,48.68581],[-4.09571,48.6936],[-4.11167,48.69541],[-4.12065,48.69327],[-4.1272,48.69383],[-4.13014,48.69648],[-4.1384,48.69282],[-4.16962,48.68907],[-4.17133,48.68599],[-4.17641,48.68696],[-4.18047,48.68416],[-4.18386,48.6874],[-4.19288,48.6831],[-4.19706,48.67729],[-4.21348,48.66857],[-4.21554,48.66234],[-4.22224,48.65877],[-4.22049,48.6563],[-4.21244,48.65803],[-4.19861,48.656],[-4.19434,48.652],[-4.22279,48.64826],[-4.23751,48.64865],[-4.22346,48.65575],[-4.24495,48.64966],[-4.27479,48.6495],[-4.28073,48.64245],[-4.30207,48.64092],[-4.29324,48.6374],[-4.29645,48.63256],[-4.31609,48.63772],[-4.31606,48.64051],[-4.30973,48.64425],[-4.31613,48.64562],[-4.31566,48.64784],[-4.30866,48.64708],[-4.3008,48.65252],[-4.30056,48.65871],[-4.2943,48.66168],[-4.29682,48.66477],[-4.31316,48.669],[-4.31365,48.67156],[-4.3165,48.67193],[-4.32219,48.66601],[-4.32577,48.66621],[-4.32999,48.66909],[-4.32642,48.67383],[-4.33134,48.67713],[-4.34937,48.67662],[-4.36531,48.66921],[-4.37259,48.66872],[-4.38082,48.66282],[-4.37954,48.65939],[-4.38288,48.6613],[-4.38858,48.6606],[-4.39872,48.6557],[-4.42698,48.65232],[-4.43494,48.65563],[-4.43298,48.6478],[-4.42515,48.64682],[-4.41651,48.64163],[-4.40206,48.64077],[-4.39716,48.63729],[-4.3989,48.63616],[-4.40697,48.6383],[-4.42065,48.63764],[-4.43375,48.64192],[-4.43189,48.63546],[-4.43999,48.63774],[-4.43952,48.64088],[-4.44714,48.63953],[-4.46525,48.62632],[-4.4788,48.62365],[-4.4934,48.6258],[-4.50053,48.62093],[-4.51187,48.62567],[-4.51179,48.62902],[-4.50598,48.62937],[-4.50878,48.63118],[-4.51139,48.62925],[-4.51372,48.63485],[-4.52132,48.63493],[-4.52623,48.62993],[-4.53075,48.62938],[-4.53956,48.63134],[-4.54155,48.6371],[-4.54789,48.63334],[-4.54177,48.62452],[-4.54994,48.62616],[-4.55866,48.62334],[-4.56582,48.62589],[-4.56262,48.62028],[-4.56601,48.61874],[-4.56932,48.62004],[-4.57,48.6168],[-4.5637,48.61465],[-4.56753,48.61305],[-4.5684,48.60916],[-4.56325,48.60822],[-4.56067,48.61106],[-4.55791,48.60955],[-4.55371,48.61125],[-4.55928,48.6037],[-4.55041,48.6043],[-4.53648,48.59781],[-4.51674,48.59366],[-4.52095,48.59356],[-4.52055,48.58959],[-4.51543,48.58843],[-4.51537,48.58651],[-4.52196,48.5844],[-4.52272,48.59215],[-4.52692,48.59381],[-4.52879,48.59232],[-4.52851,48.59472],[-4.54333,48.59856],[-4.55678,48.59439],[-4.56314,48.59853],[-4.59537,48.59327],[-4.59422,48.59795],[-4.58589,48.60223],[-4.59425,48.60432],[-4.59831,48.60835],[-4.60547,48.60456],[-4.60806,48.59682],[-4.60521,48.59101],[-4.60867,48.5888],[-4.60319,48.5866],[-4.60388,48.58284],[-4.61173,48.57798],[-4.60886,48.5751],[-4.59451,48.57465],[-4.59008,48.57188],[-4.58719,48.5627],[-4.56051,48.56067],[-4.55365,48.56232],[-4.54818,48.558],[-4.5389,48.56044],[-4.53385,48.55534],[-4.52576,48.55834],[-4.52651,48.55623],[-4.51487,48.55118],[-4.5083,48.55331],[-4.50293,48.55261],[-4.50818,48.55248],[-4.50512,48.5459],[-4.52679,48.55478],[-4.53149,48.55321],[-4.52861,48.55092],[-4.53042,48.54978],[-4.54245,48.55719],[-4.54546,48.55524],[-4.55682,48.55996],[-4.58437,48.55975],[-4.57957,48.55529],[-4.58589,48.55641],[-4.59486,48.55333],[-4.59089,48.55825],[-4.59517,48.56292],[-4.59694,48.57179],[-4.61233,48.57283],[-4.61561,48.57589],[-4.62378,48.57471],[-4.62555,48.57868],[-4.64889,48.57166],[-4.66377,48.57133],[-4.67001,48.57588],[-4.67186,48.57084],[-4.68033,48.56731],[-4.68473,48.56804],[-4.68828,48.57246],[-4.69304,48.56956],[-4.69795,48.57163],[-4.7042,48.57024],[-4.70103,48.56616],[-4.7062,48.55738],[-4.69933,48.55633],[-4.70454,48.55364],[-4.70462,48.55],[-4.70835,48.5555],[-4.7133,48.5538],[-4.71741,48.5557],[-4.71609,48.55903],[-4.72276,48.55947],[-4.73073,48.55623],[-4.73561,48.54977],[-4.75182,48.543],[-4.74926,48.52788],[-4.75547,48.53298],[-4.75827,48.52968],[-4.76444,48.53099],[-4.75798,48.52136],[-4.7624,48.51968],[-4.76508,48.52257],[-4.7694,48.52173],[-4.76379,48.52007],[-4.76689,48.51577],[-4.77212,48.51907],[-4.77801,48.51647],[-4.77606,48.51441],[-4.77096,48.51662],[-4.76658,48.51067],[-4.77801,48.50444],[-4.77574,48.50114],[-4.77996,48.49768],[-4.77442,48.49238],[-4.77591,48.48928],[-4.76672,48.48028],[-4.77049,48.47912],[-4.76364,48.47232],[-4.75692,48.47036],[-4.75075,48.47434],[-4.74658,48.47228],[-4.72269,48.4758],[-4.71833,48.47545],[-4.71675,48.4687],[-4.72078,48.47484],[-4.73073,48.47407],[-4.73695,48.4707],[-4.75017,48.4713],[-4.75981,48.45977],[-4.75725,48.46819],[-4.7644,48.46716],[-4.76988,48.46239],[-4.77188,48.45531],[-4.77965,48.45095],[-4.7762,48.4438],[-4.7843,48.43744],[-4.78409,48.43002],[-4.79537,48.41485],[-4.78668,48.41006],[-4.78359,48.40702],[-4.78502,48.40487],[-4.77826,48.40707],[-4.77385,48.40534],[-4.77673,48.39102],[-4.77017,48.38411],[-4.76267,48.38333],[-4.76603,48.38046],[-4.76087,48.3784],[-4.76162,48.37148],[-4.7695,48.36503],[-4.77874,48.36442],[-4.78393,48.36787],[-4.78742,48.36696],[-4.78492,48.36623],[-4.78574,48.36131],[-4.76605,48.36361],[-4.7671,48.36178],[-4.78078,48.35916],[-4.77814,48.35638],[-4.78152,48.35404],[-4.77018,48.34761],[-4.77518,48.33656],[-4.77136,48.33528],[-4.77382,48.33011],[-4.76965,48.32844],[-4.74838,48.32915],[-4.73665,48.33323],[-4.73016,48.33021],[-4.70992,48.33073],[-4.70581,48.33628],[-4.69813,48.33823],[-4.70343,48.34548],[-4.70121,48.34983],[-4.69068,48.3548],[-4.68451,48.35323],[-4.68077,48.35584],[-4.66457,48.35245],[-4.6508,48.34503],[-4.64026,48.3461],[-4.62793,48.33762],[-4.60785,48.33838],[-4.58626,48.34681],[-4.58638,48.3485],[-4.57223,48.34928],[-4.56389,48.35644],[-4.55879,48.3546],[-4.55254,48.36225],[-4.53419,48.35771],[-4.52969,48.36382],[-4.5224,48.36517],[-4.50328,48.376],[-4.50471,48.3789],[-4.49671,48.37631],[-4.48899,48.38082],[-4.48519,48.37921],[-4.4882,48.38119],[-4.48386,48.3827],[-4.48148,48.38103],[-4.48203,48.38256],[-4.47723,48.38318],[-4.47479,48.37963],[-4.47195,48.38354],[-4.47047,48.38072],[-4.46745,48.38097],[-4.45773,48.38771],[-4.4588,48.38461],[-4.4548,48.3875],[-4.45251,48.38638],[-4.45535,48.38255],[-4.45113,48.38522],[-4.45346,48.38165],[-4.44982,48.38514],[-4.44595,48.38327],[-4.44903,48.3804],[-4.4414,48.38012],[-4.43543,48.38342],[-4.4329,48.39702],[-4.42452,48.39765],[-4.40675,48.3903],[-4.40106,48.39008],[-4.39174,48.39775],[-4.38361,48.39637],[-4.36901,48.40149],[-4.36957,48.40558],[-4.36436,48.40841],[-4.35198,48.40916],[-4.34716,48.40742],[-4.33847,48.41474],[-4.3326,48.41427],[-4.32831,48.41797],[-4.31457,48.41981],[-4.30967,48.42506],[-4.30197,48.42594],[-4.29366,48.43414],[-4.28111,48.43705],[-4.27803,48.44207],[-4.27073,48.44494],[-4.26956,48.44177],[-4.28079,48.43545],[-4.28168,48.43211],[-4.28635,48.43337],[-4.3108,48.41698],[-4.32347,48.41317],[-4.34103,48.40372],[-4.36096,48.40125],[-4.36797,48.39478],[-4.37996,48.39228],[-4.40751,48.38052],[-4.41859,48.36848],[-4.43451,48.36266],[-4.43648,48.35511],[-4.44474,48.34949],[-4.43931,48.34129],[-4.45031,48.33646],[-4.44784,48.33552],[-4.44875,48.32995],[-4.45884,48.32716],[-4.44806,48.32556],[-4.44177,48.32699],[-4.39762,48.3424],[-4.39195,48.34177],[-4.39246,48.34031],[-4.39613,48.34085],[-4.40483,48.33709],[-4.41638,48.32424],[-4.37821,48.32552],[-4.37107,48.32907],[-4.37256,48.3315],[-4.3675,48.33581],[-4.36963,48.33842],[-4.36685,48.34505],[-4.34163,48.3571],[-4.35325,48.34797],[-4.35529,48.3434],[-4.34509,48.34311],[-4.34145,48.3452],[-4.34496,48.34776],[-4.33037,48.35253],[-4.31902,48.36225],[-4.32705,48.35201],[-4.32607,48.34969],[-4.33125,48.3463],[-4.32979,48.34038],[-4.30004,48.34504],[-4.30684,48.3483],[-4.30524,48.35409],[-4.29905,48.35665],[-4.28813,48.35315],[-4.28715,48.35623],[-4.27467,48.3555],[-4.26203,48.36066],[-4.26221,48.35827],[-4.27101,48.35324],[-4.29256,48.35023],[-4.29126,48.34764],[-4.28859,48.34895],[-4.27793,48.34463],[-4.29037,48.34203],[-4.29795,48.33796],[-4.31722,48.33518],[-4.31615,48.33139],[-4.30525,48.33291],[-4.30291,48.33041],[-4.30871,48.32733],[-4.31802,48.32944],[-4.32088,48.32804],[-4.31684,48.32558],[-4.31866,48.32216],[-4.32367,48.32339],[-4.32639,48.31968],[-4.33662,48.31525],[-4.30998,48.31455],[-4.31173,48.31683],[-4.30898,48.31764],[-4.30635,48.3149],[-4.29325,48.31158],[-4.28187,48.31958],[-4.2708,48.31947],[-4.26762,48.32288],[-4.26067,48.32352],[-4.25545,48.32697],[-4.24431,48.32812],[-4.25179,48.32319],[-4.26556,48.32086],[-4.26675,48.31811],[-4.2752,48.31669],[-4.28195,48.31261],[-4.27186,48.30882],[-4.25665,48.3096],[-4.25493,48.30859],[-4.2595,48.30651],[-4.25446,48.30551],[-4.24705,48.29902],[-4.2489,48.30227],[-4.24412,48.3097],[-4.22099,48.31398],[-4.24082,48.30778],[-4.23706,48.29964],[-4.22164,48.296],[-4.21015,48.29795],[-4.18064,48.29647],[-4.19598,48.29171],[-4.20223,48.29425],[-4.21116,48.28969],[-4.2242,48.28822],[-4.23372,48.29178],[-4.23871,48.28957],[-4.23696,48.28733],[-4.2399,48.28843],[-4.26049,48.27986],[-4.2771,48.28103],[-4.27993,48.27897],[-4.2618,48.26993],[-4.25235,48.26771],[-4.24,48.25418],[-4.22389,48.2606],[-4.21468,48.26068],[-4.20851,48.2555],[-4.208,48.25106],[-4.20083,48.24953],[-4.20058,48.24566],[-4.20351,48.24485],[-4.21089,48.24713],[-4.20587,48.23761],[-4.2084,48.24199],[-4.21357,48.24386],[-4.21408,48.25272],[-4.2182,48.2584],[-4.22832,48.25135],[-4.24093,48.25087],[-4.24289,48.24869],[-4.24825,48.25107],[-4.24508,48.25369],[-4.25518,48.25631],[-4.25292,48.25693],[-4.25479,48.25942],[-4.26774,48.25702],[-4.27016,48.25829],[-4.25622,48.26226],[-4.26066,48.2669],[-4.27853,48.2721],[-4.28035,48.27472],[-4.289,48.27333],[-4.28448,48.27636],[-4.28885,48.28173],[-4.28454,48.28836],[-4.27665,48.29003],[-4.26984,48.28468],[-4.26559,48.2847],[-4.26503,48.29283],[-4.27128,48.29579],[-4.30659,48.2976],[-4.33075,48.29025],[-4.3389,48.28345],[-4.34173,48.28628],[-4.35331,48.28602],[-4.36473,48.27858],[-4.38428,48.27508],[-4.409,48.27561],[-4.42113,48.28643],[-4.41935,48.29334],[-4.42637,48.29097],[-4.44575,48.29111],[-4.45841,48.29219],[-4.46043,48.29451],[-4.46976,48.28739],[-4.50321,48.28106],[-4.50908,48.28442],[-4.50632,48.28634],[-4.51812,48.29379],[-4.50147,48.30589],[-4.49959,48.31062],[-4.49593,48.3095],[-4.49951,48.31118],[-4.50645,48.31088],[-4.5181,48.29762],[-4.52604,48.29518],[-4.52229,48.29003],[-4.5359,48.28411],[-4.54201,48.29005],[-4.5376,48.29189],[-4.54226,48.29022],[-4.54951,48.29253],[-4.55652,48.30007],[-4.55606,48.30392],[-4.55158,48.30575],[-4.54525,48.31476],[-4.54539,48.32508],[-4.53218,48.33967],[-4.53312,48.34196],[-4.55536,48.33825],[-4.56332,48.33165],[-4.57109,48.33024],[-4.57056,48.32718],[-4.57783,48.3249],[-4.58142,48.31895],[-4.5772,48.31747],[-4.57092,48.30523],[-4.57354,48.2994],[-4.56803,48.29598],[-4.5661,48.28853],[-4.56989,48.28236],[-4.57423,48.28225],[-4.57818,48.27782],[-4.58801,48.27516],[-4.59443,48.27557],[-4.59888,48.28058],[-4.59135,48.27909],[-4.59154,48.28056],[-4.60124,48.28271],[-4.60058,48.28732],[-4.60703,48.28607],[-4.61194,48.27997],[-4.61594,48.28168],[-4.62939,48.2797],[-4.61924,48.27769],[-4.61509,48.2726],[-4.62508,48.25908],[-4.62252,48.25262],[-4.61845,48.26063],[-4.61325,48.26215],[-4.60257,48.26013],[-4.59571,48.2553],[-4.59614,48.25224],[-4.58883,48.25356],[-4.58231,48.25068],[-4.57547,48.25488],[-4.57144,48.25369],[-4.56364,48.2557],[-4.56047,48.25914],[-4.557,48.25869],[-4.54883,48.2551],[-4.54382,48.2493],[-4.54527,48.24054],[-4.55266,48.23985],[-4.56144,48.23566],[-4.56572,48.23724],[-4.57147,48.23249],[-4.56314,48.23155],[-4.56118,48.22939],[-4.55804,48.21282],[-4.55483,48.21295],[-4.55198,48.20881],[-4.55383,48.20688],[-4.55012,48.1929],[-4.5539,48.19079],[-4.55047,48.18856],[-4.5534,48.18529],[-4.55093,48.18297],[-4.55312,48.17923],[-4.55983,48.17688],[-4.55853,48.1707],[-4.55394,48.16806],[-4.54,48.16989],[-4.53963,48.18132],[-4.5268,48.18581],[-4.52296,48.19087],[-4.51861,48.19168],[-4.52063,48.19583],[-4.51575,48.1993],[-4.51047,48.2118],[-4.49458,48.21997],[-4.49472,48.2229],[-4.50401,48.22516],[-4.4985,48.23295],[-4.48966,48.23614],[-4.48598,48.23454],[-4.47695,48.23566],[-4.46491,48.23944],[-4.46016,48.23543],[-4.44844,48.2358],[-4.43424,48.23058],[-4.4417,48.23505],[-4.43212,48.23784],[-4.42851,48.23453],[-4.43298,48.22876],[-4.41852,48.22765],[-4.41382,48.22556],[-4.41501,48.22349],[-4.39227,48.22023],[-4.39102,48.21776],[-4.38715,48.2195],[-4.37782,48.21871],[-4.36899,48.20951],[-4.37417,48.2066],[-4.3585,48.20535],[-4.34846,48.20725],[-4.33784,48.20545],[-4.3346,48.20716],[-4.32832,48.2047],[-4.328,48.20233],[-4.31604,48.20373],[-4.31243,48.19729],[-4.30322,48.19572],[-4.29112,48.17639],[-4.29174,48.1694],[-4.29911,48.16758],[-4.29372,48.16455],[-4.29655,48.16013],[-4.29271,48.15763],[-4.28812,48.15878],[-4.28572,48.15571],[-4.27473,48.15597],[-4.26796,48.13055],[-4.27535,48.13362],[-4.28558,48.12614],[-4.28041,48.11885],[-4.28324,48.1097],[-4.28657,48.10338],[-4.29389,48.1],[-4.29912,48.094],[-4.29682,48.09195],[-4.30489,48.08916],[-4.32381,48.09315],[-4.32365,48.09795],[-4.32759,48.09983],[-4.32963,48.09711],[-4.33472,48.0976],[-4.33657,48.09438],[-4.34256,48.09702],[-4.33902,48.09814],[-4.34153,48.10079],[-4.35409,48.10287],[-4.36234,48.10923],[-4.37556,48.1099],[-4.38585,48.10529],[-4.4037,48.10558],[-4.40696,48.10358],[-4.41304,48.10703],[-4.42023,48.10559],[-4.42338,48.09999],[-4.42894,48.1001],[-4.43282,48.0973],[-4.44205,48.09633],[-4.44959,48.09857],[-4.45732,48.09657],[-4.46583,48.09934],[-4.46579,48.09608],[-4.47718,48.09566],[-4.48881,48.0862],[-4.49799,48.08806],[-4.50038,48.09096],[-4.5039,48.09017],[-4.50295,48.08861],[-4.51112,48.09033],[-4.51942,48.08788],[-4.52169,48.09056],[-4.52334,48.08557],[-4.53181,48.08661],[-4.53632,48.08983],[-4.54607,48.07785],[-4.55243,48.07614],[-4.56719,48.08221],[-4.58167,48.08236],[-4.58323,48.08002],[-4.5868,48.08023],[-4.59096,48.07385],[-4.60455,48.07607],[-4.62131,48.06847],[-4.62973,48.07254],[-4.63189,48.06707],[-4.63757,48.06891],[-4.64375,48.0671],[-4.65138,48.06988],[-4.66259,48.06908],[-4.66516,48.07265],[-4.67188,48.06047],[-4.6814,48.06272],[-4.68722,48.0615],[-4.68891,48.06525],[-4.68937,48.06202],[-4.69541,48.0605],[-4.71432,48.06477],[-4.71633,48.06298],[-4.71281,48.05929],[-4.71509,48.05764],[-4.71165,48.05617],[-4.71366,48.0528],[-4.70942,48.05261],[-4.70539,48.04916],[-4.70682,48.04479],[-4.71338,48.04146],[-4.7407,48.04056],[-4.72672,48.03303],[-4.7113,48.03327],[-4.69647,48.02603],[-4.69472,48.02873],[-4.69001,48.02631],[-4.66436,48.02689],[-4.6555,48.02212],[-4.65036,48.02194],[-4.64909,48.02373],[-4.64275,48.02337],[-4.641,48.02639],[-4.63301,48.0296],[-4.62818,48.02234],[-4.62322,48.021],[-4.6228,48.01769],[-4.61228,48.01823],[-4.59839,48.01526],[-4.59154,48.01014],[-4.59212,48.00647],[-4.57777,48.00467],[-4.56574,47.99973],[-4.55643,48.00529],[-4.55572,48.0095],[-4.54802,48.01169],[-4.5413,48.01075],[-4.53532,48.0182],[-4.53867,48.02258],[-4.5354,48.02464],[-4.53263,48.0214],[-4.53706,48.01204],[-4.53481,48.00982],[-4.52583,48.00609],[-4.51912,48.00486],[-4.51714,48.00636],[-4.50079,48.00193],[-4.4832,47.99395],[-4.47618,47.98623],[-4.46226,47.98583],[-4.45094,47.98114],[-4.44463,47.97396],[-4.41964,47.95956],[-4.40842,47.94283],[-4.39998,47.93831],[-4.38685,47.92586],[-4.36545,47.89325],[-4.35525,47.87073],[-4.34563,47.84042],[-4.34771,47.83759],[-4.35539,47.83671],[-4.34812,47.83579],[-4.35247,47.82845],[-4.36126,47.82604],[-4.36255,47.82824],[-4.36684,47.82807],[-4.36784,47.82487],[-4.37112,47.82598],[-4.38006,47.82172],[-4.38254,47.81437],[-4.37778,47.81738],[-4.37151,47.80925],[-4.37489,47.80373],[-4.37368,47.79784],[-4.36233,47.7959],[-4.34567,47.79945],[-4.32659,47.79783],[-4.3015,47.80129],[-4.29353,47.79694],[-4.29263,47.79185],[-4.28278,47.79312],[-4.27258,47.80072],[-4.27136,47.79821],[-4.27952,47.79295],[-4.26652,47.79037],[-4.21702,47.79339],[-4.21338,47.79566],[-4.21499,47.7975],[-4.2111,47.79649],[-4.21316,47.80278],[-4.21059,47.80328],[-4.20778,47.8002],[-4.19206,47.79613],[-4.17353,47.80688],[-4.17574,47.81122],[-4.16524,47.81488],[-4.1668,47.8193],[-4.16138,47.82409],[-4.16316,47.82774],[-4.15908,47.8313],[-4.16799,47.83571],[-4.1723,47.83611],[-4.17232,47.8341],[-4.17581,47.83592],[-4.17483,47.83805],[-4.17882,47.83705],[-4.17551,47.8329],[-4.17844,47.83569],[-4.18239,47.83566],[-4.18491,47.83897],[-4.18111,47.83835],[-4.18078,47.84111],[-4.19092,47.84717],[-4.18353,47.85025],[-4.1874,47.84906],[-4.20794,47.86534],[-4.21584,47.86693],[-4.2058,47.86564],[-4.20406,47.86232],[-4.19571,47.85843],[-4.19697,47.86237],[-4.19196,47.86633],[-4.19084,47.86163],[-4.17814,47.85057],[-4.1761,47.85449],[-4.18223,47.86741],[-4.18939,47.86608],[-4.1948,47.8738],[-4.19156,47.87631],[-4.18339,47.87557],[-4.1848,47.88082],[-4.17857,47.88025],[-4.17167,47.87487],[-4.17371,47.86946],[-4.16523,47.85219],[-4.1686,47.84929],[-4.16985,47.84089],[-4.16371,47.84788],[-4.14011,47.85961],[-4.12173,47.86462],[-4.11325,47.86224],[-4.1144,47.87132],[-4.12432,47.87929],[-4.12175,47.8829],[-4.13088,47.88733],[-4.12981,47.88925],[-4.14139,47.89602],[-4.14261,47.89362],[-4.14369,47.89573],[-4.14976,47.89319],[-4.14852,47.88977],[-4.15129,47.89443],[-4.15572,47.89541],[-4.15613,47.8925],[-4.17082,47.89474],[-4.17599,47.90666],[-4.17411,47.90755],[-4.17207,47.90013],[-4.16891,47.8998],[-4.16608,47.89556],[-4.16133,47.89722],[-4.15902,47.89432],[-4.15246,47.89735],[-4.14571,47.89737],[-4.15008,47.91025],[-4.14216,47.9193],[-4.14107,47.92643],[-4.13254,47.92612],[-4.13124,47.93137],[-4.1183,47.93148],[-4.11161,47.93606],[-4.11364,47.95275],[-4.11893,47.95137],[-4.12245,47.95308],[-4.11371,47.95463],[-4.11218,47.96069],[-4.12085,47.96539],[-4.11292,47.96654],[-4.10982,47.96387],[-4.10104,47.97069],[-4.11265,47.97218],[-4.11658,47.97497],[-4.11842,47.97967],[-4.11563,47.9839],[-4.11329,47.97547],[-4.10174,47.97467],[-4.09584,47.96992],[-4.09755,47.9534],[-4.10227,47.95031],[-4.10766,47.95074],[-4.10855,47.94286],[-4.10342,47.9422],[-4.10187,47.94444],[-4.09544,47.9426],[-4.08434,47.95515],[-4.0839,47.95159],[-4.08045,47.95224],[-4.07626,47.94877],[-4.08459,47.95034],[-4.08747,47.94793],[-4.08562,47.94592],[-4.09535,47.94156],[-4.06915,47.93293],[-4.09616,47.93856],[-4.10029,47.94302],[-4.10333,47.93994],[-4.1082,47.94228],[-4.11388,47.93144],[-4.12952,47.93007],[-4.13343,47.9247],[-4.1395,47.92566],[-4.14462,47.90947],[-4.14145,47.90056],[-4.13832,47.89829],[-4.13294,47.89858],[-4.12866,47.89294],[-4.11627,47.89681],[-4.11829,47.89324],[-4.12534,47.89131],[-4.12434,47.88818],[-4.10573,47.88085],[-4.11467,47.88232],[-4.11675,47.87685],[-4.1116,47.87167],[-4.10162,47.8703],[-4.09892,47.86279],[-4.09074,47.86104],[-4.08764,47.86464],[-4.07722,47.86667],[-4.08326,47.87407],[-4.07914,47.87352],[-4.07893,47.86888],[-4.07499,47.86751],[-4.06749,47.87083],[-4.07312,47.86471],[-4.06648,47.86319],[-4.06457,47.86456],[-4.06358,47.86065],[-4.0587,47.86109],[-4.05355,47.85602],[-4.07466,47.86162],[-4.08482,47.86199],[-4.0595,47.85692],[-4.04068,47.84456],[-4.0262,47.85031],[-3.97767,47.85377],[-3.97467,47.85503],[-3.98408,47.86124],[-3.98507,47.87574],[-3.99005,47.883],[-3.97597,47.88989],[-3.98162,47.88893],[-3.98739,47.89086],[-3.99203,47.89677],[-3.98246,47.89335],[-3.97891,47.89577],[-3.9817,47.89752],[-3.97944,47.90209],[-3.97731,47.90017],[-3.97364,47.90165],[-3.97318,47.89531],[-3.95892,47.89718],[-3.95217,47.89458],[-3.94602,47.90511],[-3.94992,47.89255],[-3.94805,47.89115],[-3.94413,47.89278],[-3.94777,47.88805],[-3.93132,47.87999],[-3.92979,47.87127],[-3.91697,47.86799],[-3.91735,47.87376],[-3.90549,47.87706],[-3.90718,47.87302],[-3.91169,47.87108],[-3.91117,47.86654],[-3.90547,47.86052],[-3.90038,47.86166],[-3.89882,47.85938],[-3.90174,47.86],[-3.90681,47.85606],[-3.91285,47.85918],[-3.91823,47.85601],[-3.91141,47.85362],[-3.91043,47.85063],[-3.88695,47.84964],[-3.89425,47.84238],[-3.89277,47.84618],[-3.89865,47.84675],[-3.90183,47.8344],[-3.89217,47.8323],[-3.85126,47.79917],[-3.84693,47.80374],[-3.85464,47.79038],[-3.84667,47.7922],[-3.83914,47.7974],[-3.8311,47.79643],[-3.82856,47.79337],[-3.82655,47.79654],[-3.82082,47.7969],[-3.79991,47.7876],[-3.78899,47.79101],[-3.76979,47.79001],[-3.76551,47.79256],[-3.76212,47.79024],[-3.74326,47.7968],[-3.73791,47.8005],[-3.74134,47.80926],[-3.74724,47.81578],[-3.7516,47.81415],[-3.75364,47.81694],[-3.74538,47.81893],[-3.74596,47.82654],[-3.75135,47.82757],[-3.75728,47.83643],[-3.7487,47.84078],[-3.75128,47.84499],[-3.75532,47.84395],[-3.74902,47.84802],[-3.75085,47.84566],[-3.74636,47.84276],[-3.74831,47.8377],[-3.74573,47.83609],[-3.74821,47.83463],[-3.74934,47.83604],[-3.75041,47.83378],[-3.74592,47.83252],[-3.74757,47.83126],[-3.74358,47.8274],[-3.74188,47.81232],[-3.73309,47.80355],[-3.71446,47.80987],[-3.70834,47.81531],[-3.70543,47.81389],[-3.69949,47.82008],[-3.69978,47.82444],[-3.69569,47.82756],[-3.69796,47.83039],[-3.69516,47.8318],[-3.69375,47.82817],[-3.69733,47.82409],[-3.69445,47.82052],[-3.68609,47.82047],[-3.67229,47.82689],[-3.65121,47.82168],[-3.65567,47.82079],[-3.67174,47.82437],[-3.68524,47.81863],[-3.69652,47.81901],[-3.70224,47.81387],[-3.70072,47.80815],[-3.7029,47.81247],[-3.7079,47.81314],[-3.7126,47.8073],[-3.71806,47.80701],[-3.72263,47.80343],[-3.72028,47.80143],[-3.72236,47.7978],[-3.67704,47.77603],[-3.67265,47.7773],[-3.6702,47.78303],[-3.65205,47.77943],[-3.64302,47.79032],[-3.64477,47.78333],[-3.64924,47.77957],[-3.6453,47.77403],[-3.64125,47.77555],[-3.63969,47.77364],[-3.62944,47.77254],[-3.62753,47.77441],[-3.62631,47.76998],[-3.62058,47.77121],[-3.61263,47.76864],[-3.60301,47.77796],[-3.60869,47.77192],[-3.60134,47.76872],[-3.59821,47.7702],[-3.58042,47.76685],[-3.57296,47.76991],[-3.56439,47.76871],[-3.55421,47.76368],[-3.55128,47.76309],[-3.54718,47.76597],[-3.53957,47.76262],[-3.53139,47.77053],[-3.53681,47.77523],[-3.53338,47.77577],[-3.52808,47.78691],[-3.53194,47.79045],[-3.52736,47.79695],[-3.52311,47.79789],[-3.52489,47.79184],[-3.52876,47.7895],[-3.52397,47.78893],[-3.53041,47.77918],[-3.52569,47.76769],[-3.52965,47.76576],[-3.51254,47.75325],[-3.49362,47.72473],[-3.48722,47.72214],[-3.48465,47.71658],[-3.4753,47.71466],[-3.47639,47.71041],[-3.47134,47.71013],[-3.46923,47.70675],[-3.45949,47.70342],[-3.45903,47.70143],[-3.46266,47.70095],[-3.45308,47.69537],[-3.44779,47.696],[-3.44353,47.69977],[-3.43703,47.69855],[-3.42766,47.70465],[-3.41556,47.70038],[-3.40768,47.70293],[-3.39173,47.70091],[-3.38485,47.70267],[-3.36698,47.71725],[-3.37067,47.72337],[-3.36586,47.72719],[-3.36861,47.73166],[-3.36195,47.72853],[-3.35625,47.73183],[-3.35119,47.74229],[-3.3609,47.74512],[-3.35015,47.74415],[-3.35469,47.75725],[-3.36235,47.7587],[-3.36413,47.76146],[-3.35759,47.76255],[-3.35383,47.76045],[-3.34494,47.74208],[-3.33317,47.74312],[-3.32302,47.74845],[-3.32607,47.75925],[-3.31664,47.75677],[-3.31126,47.76244],[-3.30311,47.76531],[-3.29932,47.77487],[-3.2953,47.77539],[-3.29183,47.77183],[-3.28649,47.77322],[-3.28698,47.77799],[-3.29052,47.78236],[-3.29495,47.78197],[-3.29636,47.78542],[-3.29029,47.79318],[-3.29543,47.79377],[-3.27791,47.79417],[-3.27614,47.7985],[-3.27592,47.79394],[-3.28965,47.79212],[-3.29213,47.78949],[-3.29319,47.78516],[-3.28293,47.78014],[-3.28218,47.77638],[-3.28678,47.76819],[-3.29363,47.76869],[-3.29636,47.77143],[-3.30275,47.76271],[-3.30173,47.7582],[-3.30618,47.74811],[-3.31421,47.74644],[-3.31436,47.74179],[-3.32177,47.73534],[-3.34793,47.7345],[-3.34897,47.72973],[-3.34589,47.72988],[-3.34442,47.72654],[-3.35114,47.72319],[-3.34309,47.71981],[-3.34296,47.71588],[-3.34648,47.71377],[-3.35107,47.71577],[-3.35039,47.71019],[-3.35364,47.70855],[-3.35666,47.71094],[-3.36523,47.71067],[-3.35393,47.70328],[-3.3412,47.70889],[-3.33232,47.70722],[-3.32727,47.70893],[-3.32204,47.70475],[-3.30997,47.70991],[-3.3095,47.705],[-3.30243,47.70233],[-3.2933,47.70277],[-3.28833,47.7065],[-3.28495,47.70627],[-3.28368,47.70418],[-3.28775,47.7051],[-3.28821,47.7032],[-3.27947,47.68898],[-3.28055,47.68645],[-3.31362,47.69353],[-3.30911,47.69387],[-3.32663,47.70218],[-3.33154,47.6985],[-3.33898,47.69853],[-3.34517,47.69592],[-3.35313,47.70046],[-3.35508,47.69416],[-3.36081,47.69034],[-3.35909,47.68625],[-3.35296,47.69015],[-3.35287,47.69279],[-3.34174,47.69562],[-3.30294,47.69017],[-3.27128,47.67885],[-3.21395,47.64388],[-3.21024,47.65114],[-3.21207,47.66195],[-3.21843,47.66522],[-3.21397,47.66911],[-3.21695,47.67388],[-3.20618,47.67169],[-3.20903,47.67601],[-3.2011,47.67548],[-3.20306,47.67735],[-3.20003,47.68119],[-3.20219,47.68402],[-3.21158,47.68442],[-3.20648,47.68792],[-3.21522,47.69131],[-3.21607,47.69581],[-3.2105,47.6983],[-3.20988,47.69092],[-3.20575,47.68947],[-3.20001,47.69123],[-3.19605,47.68833],[-3.1845,47.69347],[-3.17273,47.69293],[-3.16551,47.69563],[-3.15054,47.69174],[-3.15028,47.68929],[-3.15508,47.68648],[-3.15802,47.68963],[-3.16281,47.68637],[-3.16233,47.68003],[-3.17452,47.68338],[-3.17605,47.68127],[-3.18311,47.68151],[-3.18502,47.68806],[-3.19094,47.68154],[-3.18783,47.67774],[-3.19591,47.67808],[-3.20145,47.66997],[-3.20845,47.67],[-3.20821,47.66639],[-3.18751,47.66088],[-3.20619,47.66493],[-3.20824,47.66224],[-3.20426,47.64914],[-3.21002,47.64408],[-3.20916,47.63931],[-3.19815,47.62889],[-3.19741,47.6239],[-3.16008,47.6075],[-3.14045,47.57959],[-3.13527,47.54411],[-3.14485,47.53131],[-3.15355,47.52731],[-3.16231,47.52965],[-3.15998,47.52325],[-3.15425,47.52324],[-3.15251,47.51978],[-3.15265,47.51092],[-3.14903,47.50874],[-3.15125,47.50258],[-3.14631,47.49273],[-3.14255,47.492],[-3.14533,47.48849],[-3.14361,47.48422],[-3.13781,47.48197],[-3.13072,47.47355],[-3.12528,47.47802],[-3.1179,47.47914],[-3.10947,47.47105],[-3.1054,47.47376],[-3.1004,47.47134],[-3.09372,47.47358],[-3.08798,47.46984],[-3.07933,47.46918],[-3.08935,47.47244],[-3.09423,47.48279],[-3.10869,47.4889],[-3.11343,47.49584],[-3.11801,47.49701],[-3.11767,47.50975],[-3.12638,47.51297],[-3.12673,47.52014],[-3.1297,47.52189],[-3.1283,47.52584],[-3.13339,47.53196],[-3.13113,47.53883],[-3.13359,47.54628],[-3.12556,47.56607],[-3.11506,47.57542],[-3.11527,47.57876],[-3.1245,47.57208],[-3.1304,47.5741],[-3.13053,47.58872],[-3.12745,47.59206],[-3.1312,47.59596],[-3.12735,47.59869],[-3.11296,47.5875],[-3.10329,47.5846],[-3.10429,47.58098],[-3.09223,47.57958],[-3.09203,47.57396],[-3.09723,47.57562],[-3.09642,47.578],[-3.10603,47.57717],[-3.1063,47.5738],[-3.09696,47.56805],[-3.09743,47.56441],[-3.08962,47.56475],[-3.07033,47.57158],[-3.06155,47.57231],[-3.05441,47.56952],[-3.05241,47.57759],[-3.04093,47.57932],[-3.03967,47.57375],[-3.02773,47.57307],[-3.0251,47.56826],[-3.01924,47.56767],[-3.02355,47.57332],[-3.02233,47.57943],[-3.02694,47.58267],[-3.02813,47.59074],[-3.02495,47.59235],[-3.01361,47.58336],[-3.0073,47.56836],[-2.9967,47.56645],[-2.99824,47.56963],[-2.99415,47.5718],[-2.9882,47.56634],[-2.99788,47.58497],[-2.99477,47.59107],[-2.99399,47.58618],[-2.98931,47.58374],[-2.99114,47.58038],[-2.9856,47.57707],[-2.98046,47.57836],[-2.97041,47.56922],[-2.97386,47.56826],[-2.9686,47.55962],[-2.9738,47.55958],[-2.97753,47.56288],[-2.97589,47.55883],[-2.97176,47.55887],[-2.96241,47.55359],[-2.9638,47.55664],[-2.95802,47.55908],[-2.9594,47.56286],[-2.95621,47.56488],[-2.95177,47.55614],[-2.92843,47.55419],[-2.92776,47.55869],[-2.93644,47.5609],[-2.93737,47.56742],[-2.9459,47.57131],[-2.94752,47.57918],[-2.95923,47.58082],[-2.96512,47.5888],[-2.95421,47.59729],[-2.97196,47.60677],[-2.96373,47.60761],[-2.96196,47.60974],[-2.96573,47.61137],[-2.95867,47.61522],[-2.95348,47.61266],[-2.96252,47.63356],[-2.97049,47.63323],[-2.97044,47.64449],[-2.97537,47.64541],[-2.98115,47.65569],[-2.9769,47.65975],[-2.96382,47.64568],[-2.96776,47.63876],[-2.9551,47.63856],[-2.96185,47.63491],[-2.95808,47.63385],[-2.95828,47.62745],[-2.95567,47.62611],[-2.94303,47.62925],[-2.93494,47.62523],[-2.9432,47.62565],[-2.94934,47.62133],[-2.94652,47.61286],[-2.95091,47.60989],[-2.95008,47.60727],[-2.94637,47.60758],[-2.93636,47.58642],[-2.93404,47.58686],[-2.93714,47.59671],[-2.92759,47.60221],[-2.92687,47.58915],[-2.92019,47.58273],[-2.91784,47.58224],[-2.91875,47.58562],[-2.91489,47.58753],[-2.91414,47.59173],[-2.91057,47.59215],[-2.90452,47.58933],[-2.90538,47.58467],[-2.90841,47.58413],[-2.90481,47.58205],[-2.89747,47.58557],[-2.89604,47.58252],[-2.89049,47.5818],[-2.88862,47.59214],[-2.89179,47.59867],[-2.88843,47.60341],[-2.86256,47.59692],[-2.85896,47.60225],[-2.86846,47.60705],[-2.85621,47.61457],[-2.85915,47.61846],[-2.86784,47.61677],[-2.86961,47.61951],[-2.86621,47.61808],[-2.86385,47.62166],[-2.85934,47.62317],[-2.85456,47.61902],[-2.84984,47.61975],[-2.83965,47.61673],[-2.83184,47.62008],[-2.82831,47.61835],[-2.83411,47.61282],[-2.81183,47.62253],[-2.80122,47.618],[-2.79497,47.62043],[-2.79015,47.61944],[-2.78204,47.62136],[-2.78195,47.62612],[-2.77648,47.62757],[-2.77953,47.63279],[-2.77023,47.63026],[-2.76424,47.63163],[-2.76048,47.64067],[-2.75504,47.63817],[-2.75474,47.63421],[-2.75803,47.63198],[-2.75131,47.6227],[-2.7462,47.6211],[-2.74502,47.63217],[-2.74115,47.6261],[-2.74357,47.62245],[-2.73567,47.61434],[-2.74329,47.61459],[-2.7463,47.61879],[-2.75614,47.61795],[-2.76464,47.62325],[-2.77492,47.62547],[-2.7795,47.62303],[-2.77828,47.61887],[-2.76473,47.61397],[-2.75861,47.61541],[-2.7535,47.60988],[-2.74038,47.60511],[-2.73119,47.5987],[-2.73508,47.60325],[-2.73069,47.60536],[-2.73037,47.60191],[-2.72045,47.60294],[-2.71827,47.59234],[-2.72159,47.59122],[-2.72758,47.59554],[-2.73043,47.59353],[-2.72583,47.59084],[-2.72192,47.5913],[-2.71362,47.57983],[-2.71889,47.57186],[-2.72888,47.56811],[-2.72507,47.56402],[-2.73132,47.55405],[-2.73482,47.55317],[-2.72869,47.54846],[-2.72957,47.54458],[-2.73322,47.54266],[-2.74231,47.54425],[-2.75233,47.53788],[-2.76235,47.53861],[-2.76741,47.5439],[-2.76874,47.54239],[-2.76447,47.53875],[-2.77908,47.5392],[-2.7809,47.54052],[-2.77612,47.54691],[-2.77838,47.54801],[-2.78293,47.54546],[-2.78742,47.55282],[-2.79988,47.54758],[-2.79645,47.54289],[-2.79945,47.53715],[-2.80053,47.53979],[-2.80726,47.54089],[-2.80527,47.55522],[-2.80711,47.55637],[-2.81356,47.55316],[-2.81747,47.55613],[-2.82397,47.55688],[-2.81882,47.54211],[-2.82931,47.5431],[-2.82656,47.55029],[-2.83821,47.54403],[-2.84479,47.54511],[-2.84836,47.54823],[-2.85367,47.5418],[-2.84539,47.54073],[-2.85436,47.53699],[-2.85499,47.53918],[-2.86278,47.54183],[-2.85798,47.54503],[-2.85825,47.55084],[-2.87033,47.55256],[-2.86734,47.55905],[-2.87537,47.55431],[-2.87866,47.55533],[-2.87815,47.56395],[-2.88319,47.56287],[-2.88316,47.55672],[-2.89097,47.56143],[-2.89487,47.55467],[-2.89739,47.56327],[-2.90352,47.55911],[-2.90775,47.5631],[-2.90855,47.5582],[-2.91067,47.55633],[-2.91436,47.55726],[-2.91485,47.55521],[-2.90814,47.55064],[-2.91314,47.54764],[-2.91934,47.54828],[-2.91787,47.54597],[-2.91316,47.54545],[-2.90946,47.54129],[-2.89109,47.54542],[-2.89253,47.54263],[-2.90118,47.54085],[-2.9056,47.53707],[-2.90356,47.53442],[-2.8921,47.53832],[-2.8714,47.53209],[-2.8617,47.52545],[-2.85837,47.519],[-2.84702,47.51187],[-2.85129,47.50046],[-2.84151,47.49513],[-2.81532,47.48671],[-2.80769,47.48906],[-2.79276,47.48455],[-2.79218,47.48887],[-2.78659,47.48977],[-2.78631,47.49293],[-2.7805,47.49567],[-2.74001,47.50038],[-2.74056,47.50319],[-2.73697,47.50508],[-2.7236,47.50675],[-2.69452,47.50029],[-2.68274,47.49538],[-2.68163,47.49218],[-2.67545,47.49183],[-2.67557,47.49424],[-2.68147,47.49545],[-2.68059,47.49782],[-2.6655,47.50919],[-2.66771,47.51424],[-2.66315,47.5195],[-2.6397,47.51638],[-2.63166,47.50938],[-2.6322,47.50452],[-2.62195,47.5046],[-2.60812,47.50851],[-2.60578,47.51543],[-2.597,47.51753],[-2.57044,47.51637],[-2.55131,47.51114],[-2.55205,47.5148],[-2.5449,47.51807],[-2.54361,47.52329],[-2.53663,47.52419],[-2.53859,47.52629],[-2.53357,47.52911],[-2.53487,47.5236],[-2.51778,47.52711],[-2.50468,47.52294],[-2.50006,47.51788],[-2.50369,47.51679],[-2.50213,47.51448],[-2.49733,47.51756],[-2.46693,47.51211],[-2.43955,47.49865],[-2.42051,47.5005],[-2.41848,47.49711],[-2.41333,47.49655],[-2.40926,47.49784],[-2.41265,47.50486],[-2.41013,47.50556],[-2.40824,47.50329],[-2.40827,47.49885],[-2.39866,47.50518],[-2.39012,47.50663],[-2.38206,47.50006],[-2.38654,47.49708],[-2.39341,47.5013],[-2.40029,47.49733],[-2.39466,47.49515],[-2.40352,47.4951],[-2.40642,47.48984],[-2.42082,47.49295],[-2.42429,47.49054],[-2.42187,47.48888],[-2.42353,47.4858],[-2.42682,47.4883],[-2.42219,47.49311],[-2.42629,47.49428],[-2.44718,47.49456],[-2.45219,47.49033],[-2.46548,47.48724],[-2.4818,47.4957],[-2.49374,47.49658],[-2.49868,47.49468],[-2.50144,47.48834],[-2.48801,47.4712],[-2.49023,47.46599],[-2.49476,47.46646],[-2.49394,47.46128],[-2.50057,47.4587],[-2.49291,47.44807],[-2.48026,47.44133],[-2.47872,47.44494],[-2.47244,47.44562],[-2.46818,47.4497],[-2.45877,47.44806],[-2.4534,47.45545],[-2.45317,47.46249],[-2.43755,47.46607],[-2.4339,47.4726],[-2.43173,47.4719],[-2.42967,47.47574],[-2.42311,47.47723],[-2.41817,47.47253],[-2.42305,47.4684],[-2.41821,47.46709],[-2.41734,47.46072],[-2.40045,47.45624],[-2.38928,47.4571],[-2.38342,47.4599],[-2.38398,47.46214],[-2.36825,47.46431],[-2.35317,47.45445],[-2.34962,47.45775],[-2.31745,47.46114],[-2.31169,47.46514],[-2.31314,47.4859],[-2.30406,47.49154],[-2.29904,47.50037],[-2.29654,47.5112],[-2.29854,47.51589],[-2.2911,47.51341],[-2.28681,47.51493],[-2.28174,47.50997],[-2.27435,47.51265],[-2.26665,47.51053],[-2.26129,47.51378],[-2.25487,47.51163],[-2.25719,47.50518],[-2.26561,47.50179],[-2.24377,47.49389],[-2.23062,47.49784],[-2.21503,47.50847],[-2.18464,47.5122],[-2.18638,47.50641],[-2.18363,47.50181],[-2.18807,47.49935],[-2.19255,47.50011],[-2.19215,47.49667],[-2.18191,47.49051],[-2.17309,47.49209],[-2.16415,47.48918],[-2.15425,47.49645],[-2.15289,47.5105],[-2.15604,47.52202],[-2.13184,47.52669],[-2.13181,47.53122],[-2.11884,47.52809],[-2.09883,47.53345],[-2.09694,47.5407],[-2.10483,47.54893],[-2.09917,47.5584],[-2.09668,47.57268],[-2.09861,47.572],[-2.10112,47.5774],[-2.10474,47.57525],[-2.09961,47.58154],[-2.10347,47.5933],[-2.10181,47.59626],[-2.08607,47.60409],[-2.0851,47.62183],[-2.09668,47.63207],[-2.0908,47.64214],[-2.08151,47.65012],[-2.07403,47.65187],[-2.06741,47.64975],[-2.05121,47.64986],[-2.04957,47.6618],[-2.0389,47.6697],[-2.01285,47.66616],[-2.00896,47.67176],[-1.98715,47.68169],[-1.97356,47.69445],[-1.96903,47.68968],[-1.9695,47.67363],[-1.965,47.67131],[-1.95654,47.6712],[-1.93785,47.68615],[-1.8953,47.69615],[-1.87802,47.69541],[-1.86718,47.70166],[-1.86476,47.70646],[-1.85655,47.70844],[-1.84032,47.70554],[-1.82724,47.7107],[-1.8204,47.70472],[-1.81495,47.70561],[-1.80226,47.70142],[-1.78986,47.70206],[-1.78372,47.69925],[-1.77109,47.69826],[-1.75195,47.70756],[-1.73751,47.70479],[-1.72943,47.69924],[-1.70362,47.70047],[-1.70735,47.71439],[-1.68307,47.71144],[-1.66496,47.71271],[-1.65842,47.70925],[-1.65467,47.71239],[-1.65567,47.7153],[-1.64986,47.71766],[-1.64827,47.72099],[-1.63818,47.72231],[-1.6365,47.74244],[-1.63351,47.74344],[-1.62608,47.75657],[-1.62734,47.75965],[-1.62318,47.76348],[-1.61979,47.76411],[-1.61746,47.76197],[-1.60992,47.76447],[-1.60456,47.76288],[-1.59394,47.76722],[-1.59844,47.76973],[-1.59405,47.77567],[-1.5861,47.77965],[-1.57756,47.7777],[-1.56537,47.77874],[-1.55333,47.78514],[-1.55009,47.78286],[-1.52905,47.78478],[-1.52078,47.79335],[-1.50288,47.80145],[-1.49958,47.79844],[-1.491,47.79816],[-1.47173,47.80272],[-1.46716,47.80982],[-1.47504,47.82524],[-1.48279,47.83161],[-1.47845,47.83583],[-1.47167,47.833],[-1.46268,47.83594],[-1.45708,47.83112],[-1.44732,47.83322],[-1.43971,47.83051],[-1.42349,47.83277],[-1.41772,47.8274],[-1.4109,47.82857],[-1.40549,47.82443],[-1.39848,47.82909],[-1.39352,47.8293],[-1.38192,47.8236],[-1.37696,47.81553],[-1.37798,47.81002],[-1.36466,47.80661],[-1.36256,47.8035],[-1.36506,47.7991],[-1.31136,47.79112],[-1.24607,47.77673],[-1.23656,47.79846],[-1.24256,47.80785],[-1.23811,47.80982],[-1.23471,47.81883],[-1.22039,47.82027],[-1.22218,47.82474],[-1.21614,47.83239],[-1.21473,47.84703],[-1.22158,47.84944],[-1.22292,47.85242],[-1.21582,47.85743],[-1.20862,47.85668],[-1.20646,47.85872],[-1.20313,47.8569],[-1.19735,47.86377],[-1.18905,47.86721],[-1.19025,47.87396],[-1.19778,47.87999],[-1.19679,47.88912],[-1.19021,47.892],[-1.18192,47.8921],[-1.17603,47.89753],[-1.17679,47.9074],[-1.17527,47.91197],[-1.16821,47.91631],[-1.16342,47.92764],[-1.16741,47.93563],[-1.15995,47.93936],[-1.16156,47.95282],[-1.15545,47.96538],[-1.14859,47.96806],[-1.14151,47.9674],[-1.13947,47.97054],[-1.13436,47.96786],[-1.13261,47.97121],[-1.12527,47.97159],[-1.12781,47.97476],[-1.12449,47.97955],[-1.12827,47.98174],[-1.12446,47.98685],[-1.11991,47.98584],[-1.11398,47.98882],[-1.10125,47.98931],[-1.09779,47.98661],[-1.09142,47.98785],[-1.07188,47.98189],[-1.06509,47.98491],[-1.04795,47.98487],[-1.03816,47.99157],[-1.02267,47.99422],[-1.01561,48.0034],[-1.01898,48.00504],[-1.0166,48.00808],[-1.01831,48.013],[-1.03492,48.0334],[-1.02971,48.03587],[-1.0272,48.04056],[-1.03015,48.04345],[-1.02656,48.0456],[-1.03357,48.05305],[-1.02664,48.0655],[-1.02136,48.0684],[-1.04047,48.07809],[-1.0497,48.08998],[-1.05402,48.117],[-1.05937,48.12571],[-1.06032,48.15022],[-1.06417,48.16083],[-1.07442,48.15932],[-1.07278,48.16585],[-1.0773,48.16703],[-1.07578,48.17345],[-1.07998,48.17473],[-1.0786,48.18978],[-1.07367,48.19997],[-1.08722,48.21013],[-1.08068,48.21963],[-1.08452,48.22084],[-1.0863,48.23066],[-1.09128,48.23221],[-1.09017,48.23912],[-1.0993,48.2501],[-1.09915,48.26036],[-1.10202,48.26267],[-1.09999,48.26847],[-1.09265,48.27505],[-1.09039,48.28945],[-1.08406,48.29282],[-1.08198,48.29862],[-1.06136,48.31119],[-1.04509,48.32781],[-1.06022,48.3491],[-1.05998,48.35762],[-1.05574,48.36465],[-1.06488,48.36778],[-1.05724,48.37558],[-1.05707,48.37915],[-1.05302,48.38097],[-1.06215,48.39297],[-1.06365,48.3995],[-1.08005,48.41417],[-1.0782,48.42453],[-1.08289,48.43016],[-1.07957,48.44356],[-1.06523,48.45142],[-1.06706,48.46021],[-1.06392,48.46731],[-1.066,48.4701],[-1.07117,48.46938],[-1.074,48.47391],[-1.07306,48.48221],[-1.07881,48.48263],[-1.07001,48.48551],[-1.07853,48.48947],[-1.07546,48.49595],[-1.07669,48.50243],[-1.06692,48.50477],[-1.07008,48.50882],[-1.10391,48.51312],[-1.11503,48.51834],[-1.11723,48.52172],[-1.13345,48.52225],[-1.14219,48.51788],[-1.15425,48.51918],[-1.17008,48.53123],[-1.18308,48.52827],[-1.19289,48.52881],[-1.19859,48.53144],[-1.20685,48.54232],[-1.20645,48.539],[-1.21371,48.53944],[-1.21733,48.53704],[-1.23887,48.53772],[-1.25179,48.54378],[-1.27276,48.53389],[-1.26861,48.52966],[-1.26969,48.52401],[-1.27741,48.51594],[-1.27903,48.50929],[-1.2875,48.50959],[-1.30064,48.49904],[-1.31766,48.49604],[-1.32139,48.50013],[-1.32799,48.49804],[-1.3284,48.49272],[-1.33146,48.49262],[-1.32874,48.48625],[-1.33712,48.49118],[-1.34119,48.48992],[-1.34945,48.48169],[-1.34475,48.47287],[-1.35027,48.47161],[-1.35347,48.468],[-1.36564,48.46614],[-1.36771,48.46207],[-1.38006,48.45587],[-1.39702,48.46223],[-1.40756,48.46009],[-1.41526,48.46289],[-1.4219,48.46034],[-1.42927,48.46224],[-1.44054,48.47115],[-1.43488,48.47792],[-1.44976,48.48755],[-1.45942,48.48475],[-1.46639,48.48846],[-1.47364,48.48529],[-1.48228,48.48684],[-1.48425,48.49134],[-1.48992,48.48932],[-1.48972,48.49618],[-1.49556,48.50868],[-1.50597,48.51621],[-1.50465,48.51935],[-1.51188,48.52384],[-1.5107,48.52698],[-1.51786,48.5298],[-1.5167,48.53721],[-1.52989,48.54413],[-1.52938,48.54601],[-1.53296,48.54616],[-1.53351,48.55324],[-1.52642,48.55672],[-1.52938,48.56022],[-1.52432,48.56202],[-1.52728,48.5654],[-1.52243,48.56358],[-1.51897,48.56667],[-1.53163,48.58093],[-1.54311,48.57993],[-1.54427,48.58713],[-1.53726,48.59893],[-1.54684,48.60147],[-1.54401,48.60608],[-1.56594,48.6144],[-1.56559,48.61962],[-1.57091,48.6263]]],[[[-3.04525,48.85911],[-3.03351,48.86211],[-3.03448,48.86397],[-3.04525,48.85911]]],[[[-3.31067,48.84672],[-3.30877,48.84898],[-3.30433,48.8489],[-3.30446,48.84585],[-3.30844,48.84578],[-3.30823,48.84403],[-3.30086,48.84652],[-3.3032,48.84855],[-3.30474,48.84907],[-3.30783,48.8493],[-3.30897,48.84903],[-3.31051,48.84793],[-3.31067,48.84672]]],[[[-3.28402,48.84509],[-3.27826,48.84421],[-3.28166,48.84663],[-3.28402,48.84509]]],[[[-3.27391,48.8392],[-3.2714,48.83883],[-3.27274,48.8408],[-3.27391,48.8392]]],[[[-3.41269,48.84278],[-3.40966,48.84153],[-3.40653,48.83043],[-3.40624,48.83846],[-3.40961,48.8427],[-3.41269,48.84278]]],[[[-3.48598,48.88226],[-3.47503,48.88179],[-3.47649,48.88409],[-3.48218,48.88458],[-3.48598,48.88226]]],[[[-3.43962,48.89912],[-3.43768,48.89768],[-3.43601,48.90048],[-3.43962,48.89912]]],[[[-3.59096,48.80177],[-3.58557,48.80022],[-3.58584,48.79531],[-3.58342,48.79513],[-3.57948,48.79882],[-3.57307,48.79634],[-3.56939,48.79743],[-3.56243,48.80305],[-3.5667,48.80811],[-3.57702,48.80352],[-3.57921,48.80636],[-3.58553,48.80517],[-3.58623,48.80173],[-3.59096,48.80177]]],[[[-3.60238,48.79996],[-3.59942,48.79677],[-3.59066,48.79601],[-3.59495,48.79822],[-3.59472,48.8016],[-3.59982,48.79874],[-3.60238,48.79996]]],[[[-3.55821,48.80375],[-3.55497,48.80129],[-3.55598,48.80457],[-3.55821,48.80375]]],[[[-2.98559,48.79704],[-2.97795,48.79751],[-2.98212,48.79934],[-2.98559,48.79704]]],[[[-3.19495,48.87408],[-3.19173,48.87149],[-3.1848,48.87291],[-3.18041,48.86553],[-3.18227,48.87438],[-3.19449,48.8755],[-3.19495,48.87408]]],[[[-3.19819,48.86417],[-3.19427,48.86699],[-3.19613,48.86774],[-3.19819,48.86417]]],[[[-3.20458,48.85209],[-3.20227,48.84993],[-3.20318,48.85411],[-3.20458,48.85209]]],[[[-2.19574,48.61979],[-2.18733,48.62187],[-2.18678,48.62694],[-2.18883,48.6275],[-2.19574,48.61979]]],[[[-3.60337,48.77176],[-3.59899,48.76715],[-3.59106,48.7665],[-3.59781,48.77109],[-3.60337,48.77176]]],[[[-3.92899,48.69219],[-3.92287,48.68356],[-3.92659,48.68076],[-3.9226,48.67989],[-3.92213,48.68328],[-3.91903,48.68359],[-3.92456,48.68956],[-3.92272,48.69286],[-3.92532,48.69924],[-3.92899,48.69219]]],[[[-4.86571,48.34215],[-4.85803,48.34149],[-4.85809,48.34544],[-4.84245,48.35579],[-4.84789,48.35707],[-4.84982,48.35387],[-4.85797,48.35094],[-4.85934,48.34573],[-4.86571,48.34215]]],[[[-4.91122,48.37441],[-4.90515,48.37218],[-4.89303,48.37328],[-4.89815,48.376],[-4.90356,48.37394],[-4.90987,48.37577],[-4.91122,48.37441]]],[[[-4.94524,48.3699],[-4.93286,48.37426],[-4.93499,48.37545],[-4.94524,48.3699]]],[[[-4.98717,48.41546],[-4.97998,48.41584],[-4.98179,48.42],[-4.98717,48.41546]]],[[[-5.01422,48.42599],[-5.01022,48.42645],[-5.01144,48.43131],[-5.01422,48.42599]]],[[[-4.43919,48.22472],[-4.43534,48.22409],[-4.43463,48.22781],[-4.43919,48.22472]]],[[[-4.00225,47.70702],[-3.99825,47.70705],[-3.99977,47.70179],[-3.99182,47.70185],[-3.99279,47.70831],[-4.00025,47.71011],[-4.00225,47.70702]]],[[[-3.95877,47.71398],[-3.9575,47.7119],[-3.95504,47.71272],[-3.95131,47.72161],[-3.9583,47.71953],[-3.95877,47.71398]]],[[[-4.00612,47.72336],[-3.99995,47.7229],[-3.99714,47.7254],[-4.00612,47.72336]]],[[[-4.01306,47.71669],[-4.00758,47.7166],[-4.0104,47.71878],[-4.01306,47.71669]]],[[[-3.96832,47.71339],[-3.96612,47.71186],[-3.96528,47.71341],[-3.96832,47.71339]]],[[[-4.04071,48.74578],[-4.03546,48.74131],[-4.02881,48.74259],[-4.02252,48.7388],[-4.01457,48.74421],[-4.00536,48.74031],[-3.9953,48.74148],[-3.9924,48.73703],[-3.98885,48.73937],[-3.99012,48.74513],[-3.99818,48.74554],[-4.00377,48.74823],[-4.00625,48.75278],[-4.02123,48.75342],[-4.02498,48.75015],[-4.04071,48.74578]]],[[[-4.87144,48.04052],[-4.86707,48.0379],[-4.86361,48.04036],[-4.85742,48.03945],[-4.8511,48.03413],[-4.84986,48.03607],[-4.85081,48.04013],[-4.85523,48.03867],[-4.85655,48.04112],[-4.86198,48.04092],[-4.86525,48.04388],[-4.87144,48.04052]]],[[[-4.84063,48.0318],[-4.83841,48.03027],[-4.83578,48.03209],[-4.84063,48.0318]]],[[[-4.96727,48.3983],[-4.96284,48.39126],[-4.95931,48.39031],[-4.95383,48.39326],[-4.95877,48.401],[-4.96727,48.3983]]],[[[-4.9526,48.40064],[-4.94972,48.39799],[-4.94648,48.40109],[-4.94733,48.40273],[-4.9526,48.40064]]],[[[-4.63746,48.60041],[-4.63325,48.60013],[-4.63667,48.60229],[-4.63746,48.60041]]],[[[-4.77808,48.52938],[-4.77561,48.5269],[-4.77304,48.52827],[-4.77385,48.53094],[-4.77808,48.52938]]],[[[-4.1844,47.84513],[-4.17651,47.84071],[-4.18165,47.84745],[-4.1844,47.84513]]],[[[-5.1412,48.44929],[-5.13163,48.44827],[-5.12324,48.45233],[-5.11739,48.45186],[-5.09907,48.45661],[-5.09247,48.44999],[-5.09803,48.44545],[-5.11141,48.44205],[-5.11005,48.43904],[-5.1171,48.43934],[-5.11502,48.43663],[-5.10251,48.43639],[-5.09523,48.44138],[-5.08874,48.44084],[-5.07988,48.45138],[-5.07842,48.4491],[-5.06844,48.45177],[-5.06654,48.44929],[-5.06429,48.45091],[-5.06224,48.44907],[-5.05048,48.45869],[-5.03763,48.4584],[-5.03443,48.46306],[-5.04023,48.46543],[-5.04779,48.46223],[-5.05009,48.46675],[-5.05412,48.465],[-5.05864,48.46688],[-5.05361,48.47057],[-5.05763,48.47149],[-5.05053,48.47662],[-5.05331,48.47785],[-5.05975,48.47586],[-5.06608,48.48198],[-5.07336,48.48333],[-5.07638,48.48058],[-5.07068,48.47919],[-5.0755,48.4746],[-5.08294,48.47227],[-5.09046,48.47358],[-5.09228,48.47602],[-5.10547,48.4727],[-5.10947,48.46841],[-5.1062,48.46656],[-5.10766,48.46515],[-5.117,48.46482],[-5.1304,48.46055],[-5.1412,48.44929]]],[[[-5.10421,48.48111],[-5.0963,48.47781],[-5.08951,48.47999],[-5.0945,48.48228],[-5.10421,48.48111]]],[[[-4.57508,48.61049],[-4.57141,48.60512],[-4.56932,48.60747],[-4.57508,48.61049]]],[[[-4.55868,48.6302],[-4.55606,48.62752],[-4.55106,48.62908],[-4.55868,48.6302]]],[[[-4.57217,48.63815],[-4.56653,48.63946],[-4.56973,48.64036],[-4.57217,48.63815]]],[[[-4.59515,48.62416],[-4.59432,48.62289],[-4.59218,48.62574],[-4.59515,48.62416]]],[[[-4.77867,48.48589],[-4.77681,48.48371],[-4.77602,48.48563],[-4.77867,48.48589]]],[[[-4.2819,48.2835],[-4.27702,48.28286],[-4.27887,48.28504],[-4.2819,48.2835]]],[[[-4.073,48.70526],[-4.06003,48.70287],[-4.0608,48.70576],[-4.06462,48.70669],[-4.073,48.70526]]],[[[-2.16197,48.63839],[-2.15966,48.63735],[-2.15889,48.63937],[-2.16197,48.63839]]],[[[-2.07532,48.67601],[-2.06797,48.67729],[-2.0691,48.67889],[-2.07532,48.67601]]],[[[-2.85238,47.61161],[-2.84677,47.60965],[-2.84552,47.61115],[-2.85018,47.61337],[-2.85238,47.61161]]],[[[-2.88984,47.56681],[-2.88669,47.56693],[-2.88704,47.57192],[-2.88984,47.56681]]],[[[-2.93052,47.58102],[-2.92891,47.57746],[-2.92644,47.57824],[-2.93052,47.58102]]],[[[-2.93314,47.58501],[-2.9299,47.58387],[-2.92806,47.58566],[-2.93314,47.58501]]],[[[-3.15823,47.29258],[-3.1502,47.29404],[-3.13779,47.28899],[-3.14267,47.28742],[-3.13937,47.28622],[-3.11947,47.29054],[-3.11723,47.28791],[-3.11212,47.28877],[-3.10679,47.2853],[-3.09525,47.2831],[-3.09622,47.27901],[-3.09167,47.27858],[-3.08541,47.28379],[-3.07498,47.28697],[-3.07545,47.29334],[-3.06758,47.29639],[-3.065,47.30714],[-3.05642,47.30747],[-3.05657,47.30946],[-3.06828,47.31709],[-3.10219,47.31617],[-3.11035,47.31841],[-3.11266,47.32434],[-3.12193,47.32299],[-3.12422,47.32861],[-3.13844,47.32891],[-3.14805,47.33327],[-3.14566,47.34318],[-3.15627,47.3473],[-3.15332,47.35052],[-3.15733,47.36456],[-3.16366,47.36169],[-3.18755,47.36362],[-3.1949,47.36537],[-3.20113,47.37229],[-3.20622,47.37094],[-3.21566,47.37363],[-3.21949,47.37065],[-3.21853,47.36319],[-3.22138,47.36834],[-3.21849,47.37902],[-3.23723,47.37902],[-3.23679,47.38196],[-3.24706,47.38763],[-3.2496,47.38611],[-3.24954,47.3785],[-3.25332,47.37546],[-3.24688,47.37085],[-3.25834,47.37366],[-3.26203,47.37096],[-3.25874,47.36898],[-3.263,47.36218],[-3.25911,47.35796],[-3.26351,47.35245],[-3.25446,47.34912],[-3.25772,47.34549],[-3.24862,47.33065],[-3.23604,47.32685],[-3.23597,47.32433],[-3.24395,47.32031],[-3.24554,47.31563],[-3.24912,47.31694],[-3.24505,47.30962],[-3.23922,47.30735],[-3.24103,47.30649],[-3.23629,47.30166],[-3.22286,47.29999],[-3.22526,47.29713],[-3.22141,47.29561],[-3.222,47.29362],[-3.2144,47.29325],[-3.21219,47.29508],[-3.20602,47.29367],[-3.20729,47.29559],[-3.19916,47.30083],[-3.20203,47.29683],[-3.19636,47.29386],[-3.18261,47.29541],[-3.18259,47.29945],[-3.17832,47.29913],[-3.17513,47.30189],[-3.16848,47.30051],[-3.16917,47.30196],[-3.16298,47.29622],[-3.16047,47.29678],[-3.15823,47.29258]]],[[[-3.17279,47.68741],[-3.16969,47.68579],[-3.17089,47.68828],[-3.17279,47.68741]]],[[[-3.17989,47.68748],[-3.17664,47.68707],[-3.17722,47.6896],[-3.17989,47.68748]]],[[[-3.51484,47.64756],[-3.50767,47.6407],[-3.49251,47.63268],[-3.48397,47.63287],[-3.4858,47.62866],[-3.47267,47.62686],[-3.46283,47.62038],[-3.45567,47.62325],[-3.44597,47.62295],[-3.43868,47.62862],[-3.42303,47.61994],[-3.41808,47.62555],[-3.41669,47.63442],[-3.43572,47.64462],[-3.44757,47.64291],[-3.46603,47.64907],[-3.472,47.64788],[-3.49668,47.65383],[-3.51053,47.65203],[-3.51484,47.64756]]],[[[-2.8915,47.34596],[-2.88797,47.34343],[-2.88957,47.33724],[-2.88537,47.33236],[-2.86516,47.33699],[-2.86088,47.34115],[-2.86408,47.34915],[-2.8733,47.343],[-2.883,47.34274],[-2.8915,47.34596]]],[[[-2.99499,47.39414],[-2.98671,47.39478],[-2.97338,47.3859],[-2.95797,47.3834],[-2.95623,47.37824],[-2.94989,47.37533],[-2.95338,47.38561],[-2.93868,47.39298],[-2.94218,47.39407],[-2.95227,47.3907],[-2.9617,47.39403],[-2.96759,47.39273],[-2.98062,47.39746],[-2.98185,47.40019],[-2.9886,47.39929],[-2.99129,47.40253],[-2.99437,47.39912],[-2.99128,47.39648],[-2.99499,47.39414]]],[[[-2.97327,47.35688],[-2.96926,47.35587],[-2.96885,47.35738],[-2.97327,47.35688]]],[[[-2.999,47.39466],[-2.99657,47.39329],[-2.99543,47.39484],[-2.999,47.39466]]],[[[-2.86232,47.5689],[-2.8603,47.56036],[-2.85767,47.56144],[-2.8585,47.5666],[-2.84912,47.5661],[-2.85569,47.57452],[-2.85056,47.5784],[-2.8521,47.58196],[-2.84636,47.58997],[-2.82386,47.58871],[-2.82423,47.59084],[-2.84083,47.59389],[-2.83748,47.60721],[-2.84674,47.59903],[-2.85518,47.60046],[-2.85087,47.59774],[-2.85697,47.59009],[-2.85566,47.58475],[-2.86232,47.5689]]],[[[-2.86965,47.57727],[-2.86632,47.57814],[-2.86824,47.57912],[-2.86965,47.57727]]],[[[-2.81652,47.58528],[-2.81218,47.58258],[-2.81332,47.57938],[-2.80884,47.57847],[-2.79205,47.59384],[-2.79015,47.59401],[-2.78779,47.59351],[-2.78517,47.59138],[-2.78673,47.58987],[-2.78319,47.59078],[-2.77762,47.58641],[-2.77471,47.59322],[-2.78438,47.59176],[-2.78581,47.5928],[-2.78729,47.59344],[-2.78908,47.59395],[-2.78661,47.59501],[-2.78803,47.59964],[-2.79391,47.60145],[-2.79237,47.60422],[-2.7948,47.60558],[-2.79552,47.59894],[-2.79977,47.59679],[-2.80624,47.59608],[-2.81273,47.59901],[-2.80907,47.59243],[-2.81252,47.59125],[-2.80831,47.58632],[-2.8133,47.584],[-2.81652,47.58528]]],[[[-2.79525,47.57126],[-2.78728,47.56915],[-2.78921,47.5708],[-2.78604,47.57547],[-2.79065,47.57654],[-2.79092,47.58007],[-2.79393,47.57943],[-2.79199,47.57771],[-2.79525,47.57126]]],[[[-2.79521,47.56526],[-2.78924,47.56234],[-2.79414,47.56664],[-2.79521,47.56526]]],[[[-2.89152,47.57678],[-2.88975,47.57453],[-2.88499,47.57912],[-2.88889,47.58294],[-2.89152,47.57678]]],[[[-2.91149,47.57548],[-2.90804,47.56697],[-2.90973,47.5776],[-2.91149,47.57548]]],[[[-2.90086,47.57215],[-2.89584,47.57256],[-2.89618,47.57664],[-2.90086,47.57215]]],[[[-3.31751,47.70521],[-3.31257,47.70253],[-3.31285,47.70513],[-3.31751,47.70521]]],[[[-2.73857,47.58409],[-2.73812,47.58088],[-2.72783,47.57273],[-2.72596,47.57354],[-2.72383,47.57686],[-2.72657,47.5797],[-2.73857,47.58409]]],[[[-2.75004,47.57646],[-2.7476,47.57501],[-2.7467,47.57839],[-2.75004,47.57646]]],[[[-2.84774,47.55441],[-2.84404,47.55533],[-2.8438,47.56082],[-2.84774,47.55441]]],[[[-2.83269,47.55905],[-2.82899,47.55728],[-2.83094,47.56052],[-2.83269,47.55905]]],[[[-2.80753,47.56415],[-2.80607,47.56173],[-2.80329,47.56335],[-2.80611,47.56624],[-2.80753,47.56415]]],[[[-3.25316,47.38816],[-3.25018,47.38735],[-3.25242,47.38985],[-3.25316,47.38816]]],[[[-2.77107,47.61047],[-2.76985,47.60556],[-2.75957,47.60636],[-2.75342,47.60252],[-2.75649,47.60773],[-2.76013,47.60666],[-2.76511,47.61011],[-2.77107,47.61047]]],[[[-2.78654,47.6161],[-2.77845,47.61375],[-2.77538,47.61488],[-2.78654,47.6161]]],[[[-2.72611,47.59981],[-2.72354,47.59863],[-2.72229,47.60028],[-2.72611,47.59981]]]]},"properties":{"code":"53","nom":"Bretagne"}},
{"type":"Feature","geometry":{"type":"MultiPolygon","coordinates":[[[[-1.17923,46.01215],[-1.17867,46.00926],[-1.17482,46.00796],[-1.17051,46.01322],[-1.17351,46.01789],[-1.16804,46.01982],[-1.16029,46.01822],[-1.15457,46.01947],[-1.16227,46.02425],[-1.17405,46.02432],[-1.17923,46.01215]]],[[[-1.10533,46.31479],[-1.10557,46.3133],[-1.11891,46.3157],[-1.12714,46.30779],[-1.12633,46.30225],[-1.12302,46.30153],[-1.11991,46.29559],[-1.12367,46.29412],[-1.11779,46.28674],[-1.12034,46.28598],[-1.11242,46.26657],[-1.10732,46.267],[-1.11209,46.26587],[-1.1112,46.26238],[-1.10709,46.26213],[-1.11862,46.26156],[-1.12918,46.25372],[-1.13908,46.25393],[-1.14316,46.24373],[-1.14992,46.23749],[-1.15842,46.23563],[-1.17308,46.2226],[-1.18299,46.22131],[-1.18865,46.21658],[-1.19915,46.2128],[-1.20548,46.2023],[-1.20185,46.20187],[-1.19475,46.20571],[-1.20174,46.20135],[-1.19914,46.19436],[-1.20476,46.18592],[-1.21575,46.18248],[-1.21992,46.17376],[-1.23078,46.16578],[-1.23585,46.16585],[-1.23784,46.16528],[-1.24152,46.15969],[-1.23918,46.15947],[-1.23824,46.16461],[-1.23584,46.16572],[-1.2301,46.1644],[-1.23154,46.15762],[-1.22394,46.16104],[-1.22089,46.15847],[-1.21062,46.15944],[-1.21047,46.15764],[-1.22549,46.1577],[-1.22342,46.15509],[-1.23075,46.15109],[-1.22411,46.15098],[-1.22107,46.14754],[-1.21084,46.14823],[-1.20678,46.14605],[-1.18743,46.15143],[-1.18665,46.15368],[-1.1579,46.15452],[-1.1508,46.15785],[-1.14986,46.15596],[-1.15366,46.15486],[-1.1512,46.1541],[-1.15126,46.15048],[-1.15231,46.15442],[-1.15984,46.15222],[-1.16095,46.14879],[-1.16726,46.14746],[-1.16119,46.14807],[-1.16599,46.1413],[-1.16519,46.14436],[-1.17036,46.14192],[-1.17215,46.14597],[-1.17354,46.13851],[-1.15391,46.13727],[-1.14588,46.1274],[-1.12686,46.12543],[-1.1246,46.11176],[-1.13137,46.10897],[-1.14037,46.11029],[-1.14291,46.10657],[-1.13978,46.10431],[-1.13599,46.10599],[-1.1314,46.10229],[-1.11561,46.10294],[-1.10083,46.094],[-1.09478,46.0783],[-1.09409,46.06274],[-1.08944,46.05839],[-1.08922,46.05391],[-1.07594,46.05299],[-1.0626,46.0485],[-1.06061,46.04555],[-1.05624,46.03261],[-1.06121,46.02637],[-1.05317,46.01258],[-1.0526,46.00499],[-1.06075,45.99407],[-1.08079,45.99673],[-1.09443,45.992],[-1.0986,45.99631],[-1.10382,45.99593],[-1.10994,46.00098],[-1.12133,46.00238],[-1.10918,45.99881],[-1.09939,45.99088],[-1.09634,45.98394],[-1.08395,45.97947],[-1.08231,45.96618],[-1.07611,45.95828],[-1.07816,45.94962],[-1.09682,45.949],[-1.1007,45.94507],[-1.07742,45.9373],[-1.07299,45.91777],[-1.07522,45.9088],[-1.0819,45.89797],[-1.09935,45.88131],[-1.09865,45.87889],[-1.10079,45.87935],[-1.10618,45.86941],[-1.10438,45.86585],[-1.11162,45.86817],[-1.11205,45.86473],[-1.12139,45.85635],[-1.15355,45.86229],[-1.15526,45.85975],[-1.14852,45.85684],[-1.15113,45.85178],[-1.16959,45.85491],[-1.16156,45.8498],[-1.16698,45.84971],[-1.16782,45.84548],[-1.16303,45.84239],[-1.15953,45.84393],[-1.15686,45.84231],[-1.1508,45.83526],[-1.15258,45.83214],[-1.13757,45.82044],[-1.13474,45.80136],[-1.14456,45.79698],[-1.15693,45.80232],[-1.19001,45.78946],[-1.20391,45.79256],[-1.19861,45.79393],[-1.21194,45.79416],[-1.21753,45.79019],[-1.23611,45.78591],[-1.24207,45.78189],[-1.24453,45.77234],[-1.23845,45.70979],[-1.2307,45.67879],[-1.22608,45.6727],[-1.20841,45.67099],[-1.18554,45.67545],[-1.19069,45.6776],[-1.19684,45.67481],[-1.21246,45.67286],[-1.21776,45.67522],[-1.21579,45.67728],[-1.22407,45.68092],[-1.2303,45.69346],[-1.21453,45.69715],[-1.20171,45.69547],[-1.20138,45.69271],[-1.17395,45.67869],[-1.15268,45.67096],[-1.1156,45.64687],[-1.10181,45.64518],[-1.09467,45.63977],[-1.08808,45.64167],[-1.08769,45.63877],[-1.08191,45.63653],[-1.07626,45.63852],[-1.07682,45.63464],[-1.06975,45.63462],[-1.07083,45.63304],[-1.05783,45.62542],[-1.05237,45.62701],[-1.05267,45.62263],[-1.0406,45.61747],[-1.03462,45.61955],[-1.03078,45.61844],[-1.02517,45.6233],[-1.02266,45.62249],[-1.01032,45.61196],[-1.00918,45.60674],[-1.01386,45.60359],[-1.01309,45.60053],[-1.00747,45.59815],[-1.00758,45.59972],[-0.9999,45.60096],[-0.99525,45.59831],[-0.98861,45.58313],[-0.99288,45.57767],[-1.06141,45.57251],[-1.07791,45.56745],[-1.0814,45.56858],[-1.09048,45.56639],[-1.10087,45.54062],[-1.1285,45.51679],[-1.15235,45.48391],[-1.15483,45.4675],[-1.15055,45.44026],[-1.1603,45.40974],[-1.15845,45.35778],[-1.16193,45.29494],[-1.20908,44.95075],[-1.22583,44.84469],[-1.25199,44.7097],[-1.26096,44.63912],[-1.2566,44.62461],[-1.24551,44.62155],[-1.24294,44.62841],[-1.24632,44.63262],[-1.24198,44.63913],[-1.24084,44.64223],[-1.24249,44.64651],[-1.24337,44.64553],[-1.24185,44.64166],[-1.24258,44.63867],[-1.24606,44.63387],[-1.24763,44.63592],[-1.23885,44.6583],[-1.23963,44.67438],[-1.22916,44.7005],[-1.22186,44.70629],[-1.22293,44.70979],[-1.20454,44.71772],[-1.20449,44.72126],[-1.19107,44.73072],[-1.19011,44.73724],[-1.18562,44.73825],[-1.18091,44.74387],[-1.17305,44.74561],[-1.17368,44.7546],[-1.17973,44.75866],[-1.16884,44.77107],[-1.16888,44.77412],[-1.16334,44.77631],[-1.15024,44.7667],[-1.14828,44.76243],[-1.14227,44.76115],[-1.12993,44.75191],[-1.12281,44.75151],[-1.11782,44.7442],[-1.10675,44.74336],[-1.09628,44.73722],[-1.08647,44.72635],[-1.07837,44.72262],[-1.07522,44.72338],[-1.07686,44.72225],[-1.06824,44.71449],[-1.05324,44.70662],[-1.05354,44.70364],[-1.04535,44.7002],[-1.04397,44.6964],[-1.03626,44.69339],[-1.0461,44.69218],[-1.05051,44.69526],[-1.05798,44.69403],[-1.06367,44.69738],[-1.06923,44.69619],[-1.05888,44.68768],[-1.04952,44.68208],[-1.02847,44.6879],[-1.039,44.68498],[-1.03819,44.67896],[-1.02274,44.67698],[-1.02606,44.67598],[-1.01888,44.6697],[-1.01867,44.66394],[-1.01178,44.65657],[-1.01314,44.65388],[-0.99852,44.64338],[-1.00848,44.65052],[-1.02102,44.64751],[-1.02589,44.65069],[-1.02745,44.64676],[-1.03556,44.64881],[-1.03921,44.65387],[-1.04416,44.64791],[-1.05066,44.64891],[-1.05064,44.64461],[-1.05782,44.6468],[-1.06908,44.6446],[-1.0733,44.64611],[-1.07154,44.64184],[-1.07442,44.6411],[-1.07635,44.6443],[-1.08044,44.64099],[-1.09593,44.64224],[-1.09511,44.64469],[-1.10233,44.64636],[-1.10367,44.64397],[-1.11545,44.64547],[-1.11878,44.63951],[-1.11814,44.64743],[-1.12979,44.64637],[-1.13994,44.64831],[-1.14593,44.64566],[-1.14328,44.63821],[-1.1479,44.64894],[-1.13912,44.65369],[-1.14382,44.65695],[-1.14233,44.65959],[-1.14931,44.66221],[-1.14389,44.65981],[-1.14516,44.65763],[-1.16375,44.66432],[-1.18067,44.66376],[-1.19146,44.66097],[-1.1957,44.65699],[-1.19769,44.649],[-1.204,44.64097],[-1.20464,44.61494],[-1.21078,44.59997],[-1.22434,44.57843],[-1.24261,44.5584],[-1.25733,44.52956],[-1.24988,44.49349],[-1.25921,44.42908],[-1.30845,44.16178],[-1.32737,44.09031],[-1.31007,44.08607],[-1.31332,44.08474],[-1.32594,44.08913],[-1.32942,44.08158],[-1.39174,43.86132],[-1.39078,43.85509],[-1.39551,43.85002],[-1.41555,43.78706],[-1.41027,43.78316],[-1.41543,43.78527],[-1.4364,43.7137],[-1.44302,43.66557],[-1.44748,43.65542],[-1.44533,43.64699],[-1.44916,43.63788],[-1.52189,43.53111],[-1.52143,43.52803],[-1.52371,43.52868],[-1.54732,43.49381],[-1.55535,43.4942],[-1.55267,43.49122],[-1.55856,43.48526],[-1.5689,43.48363],[-1.56637,43.48011],[-1.56834,43.47438],[-1.60197,43.43084],[-1.61817,43.42441],[-1.61986,43.42035],[-1.62276,43.42124],[-1.62852,43.41749],[-1.62918,43.41324],[-1.63686,43.41216],[-1.63907,43.40817],[-1.64581,43.40483],[-1.66129,43.403],[-1.66482,43.39954],[-1.66011,43.39416],[-1.66715,43.38813],[-1.6823,43.38952],[-1.68531,43.39573],[-1.7248,43.38495],[-1.73316,43.38013],[-1.74326,43.3796],[-1.74932,43.38123],[-1.752,43.38478],[-1.75658,43.37873],[-1.77716,43.37288],[-1.78883,43.37413],[-1.78875,43.37838],[-1.79235,43.37061],[-1.78951,43.36542],[-1.78291,43.36203],[-1.78923,43.35462],[-1.78382,43.34865],[-1.77805,43.3481],[-1.77193,43.34229],[-1.76202,43.34409],[-1.75578,43.34291],[-1.7518,43.33751],[-1.75209,43.33276],[-1.74883,43.33093],[-1.73747,43.3303],[-1.73723,43.32345],[-1.7416,43.31639],[-1.73788,43.31391],[-1.74042,43.31175],[-1.73555,43.3099],[-1.73003,43.29582],[-1.7237,43.29986],[-1.7138,43.29992],[-1.70581,43.30784],[-1.69543,43.31226],[-1.6856,43.3094],[-1.66842,43.31484],[-1.65473,43.3125],[-1.64413,43.30663],[-1.63541,43.30902],[-1.62487,43.3065],[-1.62226,43.29956],[-1.62857,43.29239],[-1.63068,43.28502],[-1.62174,43.26363],[-1.60878,43.2519],[-1.59756,43.25476],[-1.58564,43.25231],[-1.58123,43.25364],[-1.57515,43.24992],[-1.55708,43.27949],[-1.56502,43.28801],[-1.55202,43.29192],[-1.53978,43.29155],[-1.53532,43.29467],[-1.50596,43.29352],[-1.4916,43.28106],[-1.48249,43.28316],[-1.47911,43.27823],[-1.46847,43.27324],[-1.43846,43.26658],[-1.42712,43.26708],[-1.41321,43.27348],[-1.40694,43.27184],[-1.40283,43.26636],[-1.38844,43.25847],[-1.38254,43.2531],[-1.37772,43.22978],[-1.38441,43.22143],[-1.38062,43.21467],[-1.38522,43.20867],[-1.38309,43.19967],[-1.38664,43.19424],[-1.38158,43.18963],[-1.38286,43.18747],[-1.39087,43.18631],[-1.40226,43.1775],[-1.40443,43.16223],[-1.40217,43.15571],[-1.40755,43.15548],[-1.4164,43.14921],[-1.41022,43.14243],[-1.41497,43.13543],[-1.41477,43.12753],[-1.42437,43.12498],[-1.42723,43.11676],[-1.44336,43.11162],[-1.44076,43.10763],[-1.46337,43.09801],[-1.46996,43.09329],[-1.47321,43.08673],[-1.47161,43.08079],[-1.44125,43.04627],[-1.35389,43.0283],[-1.34296,43.05437],[-1.34524,43.05642],[-1.34425,43.07317],[-1.34023,43.08111],[-1.34611,43.09047],[-1.34484,43.09444],[-1.33394,43.10283],[-1.33237,43.10784],[-1.32112,43.11273],[-1.26998,43.11827],[-1.28899,43.10409],[-1.29978,43.0921],[-1.30918,43.06888],[-1.29798,43.06707],[-1.29475,43.06372],[-1.28849,43.06384],[-1.27092,43.05506],[-1.26271,43.04382],[-1.2476,43.04264],[-1.22975,43.05551],[-1.21258,43.05145],[-1.18097,43.03262],[-1.17426,43.03464],[-1.17396,43.03763],[-1.16469,43.0352],[-1.14443,43.02399],[-1.14191,43.00759],[-1.13982,43.00954],[-1.13406,43.00829],[-1.12872,43.01393],[-1.1224,43.01522],[-1.11496,43.02396],[-1.10577,43.01658],[-1.0934,43.01184],[-1.08352,43.01133],[-1.08637,43.00284],[-1.07234,42.99798],[-1.03346,42.99471],[-1.02664,42.99193],[-1.01671,42.99497],[-1.00617,42.9888],[-0.99706,42.97544],[-0.98139,42.97071],[-0.97494,42.96339],[-0.95803,42.96027],[-0.94519,42.95344],[-0.92569,42.95392],[-0.92124,42.95532],[-0.91409,42.96392],[-0.90835,42.9645],[-0.89877,42.96125],[-0.89572,42.9555],[-0.87552,42.95482],[-0.86386,42.95079],[-0.84577,42.95154],[-0.83727,42.95434],[-0.82259,42.95115],[-0.81051,42.9513],[-0.79322,42.96304],[-0.77209,42.96565],[-0.76738,42.9692],[-0.75178,42.96748],[-0.74342,42.9507],[-0.73718,42.94749],[-0.73129,42.94779],[-0.73042,42.9453],[-0.73408,42.93983],[-0.73074,42.93868],[-0.73226,42.92813],[-0.72407,42.92241],[-0.72686,42.91747],[-0.73605,42.91358],[-0.73174,42.89603],[-0.72905,42.89635],[-0.71805,42.88647],[-0.70474,42.88446],[-0.69876,42.87902],[-0.6787,42.88455],[-0.67559,42.88004],[-0.66706,42.87646],[-0.66113,42.86343],[-0.65577,42.85847],[-0.63615,42.85331],[-0.61971,42.83799],[-0.60321,42.83243],[-0.60175,42.82891],[-0.60399,42.82605],[-0.59835,42.8141],[-0.60089,42.80632],[-0.59099,42.80255],[-0.58742,42.80471],[-0.58048,42.80461],[-0.57673,42.80821],[-0.56918,42.80694],[-0.56461,42.7999],[-0.5707,42.7906],[-0.57049,42.78299],[-0.5518,42.77786],[-0.54359,42.79322],[-0.52966,42.79166],[-0.52353,42.79737],[-0.52505,42.8121],[-0.50483,42.82748],[-0.50123,42.82781],[-0.49847,42.82084],[-0.49224,42.81676],[-0.48342,42.81583],[-0.47819,42.80947],[-0.46104,42.80409],[-0.45145,42.8035],[-0.4416,42.79531],[-0.41093,42.80876],[-0.40203,42.8033],[-0.38552,42.80075],[-0.38171,42.80829],[-0.36447,42.81657],[-0.36389,42.82056],[-0.3469,42.83778],[-0.34323,42.83636],[-0.33515,42.8381],[-0.33126,42.83424],[-0.32442,42.83464],[-0.31325,42.8494],[-0.30707,42.86997],[-0.31587,42.88223],[-0.31625,42.89659],[-0.32529,42.90439],[-0.32688,42.91687],[-0.31254,42.91815],[-0.30801,42.92646],[-0.29778,42.93097],[-0.28656,42.92939],[-0.28159,42.93356],[-0.27928,42.94235],[-0.28358,42.95617],[-0.29094,42.96083],[-0.2872,42.96701],[-0.29134,42.97607],[-0.29321,42.99252],[-0.28758,43.00551],[-0.26683,43.00842],[-0.25945,43.01375],[-0.25542,43.02631],[-0.261,43.03308],[-0.26066,43.03862],[-0.23855,43.03984],[-0.22392,43.03371],[-0.21424,43.03621],[-0.21027,43.04153],[-0.20005,43.04281],[-0.18995,43.05224],[-0.18196,43.05253],[-0.18566,43.05679],[-0.19194,43.05675],[-0.19891,43.06444],[-0.19686,43.07265],[-0.1862,43.08419],[-0.18665,43.09209],[-0.19541,43.09513],[-0.19774,43.09847],[-0.19827,43.10172],[-0.1919,43.10479],[-0.19094,43.11109],[-0.19404,43.11511],[-0.1849,43.11426],[-0.17534,43.11017],[-0.16619,43.1221],[-0.15694,43.12252],[-0.14774,43.12912],[-0.14609,43.12808],[-0.14107,43.13613],[-0.14222,43.1438],[-0.13885,43.14349],[-0.13853,43.14921],[-0.12612,43.158],[-0.12695,43.16513],[-0.11772,43.18027],[-0.11137,43.17936],[-0.10599,43.16656],[-0.09807,43.16673],[-0.0949,43.17729],[-0.06827,43.17727],[-0.07142,43.19238],[-0.06876,43.19695],[-0.07273,43.20755],[-0.07158,43.21945],[-0.07411,43.22247],[-0.07206,43.22473],[-0.04977,43.21733],[-0.04548,43.2262],[-0.04575,43.23296],[-0.02448,43.25411],[-0.02572,43.26136],[-0.01686,43.27166],[-0.01765,43.27465],[-0.02768,43.27605],[-0.02455,43.28013],[-0.03599,43.28187],[-0.04447,43.28574],[-0.04496,43.30378],[-0.03935,43.30501],[-0.03338,43.3104],[-0.02556,43.32979],[-0.00195,43.33201],[0.01003,43.32525],[0.02979,43.34611],[0.02143,43.34972],[0.01209,43.36],[0.00551,43.36333],[0.00871,43.36704],[0.00576,43.37105],[0.00152,43.36913],[-0.0059,43.37319],[0.00102,43.3837],[-0.00204,43.38714],[0.00518,43.39419],[0.00194,43.39564],[-0.00429,43.39337],[-0.00039,43.39624],[-0.00409,43.39818],[0.00965,43.4222],[-0.0047,43.43154],[-0.00088,43.44511],[-0.01645,43.44392],[-0.02484,43.43001],[-0.03236,43.43365],[-0.03836,43.41577],[-0.04116,43.41566],[-0.04419,43.4095],[-0.05287,43.41194],[-0.06714,43.4104],[-0.06225,43.4177],[-0.05051,43.41925],[-0.05696,43.42386],[-0.05815,43.42794],[-0.07076,43.43538],[-0.0656,43.44123],[-0.06682,43.4437],[-0.06146,43.45318],[-0.06608,43.46025],[-0.065,43.46359],[-0.06131,43.46214],[-0.05839,43.46467],[-0.04096,43.46427],[-0.0304,43.46675],[-0.01916,43.46515],[-0.01738,43.47214],[-0.03473,43.47476],[-0.03406,43.48836],[-0.04974,43.4919],[-0.04,43.51257],[-0.04418,43.51626],[-0.04392,43.52356],[-0.04832,43.52612],[-0.04873,43.52976],[-0.05617,43.53303],[-0.06068,43.54212],[-0.06762,43.54143],[-0.0638,43.54314],[-0.06559,43.54811],[-0.08061,43.54687],[-0.0871,43.54233],[-0.09371,43.54303],[-0.09467,43.54755],[-0.0888,43.55721],[-0.0933,43.56366],[-0.09161,43.5705],[-0.09603,43.57488],[-0.09705,43.5822],[-0.10837,43.58171],[-0.12154,43.58687],[-0.12156,43.58399],[-0.12823,43.58312],[-0.1288,43.58121],[-0.13994,43.57975],[-0.13923,43.58259],[-0.15106,43.58568],[-0.16091,43.58055],[-0.17656,43.59684],[-0.19056,43.58783],[-0.20426,43.58379],[-0.21081,43.59317],[-0.22927,43.59021],[-0.23297,43.58849],[-0.23361,43.58407],[-0.24208,43.58334],[-0.24296,43.58853],[-0.24746,43.59025],[-0.24809,43.59681],[-0.25446,43.59708],[-0.24799,43.60556],[-0.2472,43.61584],[-0.27765,43.61596],[-0.27982,43.61833],[-0.28212,43.64294],[-0.26365,43.63596],[-0.26292,43.65307],[-0.2424,43.65513],[-0.24517,43.65837],[-0.24446,43.6652],[-0.23974,43.67123],[-0.2581,43.67373],[-0.25682,43.68319],[-0.25114,43.68411],[-0.24697,43.68916],[-0.24483,43.68747],[-0.23865,43.69307],[-0.24076,43.6975],[-0.24532,43.69916],[-0.24332,43.70192],[-0.24541,43.70491],[-0.25049,43.70796],[-0.24303,43.71251],[-0.22992,43.71452],[-0.21583,43.72159],[-0.20349,43.72895],[-0.20099,43.73396],[-0.19397,43.73695],[-0.19728,43.74754],[-0.21806,43.74969],[-0.21813,43.75378],[-0.20722,43.75623],[-0.20643,43.75925],[-0.21032,43.76149],[-0.2117,43.76809],[-0.21689,43.76997],[-0.21264,43.77892],[-0.22279,43.78902],[-0.21749,43.7984],[-0.22347,43.80064],[-0.22715,43.80861],[-0.21733,43.80997],[-0.21585,43.81258],[-0.2125,43.80922],[-0.20232,43.80878],[-0.20075,43.8067],[-0.19174,43.81036],[-0.19195,43.81778],[-0.19565,43.81932],[-0.19831,43.82867],[-0.19745,43.83086],[-0.19095,43.83037],[-0.1881,43.83246],[-0.19485,43.84437],[-0.20874,43.8576],[-0.19569,43.86534],[-0.19846,43.86749],[-0.19698,43.87108],[-0.19201,43.87043],[-0.18679,43.86197],[-0.18568,43.86692],[-0.19209,43.87667],[-0.19042,43.88057],[-0.20304,43.88607],[-0.20297,43.88467],[-0.21091,43.88478],[-0.22082,43.89336],[-0.22527,43.8901],[-0.23401,43.89099],[-0.23857,43.89391],[-0.23466,43.89553],[-0.2403,43.89795],[-0.23337,43.89916],[-0.22901,43.91149],[-0.22392,43.91441],[-0.21784,43.90707],[-0.21088,43.9115],[-0.20412,43.91263],[-0.19172,43.92405],[-0.19252,43.92643],[-0.18073,43.93056],[-0.17909,43.937],[-0.16417,43.9274],[-0.15934,43.9284],[-0.16068,43.93129],[-0.15372,43.93241],[-0.15298,43.93984],[-0.1353,43.93613],[-0.12487,43.94436],[-0.10758,43.93264],[-0.10742,43.92856],[-0.10276,43.92712],[-0.096,43.92908],[-0.09386,43.93324],[-0.09926,43.93498],[-0.09869,43.94242],[-0.09355,43.94836],[-0.08888,43.94916],[-0.0806,43.94267],[-0.07022,43.94497],[-0.06821,43.95236],[-0.05944,43.961],[-0.0467,43.96089],[-0.04411,43.96279],[-0.03616,43.98374],[0.00295,43.95904],[0.00666,43.95384],[0.00551,43.9435],[-0.00757,43.93946],[-0.0106,43.93498],[-0.02394,43.92983],[-0.0186,43.92823],[-0.01532,43.92407],[-0.00605,43.92356],[0.00411,43.91652],[0.01765,43.91168],[0.03093,43.90049],[0.03449,43.89996],[0.04167,43.90398],[0.05857,43.89677],[0.06062,43.90116],[0.06956,43.90424],[0.07237,43.91445],[0.07643,43.91527],[0.07223,43.92099],[0.06883,43.93906],[0.06353,43.94065],[0.06302,43.94591],[0.05678,43.95068],[0.05603,43.9614],[0.06119,43.96261],[0.06119,43.96518],[0.06849,43.96561],[0.06651,43.97325],[0.07515,43.97858],[0.074,43.98227],[0.08018,43.98116],[0.08831,43.9856],[0.10537,43.98441],[0.11717,43.98792],[0.11985,43.99567],[0.12672,43.99647],[0.12729,44.00229],[0.14188,43.9945],[0.13856,43.97467],[0.15675,43.97257],[0.1633,43.97583],[0.16607,43.98099],[0.16464,43.99533],[0.17407,43.99888],[0.17521,44.00141],[0.18051,44.00041],[0.1836,44.00846],[0.19007,44.01501],[0.19501,44.01363],[0.19773,44.01589],[0.20344,44.01256],[0.20589,44.02111],[0.21165,44.01962],[0.21418,44.02305],[0.22515,44.019],[0.23337,44.02257],[0.23523,44.01761],[0.22977,44.01123],[0.23293,44.00908],[0.25347,44.00289],[0.25579,44.00803],[0.25784,44.00752],[0.26323,44.00431],[0.26939,44.0042],[0.27347,43.99803],[0.28008,43.99865],[0.30286,43.99097],[0.30747,43.99493],[0.31801,43.99484],[0.31987,43.9985],[0.3139,44.0085],[0.3162,44.01],[0.32714,44.00715],[0.34445,44.01283],[0.35409,44.013],[0.35323,44.01569],[0.35824,44.01696],[0.365,44.01492],[0.37142,44.00809],[0.38137,44.00641],[0.39115,44.01677],[0.3911,44.0198],[0.39712,44.01994],[0.39704,44.02239],[0.41115,44.02071],[0.41676,44.02924],[0.4247,44.02618],[0.43315,44.02933],[0.44255,44.02871],[0.44487,44.03906],[0.45964,44.05553],[0.48406,44.05271],[0.48556,44.0592],[0.48862,44.0563],[0.5023,44.05729],[0.50462,44.05071],[0.51157,44.06341],[0.52022,44.0576],[0.53249,44.05744],[0.53853,44.05293],[0.54441,44.05652],[0.55538,44.05469],[0.55851,44.05818],[0.56634,44.05998],[0.56865,44.06566],[0.57079,44.06502],[0.57833,44.07311],[0.57571,44.0759],[0.59088,44.07692],[0.59189,44.08001],[0.60131,44.07807],[0.59913,44.0748],[0.60519,44.07286],[0.60716,44.06926],[0.6151,44.06828],[0.62516,44.06257],[0.63045,44.05618],[0.63169,44.04955],[0.63879,44.04969],[0.63761,44.04846],[0.644,44.04375],[0.64982,44.04455],[0.65398,44.0426],[0.65324,44.03723],[0.65547,44.03692],[0.65212,44.03309],[0.66339,44.02409],[0.67738,44.02742],[0.67916,44.03593],[0.68585,44.04624],[0.69647,44.04482],[0.70062,44.05356],[0.7077,44.0584],[0.71678,44.05735],[0.72828,44.06172],[0.73956,44.0615],[0.74211,44.06467],[0.7378,44.07067],[0.7383,44.07562],[0.74867,44.08704],[0.74789,44.09691],[0.75342,44.09929],[0.75599,44.10692],[0.76384,44.10852],[0.76635,44.11183],[0.76818,44.11048],[0.77499,44.11686],[0.77846,44.11315],[0.78667,44.11226],[0.78875,44.11402],[0.79865,44.11059],[0.79289,44.11862],[0.79743,44.13048],[0.78828,44.14437],[0.81932,44.14384],[0.84014,44.13451],[0.8569,44.1305],[0.85708,44.12754],[0.86716,44.12632],[0.87025,44.12855],[0.87753,44.12886],[0.88252,44.13251],[0.87802,44.13658],[0.88307,44.14233],[0.88661,44.13891],[0.89422,44.13797],[0.89421,44.14383],[0.88831,44.14732],[0.89007,44.1537],[0.88474,44.16059],[0.88979,44.16684],[0.88908,44.17199],[0.88303,44.17548],[0.87123,44.16775],[0.86523,44.17089],[0.86521,44.17359],[0.85291,44.17497],[0.85426,44.1861],[0.86185,44.19356],[0.90624,44.19035],[0.90589,44.19851],[0.9145,44.20674],[0.92924,44.23036],[0.9304,44.23495],[0.92655,44.23419],[0.9188,44.23819],[0.92491,44.24711],[0.93262,44.24859],[0.93343,44.25704],[0.92738,44.26221],[0.92783,44.26729],[0.94022,44.26345],[0.94687,44.268],[0.9509,44.2751],[0.95002,44.27667],[0.94234,44.27481],[0.94444,44.27707],[0.94054,44.2821],[0.93666,44.28174],[0.93313,44.28589],[0.92632,44.28639],[0.91635,44.30234],[0.9052,44.29938],[0.90051,44.30021],[0.89498,44.29694],[0.88955,44.29998],[0.88471,44.30765],[0.87245,44.30868],[0.87191,44.31064],[0.86927,44.30917],[0.87455,44.31718],[0.87306,44.32379],[0.88312,44.32871],[0.88214,44.33182],[0.88952,44.33246],[0.88699,44.33584],[0.89422,44.3421],[0.89562,44.34626],[0.8908,44.3534],[0.89377,44.3535],[0.89364,44.35778],[0.88667,44.36536],[0.89512,44.37372],[0.89642,44.38186],[0.90456,44.38078],[0.91978,44.38439],[0.92566,44.37589],[0.93365,44.373],[0.93727,44.36856],[0.94109,44.34447],[0.94578,44.34834],[0.94191,44.35324],[0.94625,44.35452],[0.94689,44.35748],[0.94871,44.35658],[0.95149,44.36171],[0.95883,44.35909],[0.97205,44.36217],[0.97588,44.36095],[0.97746,44.35675],[0.99018,44.36298],[0.99666,44.36915],[1.00543,44.36527],[1.01917,44.3633],[1.04715,44.36228],[1.06099,44.36624],[1.05963,44.37653],[1.0644,44.37799],[1.06019,44.39114],[1.0569,44.38989],[1.05084,44.39202],[1.06154,44.40204],[1.05962,44.40521],[1.06177,44.41496],[1.05736,44.42787],[1.05503,44.42742],[1.05375,44.43199],[1.0489,44.42925],[1.0453,44.43429],[1.03326,44.43218],[1.02806,44.43419],[1.03252,44.44126],[1.02082,44.44518],[1.02399,44.45147],[1.02116,44.4563],[1.0248,44.45981],[1.02296,44.46252],[1.02591,44.46701],[1.0218,44.47057],[1.02399,44.47316],[1.02168,44.47313],[1.02302,44.47546],[1.00901,44.48004],[1.0142,44.4874],[1.01252,44.48964],[1.01707,44.4891],[1.01776,44.49201],[1.01162,44.49564],[1.01692,44.49972],[1.01602,44.50653],[1.00695,44.51297],[1.00571,44.51941],[0.99974,44.52702],[0.99259,44.52799],[0.98796,44.53277],[0.98828,44.54034],[0.98151,44.54444],[0.99487,44.54996],[1.00908,44.54695],[1.01312,44.53621],[1.02193,44.54538],[1.03136,44.54934],[1.02974,44.55198],[1.04054,44.55666],[1.04525,44.56237],[1.06971,44.56611],[1.07439,44.57727],[1.07681,44.5733],[1.07841,44.5748],[1.08787,44.57076],[1.10321,44.57173],[1.09894,44.57993],[1.10346,44.58097],[1.10253,44.58644],[1.09794,44.59064],[1.09364,44.59061],[1.09459,44.59234],[1.11087,44.60711],[1.11977,44.61021],[1.15253,44.63602],[1.15185,44.64521],[1.1465,44.65309],[1.14998,44.65526],[1.14707,44.67081],[1.16135,44.67323],[1.16921,44.68039],[1.18135,44.68327],[1.1897,44.6821],[1.19736,44.68382],[1.198,44.68063],[1.20686,44.68376],[1.21726,44.68262],[1.22455,44.68427],[1.22989,44.69169],[1.2416,44.69331],[1.24449,44.69778],[1.2433,44.70391],[1.24783,44.70775],[1.26399,44.71094],[1.27014,44.72244],[1.27476,44.72197],[1.27455,44.71918],[1.28007,44.71579],[1.28708,44.71466],[1.28938,44.72089],[1.29839,44.72615],[1.30018,44.73386],[1.29532,44.73603],[1.30017,44.74445],[1.31583,44.74047],[1.3228,44.76501],[1.31363,44.76506],[1.31053,44.76976],[1.29639,44.77671],[1.298,44.78065],[1.30481,44.78495],[1.30287,44.7892],[1.2934,44.78982],[1.29826,44.79619],[1.32533,44.80599],[1.33907,44.80559],[1.3641,44.81163],[1.36587,44.81617],[1.3601,44.8253],[1.35998,44.83457],[1.36544,44.84522],[1.37285,44.84693],[1.37714,44.84182],[1.3861,44.84743],[1.3873,44.85104],[1.40284,44.84931],[1.40476,44.86275],[1.41172,44.86628],[1.41156,44.87277],[1.41913,44.87073],[1.4316,44.87174],[1.43921,44.87457],[1.44206,44.87837],[1.4397,44.88896],[1.42188,44.89604],[1.41788,44.90062],[1.42141,44.90633],[1.41628,44.90927],[1.41075,44.90888],[1.41354,44.91339],[1.42129,44.91562],[1.42482,44.9199],[1.44224,44.91688],[1.44006,44.92399],[1.43747,44.92413],[1.44021,44.92778],[1.4364,44.92856],[1.43534,44.93143],[1.43713,44.93546],[1.4331,44.93722],[1.43633,44.94094],[1.4345,44.94465],[1.4291,44.94612],[1.42178,44.95594],[1.4188,44.95632],[1.41691,44.96225],[1.42164,44.9674],[1.41272,44.97236],[1.41784,44.98258],[1.41179,44.98663],[1.41561,44.99359],[1.4091,45.00686],[1.44432,45.01406],[1.44128,45.01537],[1.44824,45.01941],[1.45957,45.01371],[1.46424,45.01436],[1.47683,45.01851],[1.47678,45.02668],[1.48138,45.02726],[1.48374,45.03087],[1.48814,45.03246],[1.49231,45.03038],[1.4938,45.03342],[1.50664,45.03991],[1.52061,45.03996],[1.52814,45.04537],[1.53731,45.04665],[1.54041,45.04636],[1.54454,45.02904],[1.55197,45.02837],[1.56997,45.03955],[1.57608,45.04071],[1.59321,45.03482],[1.60581,45.0355],[1.60906,45.02895],[1.60965,45.03257],[1.62163,45.03245],[1.62327,45.03047],[1.62543,45.03354],[1.62994,45.0335],[1.63564,45.02925],[1.64619,45.02855],[1.64836,45.02381],[1.65179,45.02525],[1.65279,45.0179],[1.66499,45.01225],[1.66368,45.00875],[1.66996,45.0087],[1.67319,45.00367],[1.68436,45.00255],[1.68872,44.99449],[1.70282,44.98772],[1.71103,44.9673],[1.72537,44.96787],[1.73291,44.96488],[1.73383,44.9595],[1.74063,44.96057],[1.7507,44.95587],[1.75114,44.94727],[1.75589,44.94626],[1.74958,44.93743],[1.76716,44.93365],[1.7746,44.92356],[1.78688,44.93214],[1.7857,44.93691],[1.79084,44.93202],[1.79831,44.93044],[1.8024,44.92561],[1.80017,44.92028],[1.80459,44.92609],[1.81161,44.92908],[1.81384,44.92736],[1.82609,44.92885],[1.83126,44.94543],[1.83701,44.94546],[1.83644,44.93746],[1.84278,44.93713],[1.84478,44.94304],[1.85111,44.94623],[1.86284,44.94765],[1.86746,44.95357],[1.88703,44.95635],[1.8854,44.95898],[1.88837,44.96418],[1.89878,44.96771],[1.89843,44.9719],[1.90764,44.97784],[1.91389,44.97893],[1.92179,44.97599],[1.929,44.97836],[1.93915,44.97333],[1.94246,44.957],[1.94019,44.95303],[1.9493,44.95259],[1.95639,44.9599],[1.96637,44.96207],[1.98102,44.9725],[1.9904,44.97596],[1.99371,44.97464],[2.00596,44.9781],[2.0083,44.97636],[2.04525,44.98373],[2.05342,44.97593],[2.05854,44.97795],[2.05838,44.97488],[2.06288,44.97662],[2.07566,44.97814],[2.08577,44.98412],[2.09354,44.98582],[2.10018,44.98385],[2.1025,44.98027],[2.11351,44.98536],[2.13111,44.98426],[2.13784,44.99235],[2.13707,44.99501],[2.14194,45.00015],[2.13936,45.00361],[2.14092,45.00667],[2.1303,45.0105],[2.12298,45.01975],[2.11741,45.02079],[2.11,45.03349],[2.11079,45.04055],[2.09939,45.0478],[2.0952,45.05604],[2.10085,45.05627],[2.09725,45.05894],[2.10521,45.06727],[2.11318,45.07131],[2.11934,45.0689],[2.12015,45.07269],[2.12937,45.07739],[2.1309,45.08137],[2.13819,45.08136],[2.14081,45.08678],[2.14885,45.08302],[2.15614,45.08654],[2.16464,45.08501],[2.16615,45.08127],[2.17463,45.08201],[2.17409,45.08807],[2.18035,45.09517],[2.18043,45.09913],[2.17652,45.10232],[2.18211,45.10603],[2.17932,45.10751],[2.18054,45.1126],[2.18849,45.11324],[2.19035,45.11612],[2.18393,45.12048],[2.17908,45.1363],[2.19399,45.13466],[2.20169,45.13846],[2.20884,45.1439],[2.21214,45.15055],[2.20842,45.16032],[2.22788,45.16088],[2.23283,45.16534],[2.23197,45.1702],[2.22235,45.17022],[2.2192,45.17418],[2.21571,45.1727],[2.20756,45.17976],[2.20091,45.18069],[2.20012,45.19772],[2.19782,45.20032],[2.19138,45.20091],[2.18951,45.20398],[2.19659,45.21607],[2.18939,45.2225],[2.19501,45.22084],[2.20137,45.2224],[2.20286,45.22764],[2.22153,45.23784],[2.22621,45.24506],[2.24083,45.24801],[2.23754,45.25862],[2.24254,45.2656],[2.25896,45.27085],[2.26157,45.28356],[2.26942,45.2903],[2.28875,45.28706],[2.31687,45.3227],[2.35067,45.32769],[2.35929,45.33612],[2.35018,45.34637],[2.35807,45.35494],[2.36357,45.35356],[2.36488,45.3553],[2.36421,45.36174],[2.36758,45.36724],[2.36318,45.37856],[2.36945,45.38627],[2.36499,45.3907],[2.36386,45.3975],[2.35578,45.4004],[2.34937,45.41208],[2.35517,45.41507],[2.3681,45.41612],[2.38686,45.41212],[2.39514,45.40743],[2.39843,45.40001],[2.41442,45.39632],[2.42309,45.39703],[2.42547,45.39386],[2.43262,45.39301],[2.44443,45.38337],[2.45952,45.3855],[2.47507,45.38111],[2.47015,45.37396],[2.47491,45.3746],[2.47636,45.37046],[2.4802,45.36969],[2.48269,45.37301],[2.48059,45.37657],[2.49011,45.38025],[2.50076,45.38149],[2.50572,45.37817],[2.51758,45.38493],[2.52336,45.38148],[2.52818,45.392],[2.5211,45.39737],[2.52362,45.39945],[2.52222,45.40266],[2.51812,45.4019],[2.50527,45.41063],[2.5015,45.4098],[2.50244,45.41186],[2.49306,45.41372],[2.48753,45.41817],[2.49279,45.42439],[2.49559,45.4455],[2.50342,45.44882],[2.49907,45.45489],[2.49969,45.46091],[2.50727,45.46464],[2.50549,45.46916],[2.50972,45.47357],[2.50744,45.48239],[2.51437,45.49301],[2.50747,45.5039],[2.52046,45.5204],[2.51975,45.52255],[2.51142,45.52451],[2.5194,45.5318],[2.51499,45.5371],[2.51544,45.54255],[2.51897,45.54398],[2.51515,45.54924],[2.51711,45.55194],[2.5141,45.55438],[2.50105,45.55357],[2.49089,45.56051],[2.49127,45.56835],[2.48131,45.57116],[2.48153,45.57389],[2.47211,45.57896],[2.47569,45.58225],[2.46113,45.59638],[2.48032,45.61137],[2.47858,45.62063],[2.48407,45.63999],[2.48972,45.64236],[2.49277,45.63755],[2.49648,45.64101],[2.50297,45.63853],[2.52033,45.64093],[2.51755,45.64524],[2.52851,45.65905],[2.52452,45.65712],[2.51931,45.65897],[2.51989,45.66249],[2.51464,45.66407],[2.51261,45.6697],[2.51756,45.67838],[2.52043,45.67703],[2.52852,45.68191],[2.52333,45.68699],[2.52693,45.69487],[2.52369,45.69418],[2.51913,45.69741],[2.51898,45.7063],[2.52356,45.71125],[2.5152,45.71298],[2.50875,45.72436],[2.50547,45.72444],[2.49919,45.73284],[2.49467,45.73405],[2.48597,45.74772],[2.47703,45.74782],[2.4741,45.74575],[2.46816,45.75654],[2.45917,45.75743],[2.45492,45.76131],[2.45169,45.76137],[2.45047,45.75714],[2.44478,45.75819],[2.43509,45.76733],[2.43284,45.78606],[2.4256,45.79028],[2.42699,45.7945],[2.41219,45.8024],[2.41384,45.80739],[2.40663,45.80972],[2.40624,45.81326],[2.38807,45.82582],[2.40344,45.83866],[2.41587,45.83381],[2.4306,45.83418],[2.43594,45.84701],[2.44763,45.84581],[2.44945,45.85395],[2.44248,45.8575],[2.44316,45.86626],[2.46176,45.86688],[2.46559,45.86829],[2.46527,45.87135],[2.47034,45.87254],[2.47914,45.87061],[2.47899,45.8651],[2.49216,45.86416],[2.49167,45.86714],[2.49968,45.87241],[2.50328,45.87823],[2.50037,45.88472],[2.50215,45.88856],[2.51417,45.88558],[2.51463,45.89026],[2.52459,45.89452],[2.5266,45.89812],[2.53429,45.90127],[2.54116,45.90129],[2.54279,45.9067],[2.54887,45.9075],[2.55777,45.9128],[2.54335,45.91582],[2.54137,45.92059],[2.54507,45.92706],[2.54425,45.93241],[2.55344,45.93602],[2.55123,45.94123],[2.56083,45.94597],[2.56972,45.94738],[2.5632,45.95615],[2.58309,45.96191],[2.58809,45.9603],[2.60088,45.96423],[2.60824,45.96742],[2.61128,45.97199],[2.60792,45.9787],[2.60012,45.98236],[2.59318,45.99048],[2.59319,45.99933],[2.60056,46.01194],[2.59764,46.01566],[2.60248,46.01912],[2.59979,46.03021],[2.60256,46.03342],[2.58421,46.04339],[2.57039,46.04738],[2.56444,46.06465],[2.5572,46.06899],[2.55045,46.08576],[2.55219,46.10374],[2.5473,46.11283],[2.55842,46.12479],[2.55395,46.12709],[2.55745,46.12887],[2.55611,46.13343],[2.55835,46.13137],[2.56184,46.13245],[2.55873,46.13768],[2.56469,46.13931],[2.56309,46.14252],[2.5663,46.14315],[2.56298,46.14959],[2.56589,46.1549],[2.56061,46.15466],[2.55935,46.174],[2.55061,46.17727],[2.54071,46.17662],[2.52582,46.18768],[2.52868,46.19282],[2.52548,46.20063],[2.52177,46.20256],[2.5261,46.20732],[2.52007,46.20835],[2.52393,46.21215],[2.52047,46.21339],[2.51406,46.22514],[2.51681,46.23021],[2.51597,46.23957],[2.51019,46.23923],[2.50356,46.24692],[2.48952,46.24747],[2.47676,46.26985],[2.4807,46.28105],[2.47441,46.2821],[2.46981,46.28821],[2.46274,46.28816],[2.44303,46.295],[2.4362,46.29263],[2.43285,46.29476],[2.42746,46.28363],[2.4212,46.28462],[2.41422,46.29691],[2.41578,46.29992],[2.4211,46.30154],[2.42047,46.31013],[2.40867,46.31508],[2.39186,46.32999],[2.38587,46.33204],[2.37958,46.32761],[2.37685,46.3169],[2.36574,46.31101],[2.36204,46.3134],[2.36179,46.31942],[2.35468,46.32584],[2.3522,46.32362],[2.34817,46.32632],[2.34319,46.32629],[2.33588,46.3233],[2.33354,46.3264],[2.33064,46.32565],[2.33086,46.32876],[2.32075,46.32946],[2.31893,46.33409],[2.31237,46.33602],[2.31159,46.34183],[2.30194,46.34245],[2.30081,46.3437],[2.30788,46.34511],[2.30944,46.34866],[2.30885,46.35154],[2.30587,46.3506],[2.30278,46.35466],[2.31139,46.35555],[2.31091,46.35991],[2.31691,46.35838],[2.32314,46.36761],[2.33775,46.36439],[2.33136,46.37897],[2.31547,46.37521],[2.30407,46.37894],[2.29806,46.38411],[2.28745,46.38241],[2.28259,46.39203],[2.2839,46.39964],[2.27764,46.40984],[2.28205,46.41085],[2.27877,46.41379],[2.27851,46.41914],[2.28109,46.42047],[2.26961,46.42301],[2.2549,46.42283],[2.25472,46.42554],[2.24947,46.42635],[2.23362,46.42246],[2.22835,46.42504],[2.22367,46.42265],[2.21839,46.42503],[2.21384,46.42321],[2.19789,46.42832],[2.1848,46.42315],[2.15355,46.4226],[2.146,46.4244],[2.14043,46.4212],[2.12698,46.41932],[2.11587,46.42204],[2.1119,46.42057],[2.11001,46.41476],[2.10338,46.40958],[2.08895,46.4089],[2.08003,46.41203],[2.07402,46.41995],[2.04556,46.42113],[2.02938,46.42467],[2.01952,46.42972],[1.99464,46.43066],[1.97859,46.44161],[1.97806,46.43977],[1.96442,46.43954],[1.93671,46.4326],[1.9239,46.43185],[1.92111,46.43411],[1.92136,46.43986],[1.90934,46.44372],[1.90238,46.43773],[1.89687,46.43738],[1.8917,46.43937],[1.89173,46.44166],[1.88487,46.44102],[1.88422,46.43572],[1.88679,46.43413],[1.88356,46.43273],[1.8546,46.43394],[1.84616,46.43193],[1.8462,46.42842],[1.83965,46.42585],[1.83298,46.42933],[1.8276,46.42822],[1.81953,46.43003],[1.81692,46.43212],[1.81944,46.43537],[1.81752,46.43997],[1.80368,46.44659],[1.79806,46.45524],[1.79011,46.4531],[1.78475,46.45535],[1.77068,46.45235],[1.75464,46.45231],[1.74779,46.44984],[1.75859,46.44028],[1.75449,46.43801],[1.76007,46.42697],[1.74843,46.41284],[1.7505,46.40559],[1.73954,46.40127],[1.72724,46.39058],[1.71022,46.39254],[1.69784,46.4014],[1.70094,46.40346],[1.6986,46.4069],[1.69189,46.40895],[1.69273,46.41103],[1.68373,46.41818],[1.66277,46.40571],[1.65508,46.3954],[1.64051,46.38466],[1.63315,46.38903],[1.62667,46.38865],[1.6256,46.39475],[1.62213,46.39428],[1.62055,46.39851],[1.61448,46.39945],[1.61454,46.40629],[1.62262,46.41865],[1.61839,46.42211],[1.6093,46.42309],[1.59888,46.4196],[1.59556,46.40856],[1.58236,46.40785],[1.57889,46.41053],[1.56082,46.4012],[1.55996,46.39808],[1.55337,46.39425],[1.54624,46.3932],[1.54427,46.41906],[1.53581,46.42074],[1.53463,46.42572],[1.52204,46.4265],[1.51965,46.42317],[1.51063,46.42031],[1.50923,46.412],[1.49966,46.40573],[1.49743,46.39468],[1.49328,46.3986],[1.47809,46.39417],[1.47294,46.38362],[1.46923,46.38397],[1.46622,46.38097],[1.46845,46.3796],[1.46646,46.37563],[1.44652,46.37498],[1.44169,46.36951],[1.44316,46.36514],[1.43493,46.36465],[1.44022,46.35639],[1.42135,46.3514],[1.41562,46.3469],[1.41067,46.35056],[1.40931,46.3613],[1.40096,46.36743],[1.39508,46.36762],[1.3967,46.37193],[1.39132,46.37088],[1.38364,46.37473],[1.37793,46.38253],[1.35624,46.40016],[1.34843,46.39887],[1.34469,46.40158],[1.33773,46.39786],[1.3132,46.39493],[1.31272,46.39282],[1.31887,46.39259],[1.32236,46.38965],[1.32285,46.38506],[1.32067,46.38163],[1.31097,46.38371],[1.30681,46.37965],[1.31534,46.37397],[1.30371,46.37114],[1.29134,46.37498],[1.28255,46.37219],[1.27978,46.37655],[1.2693,46.37638],[1.26061,46.37896],[1.24694,46.37475],[1.23795,46.3664],[1.22429,46.36692],[1.22326,46.36919],[1.21938,46.36569],[1.21413,46.37025],[1.21146,46.37897],[1.21596,46.38443],[1.20995,46.38986],[1.19192,46.38021],[1.19168,46.37663],[1.18592,46.37801],[1.18224,46.37589],[1.17749,46.38419],[1.19693,46.40152],[1.19205,46.40563],[1.19334,46.41002],[1.21322,46.43313],[1.20327,46.43453],[1.19592,46.4292],[1.18659,46.42824],[1.18356,46.42937],[1.18625,46.44117],[1.15184,46.44865],[1.13518,46.47096],[1.15761,46.46951],[1.13935,46.48679],[1.13327,46.49802],[1.13903,46.49697],[1.14645,46.50055],[1.14885,46.50212],[1.14662,46.50549],[1.10782,46.53182],[1.09107,46.53778],[1.07798,46.53516],[1.06414,46.53966],[1.05062,46.53601],[1.02253,46.53609],[1.01957,46.54008],[1.02463,46.5497],[1.01841,46.56491],[1.01441,46.56777],[0.98926,46.56526],[0.98362,46.56689],[0.98558,46.56979],[0.98192,46.57355],[0.9739,46.57466],[0.96376,46.57149],[0.95736,46.57816],[0.94124,46.58097],[0.93445,46.58769],[0.93768,46.59443],[0.92216,46.5946],[0.91067,46.60167],[0.90717,46.60735],[0.90862,46.61409],[0.90436,46.61442],[0.90695,46.62007],[0.89975,46.62165],[0.89999,46.62446],[0.89419,46.62584],[0.89389,46.6282],[0.89928,46.63733],[0.90811,46.64414],[0.90643,46.64859],[0.9179,46.65048],[0.90675,46.66547],[0.91211,46.6748],[0.90925,46.67809],[0.90243,46.6777],[0.90246,46.67942],[0.90952,46.68226],[0.91681,46.6902],[0.92799,46.69271],[0.92491,46.70019],[0.91334,46.71057],[0.91443,46.71595],[0.90796,46.71906],[0.91315,46.72568],[0.90288,46.73055],[0.90178,46.73637],[0.89645,46.73518],[0.88478,46.73925],[0.87707,46.73802],[0.8782,46.74186],[0.87009,46.74549],[0.85979,46.75588],[0.8591,46.76005],[0.84837,46.76071],[0.82807,46.77706],[0.82838,46.78659],[0.81508,46.78842],[0.81174,46.79813],[0.81693,46.8043],[0.81006,46.80959],[0.80919,46.82764],[0.80488,46.83174],[0.79227,46.83432],[0.7866,46.84128],[0.78769,46.84496],[0.79655,46.84736],[0.79595,46.85012],[0.78875,46.85264],[0.76802,46.85115],[0.76619,46.85627],[0.77216,46.86126],[0.76985,46.86519],[0.76521,46.86564],[0.75682,46.86016],[0.75238,46.86046],[0.7472,46.86935],[0.73322,46.8765],[0.72615,46.88719],[0.70542,46.90225],[0.70408,46.91111],[0.70904,46.91775],[0.70324,46.92608],[0.70608,46.93775],[0.69614,46.95677],[0.69289,46.97413],[0.67734,46.97774],[0.66162,46.97809],[0.65617,46.98572],[0.6479,46.98834],[0.63776,46.98548],[0.6333,46.98691],[0.62125,46.99682],[0.62413,47.00322],[0.61994,47.00719],[0.57342,47.00477],[0.56758,47.00651],[0.56792,47],[0.57412,46.99527],[0.57394,46.98343],[0.57889,46.97946],[0.59365,46.9776],[0.60125,46.97307],[0.59943,46.95616],[0.56497,46.95564],[0.54336,46.96042],[0.52774,46.95576],[0.52103,46.95836],[0.51373,46.95548],[0.50523,46.96002],[0.50065,46.95646],[0.48821,46.95464],[0.44489,46.94127],[0.43864,46.92949],[0.4178,46.93742],[0.40537,46.93613],[0.36651,46.94987],[0.3625,46.94708],[0.36073,46.94846],[0.34787,46.93658],[0.33958,46.93676],[0.32497,46.93055],[0.31121,46.93796],[0.30574,46.95362],[0.30145,46.95571],[0.30804,46.96283],[0.29806,46.97125],[0.30827,46.97819],[0.30275,46.98186],[0.3056,46.98643],[0.29808,46.98373],[0.29135,46.99037],[0.30405,46.99068],[0.305,46.99492],[0.31297,46.99807],[0.30502,47.003],[0.30707,47.01108],[0.2986,47.01966],[0.31029,47.02574],[0.30573,47.03837],[0.30936,47.04427],[0.30534,47.0527],[0.29269,47.0531],[0.2862,47.04801],[0.27165,47.0465],[0.26817,47.04243],[0.26395,47.04629],[0.26665,47.04865],[0.26514,47.05493],[0.25984,47.05554],[0.26784,47.06772],[0.2448,47.07144],[0.2411,47.07098],[0.23899,47.06774],[0.23516,47.06917],[0.22773,47.06043],[0.20796,47.05332],[0.19224,47.0654],[0.18932,47.0608],[0.17967,47.05912],[0.17571,47.06074],[0.1742,47.07134],[0.20117,47.0913],[0.18567,47.10145],[0.18337,47.11383],[0.1815,47.11529],[0.1721,47.11134],[0.16186,47.10008],[0.15928,47.10263],[0.14589,47.10473],[0.14652,47.10612],[0.13518,47.10711],[0.13343,47.115],[0.14069,47.12466],[0.12706,47.11983],[0.12352,47.12849],[0.11105,47.12857],[0.11123,47.13036],[0.10699,47.12863],[0.10456,47.1208],[0.08998,47.12213],[0.08121,47.11853],[0.07957,47.12304],[0.07642,47.12385],[0.08206,47.1361],[0.07837,47.14642],[0.06561,47.14307],[0.06154,47.15491],[0.05391,47.16368],[0.0492,47.16894],[0.03626,47.16005],[0.01888,47.17599],[-0.00182,47.16376],[-0.0121,47.15645],[-0.03609,47.12518],[-0.03444,47.12062],[-0.0411,47.11361],[-0.03926,47.10803],[-0.02653,47.10609],[-0.03543,47.08687],[-0.04095,47.08771],[-0.04139,47.09388],[-0.06058,47.0954],[-0.06771,47.09356],[-0.06741,47.09961],[-0.08272,47.09919],[-0.08591,47.10101],[-0.09512,47.09518],[-0.10128,47.08578],[-0.09988,47.07819],[-0.10313,47.07737],[-0.10192,47.07235],[-0.10503,47.0713],[-0.1021,47.06517],[-0.12879,47.05442],[-0.1372,47.0567],[-0.13674,47.064],[-0.14728,47.06984],[-0.15734,47.07024],[-0.16601,47.0647],[-0.1792,47.07016],[-0.16097,47.08563],[-0.14573,47.09164],[-0.14014,47.09782],[-0.1414,47.10413],[-0.15215,47.101],[-0.18527,47.10841],[-0.18708,47.10115],[-0.20614,47.09317],[-0.21575,47.09866],[-0.22931,47.09979],[-0.24073,47.10551],[-0.24742,47.10508],[-0.26291,47.09901],[-0.26262,47.1057],[-0.26573,47.10549],[-0.26901,47.10121],[-0.28139,47.09954],[-0.28291,47.10347],[-0.30131,47.09912],[-0.31423,47.09163],[-0.33546,47.08802],[-0.34176,47.08738],[-0.34092,47.09206],[-0.35016,47.09192],[-0.35379,47.09539],[-0.38385,47.08748],[-0.38635,47.08734],[-0.38711,47.09228],[-0.39606,47.09154],[-0.4012,47.07075],[-0.40712,47.0665],[-0.41833,47.07196],[-0.4232,47.06971],[-0.42698,47.07299],[-0.44112,47.06772],[-0.46123,47.0687],[-0.47191,47.05785],[-0.48032,47.05334],[-0.48499,47.06597],[-0.47757,47.07204],[-0.46418,47.07436],[-0.45953,47.08205],[-0.46815,47.08381],[-0.48818,47.08094],[-0.49319,47.08332],[-0.55755,47.06409],[-0.55946,47.06181],[-0.55437,47.05726],[-0.55827,47.05323],[-0.55627,47.0427],[-0.54456,47.03753],[-0.54234,47.03253],[-0.54581,47.0291],[-0.56267,47.03002],[-0.56487,47.02014],[-0.57947,47.01542],[-0.58921,47.00451],[-0.59717,47.00077],[-0.59549,46.99791],[-0.61892,46.99237],[-0.62494,46.99279],[-0.62674,46.99688],[-0.63355,46.99748],[-0.64035,46.99612],[-0.6455,46.99212],[-0.64999,46.99492],[-0.64813,46.99661],[-0.66163,46.99769],[-0.6712,47.00321],[-0.67618,47.00188],[-0.67473,46.99917],[-0.68038,46.99324],[-0.67788,46.98945],[-0.68019,46.98766],[-0.6868,46.98803],[-0.68954,46.99296],[-0.69858,46.99465],[-0.71595,46.98402],[-0.72926,46.99593],[-0.74341,47.00099],[-0.74298,46.99201],[-0.76152,46.99226],[-0.76889,46.99503],[-0.76847,47.00145],[-0.77235,47.0046],[-0.7797,47.00428],[-0.78356,47.00187],[-0.78757,47.00512],[-0.79626,46.99605],[-0.80703,46.9944],[-0.81103,46.99151],[-0.8051,46.98954],[-0.80866,46.98731],[-0.8123,46.98925],[-0.81175,46.99455],[-0.82637,46.99271],[-0.83634,46.98576],[-0.8395,46.98543],[-0.84299,46.99017],[-0.84766,46.98623],[-0.84792,46.98201],[-0.85709,46.97774],[-0.84918,46.97391],[-0.85855,46.9692],[-0.86305,46.97262],[-0.87164,46.97276],[-0.88498,46.97732],[-0.89571,46.97575],[-0.89871,46.97121],[-0.90352,46.97157],[-0.89912,46.96639],[-0.89619,46.96845],[-0.89259,46.96593],[-0.88927,46.9673],[-0.89336,46.96923],[-0.88982,46.97094],[-0.87713,46.96854],[-0.88404,46.9619],[-0.87824,46.95609],[-0.87196,46.95784],[-0.86727,46.96275],[-0.86369,46.96218],[-0.86901,46.95644],[-0.86311,46.95653],[-0.86567,46.95209],[-0.86045,46.94936],[-0.8657,46.94819],[-0.87489,46.95385],[-0.88399,46.9513],[-0.87905,46.94513],[-0.87364,46.9438],[-0.8717,46.94572],[-0.84966,46.94632],[-0.84758,46.94434],[-0.8533,46.93855],[-0.86006,46.93686],[-0.85785,46.93465],[-0.848,46.94099],[-0.84033,46.93591],[-0.84062,46.93307],[-0.84554,46.93125],[-0.84109,46.92899],[-0.83756,46.93218],[-0.82915,46.93336],[-0.82736,46.92522],[-0.82136,46.91827],[-0.80763,46.91932],[-0.82158,46.91008],[-0.81704,46.90398],[-0.83234,46.88465],[-0.81577,46.88001],[-0.80826,46.86855],[-0.80085,46.86548],[-0.78709,46.85406],[-0.78229,46.84323],[-0.75796,46.83151],[-0.7383,46.82916],[-0.73295,46.82165],[-0.72368,46.82326],[-0.70883,46.82113],[-0.70762,46.81578],[-0.69858,46.81078],[-0.69901,46.80889],[-0.71306,46.8051],[-0.71789,46.80048],[-0.71717,46.79271],[-0.72744,46.7821],[-0.72454,46.77688],[-0.72748,46.76774],[-0.72628,46.76513],[-0.72008,46.76373],[-0.71956,46.75581],[-0.71532,46.75187],[-0.70393,46.74946],[-0.6983,46.75176],[-0.69403,46.74384],[-0.70272,46.73505],[-0.70003,46.73413],[-0.69598,46.73712],[-0.69384,46.73557],[-0.69634,46.73498],[-0.69638,46.72953],[-0.69237,46.73111],[-0.69375,46.73402],[-0.68691,46.73025],[-0.6887,46.72595],[-0.68549,46.7298],[-0.67438,46.72292],[-0.66201,46.70855],[-0.66355,46.70536],[-0.6562,46.70033],[-0.68024,46.68653],[-0.65186,46.67361],[-0.64174,46.66406],[-0.63697,46.66338],[-0.64912,46.65621],[-0.649,46.64535],[-0.65939,46.64024],[-0.65884,46.63582],[-0.63493,46.63761],[-0.62375,46.6336],[-0.6246,46.63047],[-0.61405,46.62161],[-0.62308,46.61155],[-0.62309,46.6074],[-0.62694,46.6056],[-0.62128,46.60328],[-0.61797,46.59839],[-0.61398,46.59903],[-0.61434,46.59523],[-0.62099,46.59327],[-0.61162,46.58819],[-0.62029,46.57909],[-0.62428,46.57817],[-0.62464,46.57519],[-0.61874,46.57217],[-0.61794,46.56174],[-0.60642,46.5638],[-0.60829,46.55105],[-0.60232,46.5482],[-0.60448,46.54393],[-0.60223,46.53335],[-0.60846,46.52623],[-0.61244,46.53019],[-0.61597,46.52632],[-0.62177,46.53032],[-0.64204,46.52488],[-0.64413,46.52175],[-0.63808,46.5221],[-0.63833,46.51283],[-0.64676,46.51143],[-0.62498,46.49759],[-0.62456,46.48539],[-0.63117,46.4786],[-0.61914,46.4759],[-0.61589,46.46089],[-0.60805,46.45501],[-0.61378,46.44905],[-0.61926,46.4553],[-0.61633,46.44473],[-0.61851,46.43896],[-0.63662,46.43207],[-0.63464,46.42892],[-0.64019,46.4181],[-0.63966,46.41075],[-0.62896,46.40407],[-0.64067,46.39719],[-0.62091,46.39067],[-0.61279,46.41142],[-0.61012,46.41369],[-0.60572,46.41328],[-0.59301,46.40957],[-0.58212,46.40235],[-0.57239,46.40081],[-0.57185,46.39611],[-0.56615,46.39308],[-0.5506,46.39338],[-0.53815,46.38635],[-0.56203,46.35956],[-0.57219,46.3584],[-0.57696,46.35544],[-0.60311,46.36148],[-0.60692,46.35514],[-0.6034,46.35433],[-0.60507,46.34733],[-0.62157,46.33795],[-0.63723,46.33702],[-0.6395,46.32903],[-0.63604,46.32803],[-0.63681,46.32431],[-0.64825,46.31696],[-0.65739,46.31502],[-0.66328,46.31711],[-0.67213,46.31634],[-0.69731,46.32506],[-0.70869,46.31726],[-0.71641,46.31687],[-0.72103,46.31427],[-0.72402,46.30981],[-0.7158,46.30711],[-0.72192,46.30243],[-0.73463,46.30505],[-0.74897,46.30221],[-0.75897,46.31196],[-0.76871,46.31237],[-0.77577,46.31862],[-0.78527,46.31926],[-0.79407,46.32509],[-0.803,46.32541],[-0.80768,46.33298],[-0.79697,46.33908],[-0.80328,46.34289],[-0.80955,46.3387],[-0.82135,46.33597],[-0.82631,46.3368],[-0.83127,46.3419],[-0.84035,46.34046],[-0.84884,46.33198],[-0.8448,46.32555],[-0.84977,46.31781],[-0.86125,46.31802],[-0.86337,46.3208],[-0.86042,46.32478],[-0.86485,46.32763],[-0.86977,46.32255],[-0.88413,46.32419],[-0.8871,46.3269],[-0.89317,46.32316],[-0.89492,46.31697],[-0.91117,46.31299],[-0.91513,46.31612],[-0.92092,46.31256],[-0.92687,46.31567],[-0.92846,46.311],[-0.93264,46.31062],[-0.9354,46.31493],[-0.96265,46.3225],[-0.94314,46.33709],[-0.93856,46.35241],[-0.92745,46.37074],[-0.92979,46.371],[-0.93675,46.36639],[-0.94207,46.36814],[-0.95109,46.36027],[-0.96497,46.36534],[-0.97465,46.3513],[-0.99507,46.35051],[-0.99957,46.35483],[-1.01285,46.34928],[-1.0134,46.3556],[-1.05246,46.34257],[-1.05369,46.34952],[-1.06472,46.33515],[-1.07451,46.32852],[-1.07342,46.32701],[-1.08136,46.32369],[-1.0747,46.31803],[-1.09173,46.31738],[-1.09701,46.31207],[-1.1001,46.31633],[-1.10533,46.31479]],[[-0.07534,43.30716],[-0.09295,43.31015],[-0.09789,43.31376],[-0.1105,43.31239],[-0.11483,43.32131],[-0.1159,43.33074],[-0.11012,43.3377],[-0.10061,43.33679],[-0.09271,43.33306],[-0.08666,43.33522],[-0.08754,43.35088],[-0.09137,43.3521],[-0.09024,43.35922],[-0.09416,43.35762],[-0.10312,43.35874],[-0.10605,43.36172],[-0.10735,43.37096],[-0.10035,43.37362],[-0.09301,43.37406],[-0.0817,43.37118],[-0.08273,43.36653],[-0.07202,43.36128],[-0.06969,43.3549],[-0.06504,43.35495],[-0.06333,43.35139],[-0.06475,43.33331],[-0.07065,43.31738],[-0.06894,43.31264],[-0.07534,43.30716]],[[-0.0848,43.2772],[-0.07944,43.27169],[-0.07982,43.26308],[-0.08457,43.2577],[-0.09277,43.252],[-0.09441,43.25533],[-0.10408,43.24982],[-0.1032,43.24296],[-0.12166,43.24107],[-0.12629,43.25301],[-0.1361,43.26148],[-0.14054,43.27178],[-0.13864,43.28042],[-0.13563,43.28201],[-0.13745,43.2856],[-0.12967,43.28964],[-0.12521,43.29464],[-0.1265,43.29916],[-0.11768,43.30772],[-0.11003,43.30997],[-0.09224,43.30068],[-0.08914,43.30118],[-0.09605,43.28552],[-0.0848,43.2772]]],[[[-1.47442,46.20297],[-1.46338,46.20271],[-1.42185,46.18831],[-1.37022,46.16717],[-1.35387,46.1558],[-1.31436,46.14392],[-1.30482,46.1432],[-1.28615,46.14601],[-1.27872,46.14437],[-1.27455,46.15063],[-1.25404,46.16266],[-1.25672,46.16467],[-1.26605,46.16039],[-1.27651,46.16107],[-1.28151,46.16477],[-1.28188,46.1708],[-1.28932,46.17807],[-1.28712,46.18048],[-1.29401,46.18786],[-1.30791,46.19063],[-1.32145,46.18723],[-1.35477,46.206],[-1.36818,46.20745],[-1.40483,46.20301],[-1.42889,46.20647],[-1.42849,46.20363],[-1.43173,46.20892],[-1.43936,46.21015],[-1.43744,46.21293],[-1.44092,46.21419],[-1.43765,46.21716],[-1.43411,46.2161],[-1.41838,46.21955],[-1.41837,46.2256],[-1.41072,46.22726],[-1.41094,46.22942],[-1.41579,46.23052],[-1.45801,46.22851],[-1.4562,46.22549],[-1.45826,46.22303],[-1.46546,46.22325],[-1.4671,46.21661],[-1.47371,46.21404],[-1.47917,46.21494],[-1.48285,46.21223],[-1.47538,46.20993],[-1.4805,46.20989],[-1.47713,46.20742],[-1.48285,46.20975],[-1.48564,46.20606],[-1.48358,46.20226],[-1.48622,46.20215],[-1.48884,46.20767],[-1.49346,46.2071],[-1.49633,46.20918],[-1.49366,46.21297],[-1.49647,46.21549],[-1.50015,46.21661],[-1.50856,46.21421],[-1.50653,46.21839],[-1.51599,46.22247],[-1.5128,46.22321],[-1.51482,46.23508],[-1.50846,46.2267],[-1.50024,46.23171],[-1.50011,46.23525],[-1.495,46.23499],[-1.49273,46.23008],[-1.48798,46.22854],[-1.48105,46.22878],[-1.47428,46.23269],[-1.48166,46.24021],[-1.48214,46.24733],[-1.48769,46.24957],[-1.48912,46.25332],[-1.50043,46.25799],[-1.51464,46.25732],[-1.5301,46.24751],[-1.54257,46.24295],[-1.56244,46.24463],[-1.56098,46.23719],[-1.54347,46.21985],[-1.53469,46.20237],[-1.51651,46.19931],[-1.50511,46.19336],[-1.48906,46.20002],[-1.47442,46.20297]]],[[[-1.21932,45.90498],[-1.2156,45.90691],[-1.22432,45.91367],[-1.23267,45.92615],[-1.22899,45.93272],[-1.22848,45.94269],[-1.22588,45.94068],[-1.24207,45.95615],[-1.23688,45.96835],[-1.2444,45.9643],[-1.23457,45.97007],[-1.23798,45.97573],[-1.23395,45.98121],[-1.2374,45.98638],[-1.24861,45.99036],[-1.28808,45.98738],[-1.31031,45.99191],[-1.32119,45.9982],[-1.32384,46.00148],[-1.32079,46.00228],[-1.32811,46.00534],[-1.33589,46.01358],[-1.34485,46.01528],[-1.35799,46.02475],[-1.36745,46.02821],[-1.37201,46.03305],[-1.3699,46.03935],[-1.39145,46.04228],[-1.40734,46.04825],[-1.41191,46.04769],[-1.39957,46.01582],[-1.3884,46.00113],[-1.38874,45.98895],[-1.39527,45.97843],[-1.38616,45.96314],[-1.38735,45.95503],[-1.34317,45.92018],[-1.3298,45.91334],[-1.3284,45.91555],[-1.3251,45.91362],[-1.32536,45.91038],[-1.32249,45.91264],[-1.31789,45.9108],[-1.30504,45.90149],[-1.29907,45.89936],[-1.29365,45.90019],[-1.28055,45.8874],[-1.26868,45.88135],[-1.25397,45.85861],[-1.24301,45.8157],[-1.23694,45.8065],[-1.23115,45.803],[-1.22662,45.80355],[-1.23079,45.80361],[-1.23415,45.80736],[-1.22771,45.80694],[-1.22366,45.81129],[-1.21624,45.81366],[-1.20493,45.82486],[-1.19575,45.82919],[-1.20219,45.83842],[-1.20345,45.84584],[-1.2106,45.84975],[-1.20325,45.85372],[-1.20157,45.86359],[-1.19762,45.86125],[-1.19496,45.86217],[-1.19833,45.86885],[-1.19272,45.8745],[-1.19279,45.88205],[-1.19531,45.88363],[-1.18854,45.88383],[-1.18842,45.8864],[-1.20165,45.89638],[-1.20199,45.90064],[-1.21461,45.90688],[-1.21932,45.90498]]],[[[-1.12055,45.96082],[-1.11659,45.95223],[-1.10628,45.95468],[-1.11237,45.96159],[-1.12055,45.96082]]],[[[-1.03252,44.65189],[-1.02983,44.6488],[-1.02574,44.65225],[-1.02077,44.64953],[-1.01115,44.65027],[-1.02529,44.66175],[-1.03252,44.65189]]],[[[-1.18871,44.70028],[-1.18337,44.69302],[-1.17321,44.69283],[-1.1663,44.69598],[-1.16789,44.7004],[-1.17627,44.70457],[-1.18452,44.70426],[-1.18871,44.70028]]],[[[-1.25735,44.56792],[-1.2542,44.56533],[-1.2456,44.56867],[-1.252,44.57225],[-1.24554,44.57697],[-1.23832,44.57722],[-1.24591,44.57837],[-1.2336,44.59325],[-1.22326,44.59867],[-1.23466,44.59334],[-1.25735,44.56792]]]]},"properties":{"code":"75","nom":"Nouvelle-Aquitaine"}},
{"type":"Feature","geometry":{"type":"MultiPolygon","coordinates":[[[[-0.31325,42.8494],[-0.3066,42.84146],[-0.27689,42.8356],[-0.27553,42.82904],[-0.26237,42.82495],[-0.25483,42.81926],[-0.24512,42.82064],[-0.24339,42.82337],[-0.24185,42.81875],[-0.23873,42.8178],[-0.2389,42.80867],[-0.22418,42.80127],[-0.21948,42.80266],[-0.21525,42.79669],[-0.20883,42.79802],[-0.19897,42.79586],[-0.18904,42.78989],[-0.18847,42.78682],[-0.17595,42.78618],[-0.1673,42.79101],[-0.16082,42.79834],[-0.15442,42.79298],[-0.15453,42.78115],[-0.14694,42.77574],[-0.14975,42.76917],[-0.13842,42.76684],[-0.13645,42.76157],[-0.12282,42.75156],[-0.11719,42.74245],[-0.11768,42.73849],[-0.10808,42.73252],[-0.11185,42.72638],[-0.10647,42.72099],[-0.09728,42.72232],[-0.09578,42.72064],[-0.0876,42.72131],[-0.07953,42.71682],[-0.06836,42.71797],[-0.06348,42.70964],[-0.06581,42.70772],[-0.06322,42.69629],[-0.0563,42.69225],[-0.0487,42.69446],[-0.01655,42.68518],[-0.00015,42.68531],[0.01501,42.69505],[0.01468,42.70184],[0.02428,42.70253],[0.04786,42.69585],[0.05181,42.69798],[0.05809,42.69768],[0.07049,42.70375],[0.07113,42.70907],[0.07899,42.71497],[0.09016,42.71712],[0.10698,42.71037],[0.11698,42.71106],[0.13157,42.71464],[0.13673,42.72245],[0.15118,42.72458],[0.16244,42.72324],[0.16245,42.72846],[0.1746,42.73437],[0.1757,42.7369],[0.20624,42.72936],[0.22489,42.71792],[0.24995,42.71867],[0.26019,42.71598],[0.26878,42.70004],[0.26382,42.69316],[0.27576,42.68834],[0.29553,42.6733],[0.31299,42.68396],[0.32128,42.68369],[0.32375,42.68707],[0.32192,42.69111],[0.32644,42.69768],[0.32532,42.7052],[0.34044,42.71072],[0.34535,42.71057],[0.3524,42.71784],[0.35835,42.71991],[0.36021,42.72418],[0.37532,42.71419],[0.38516,42.7114],[0.39279,42.71325],[0.39519,42.69943],[0.40543,42.69523],[0.41743,42.69458],[0.42217,42.69049],[0.43444,42.69138],[0.4364,42.68978],[0.45202,42.6945],[0.46244,42.69331],[0.47415,42.70015],[0.48633,42.69776],[0.49468,42.69245],[0.51584,42.69129],[0.51888,42.69198],[0.52644,42.70255],[0.52964,42.70264],[0.53442,42.70009],[0.54602,42.70124],[0.58735,42.6947],[0.59694,42.70542],[0.60564,42.69924],[0.61687,42.69608],[0.63932,42.69258],[0.64739,42.69423],[0.669,42.68918],[0.67593,42.69082],[0.67395,42.69892],[0.68267,42.7089],[0.67369,42.71704],[0.68006,42.72327],[0.6787,42.72602],[0.6708,42.73059],[0.66717,42.74145],[0.66323,42.74327],[0.66411,42.74962],[0.65944,42.75223],[0.64732,42.75145],[0.63928,42.75486],[0.64578,42.75564],[0.65055,42.76518],[0.6623,42.77001],[0.66681,42.77541],[0.65163,42.77767],[0.64482,42.78298],[0.65049,42.78507],[0.66,42.79835],[0.66945,42.80184],[0.67083,42.80466],[0.66492,42.8137],[0.67041,42.82163],[0.66953,42.82472],[0.66159,42.82949],[0.6593,42.83871],[0.67856,42.84768],[0.67802,42.85525],[0.69151,42.85509],[0.70839,42.86144],[0.72778,42.8571],[0.73451,42.85436],[0.73595,42.84898],[0.74947,42.8471],[0.77709,42.83622],[0.78869,42.83618],[0.79541,42.84002],[0.80151,42.8406],[0.81565,42.83709],[0.83315,42.82836],[0.84375,42.82926],[0.85553,42.82686],[0.87095,42.81564],[0.8852,42.81324],[0.9064,42.80107],[0.90748,42.79689],[0.91532,42.7963],[0.92613,42.78939],[0.93333,42.78966],[0.94695,42.80153],[0.95775,42.80332],[0.95998,42.80593],[0.97652,42.79591],[0.97823,42.79009],[0.98291,42.78691],[0.99469,42.78689],[1.00557,42.79083],[1.01126,42.78786],[1.03111,42.78485],[1.03303,42.78707],[1.03864,42.787],[1.04336,42.78536],[1.04379,42.7811],[1.04794,42.78096],[1.06168,42.78328],[1.07344,42.78258],[1.07868,42.78831],[1.08739,42.77838],[1.10837,42.77194],[1.10976,42.76573],[1.11933,42.76344],[1.12895,42.75461],[1.13255,42.75058],[1.13056,42.73946],[1.13506,42.73592],[1.13311,42.72854],[1.17047,42.70793],[1.18904,42.71741],[1.19976,42.71754],[1.20998,42.72097],[1.2168,42.72011],[1.22934,42.7278],[1.24729,42.72255],[1.25291,42.71451],[1.26546,42.71549],[1.26824,42.71846],[1.2748,42.71876],[1.27825,42.71409],[1.29501,42.71952],[1.30919,42.71767],[1.31694,42.71896],[1.3252,42.72424],[1.33298,42.72478],[1.33803,42.7185],[1.35738,42.7197],[1.35781,42.71518],[1.35242,42.71114],[1.35093,42.70303],[1.36494,42.69471],[1.37704,42.69536],[1.3893,42.68692],[1.38747,42.66862],[1.39757,42.66755],[1.40372,42.65834],[1.4137,42.65558],[1.41385,42.64627],[1.41712,42.64194],[1.41643,42.63574],[1.42042,42.62495],[1.43066,42.61744],[1.42967,42.61181],[1.43801,42.60285],[1.45699,42.60233],[1.46481,42.60693],[1.46907,42.6065],[1.47672,42.6131],[1.46836,42.63115],[1.46989,42.63556],[1.47707,42.64063],[1.4787,42.65142],[1.4939,42.65325],[1.49965,42.64567],[1.52003,42.64601],[1.52217,42.64932],[1.52855,42.65174],[1.5343,42.64968],[1.54925,42.65588],[1.55823,42.652],[1.5623,42.65357],[1.56837,42.64851],[1.57475,42.64793],[1.58062,42.63675],[1.58572,42.63344],[1.59442,42.63261],[1.60051,42.62565],[1.6094,42.62856],[1.61842,42.62585],[1.6276,42.6264],[1.63725,42.63033],[1.63939,42.62814],[1.65294,42.62649],[1.65692,42.62101],[1.6642,42.61891],[1.68344,42.62499],[1.69213,42.62196],[1.69965,42.62243],[1.71365,42.61462],[1.72273,42.61653],[1.73617,42.61516],[1.73757,42.6116],[1.72629,42.60055],[1.72761,42.58829],[1.7422,42.58774],[1.76046,42.58081],[1.78118,42.58253],[1.78631,42.5746],[1.76965,42.56477],[1.75572,42.56511],[1.74815,42.56312],[1.73446,42.54901],[1.73352,42.52786],[1.73164,42.52894],[1.72888,42.5247],[1.72969,42.5204],[1.72146,42.51728],[1.72542,42.51522],[1.7259,42.50271],[1.73041,42.49239],[1.74679,42.49558],[1.76191,42.48758],[1.79195,42.48551],[1.8043,42.49039],[1.81672,42.48316],[1.82342,42.48663],[1.84388,42.47651],[1.84748,42.46833],[1.8559,42.46359],[1.85952,42.46247],[1.86444,42.46628],[1.88083,42.46],[1.88478,42.44959],[1.88981,42.44993],[1.89117,42.44772],[1.89575,42.44759],[1.8982,42.45001],[1.9163,42.44624],[1.93272,42.45464],[1.93699,42.45369],[1.9429,42.44449],[1.94135,42.43013],[1.95857,42.42414],[1.9551,42.41186],[1.96074,42.40413],[1.96009,42.39306],[1.96485,42.38761],[1.96535,42.38094],[1.97152,42.37398],[1.97917,42.3716],[1.98641,42.36193],[1.99636,42.35917],[1.99889,42.35563],[2.01199,42.35305],[2.01606,42.34709],[2.02335,42.3556],[2.03324,42.35806],[2.05885,42.35773],[2.07277,42.36551],[2.08078,42.36449],[2.08467,42.36176],[2.08948,42.37377],[2.1162,42.38316],[2.11484,42.39449],[2.12138,42.39709],[2.1252,42.40937],[2.14887,42.42094],[2.16815,42.42418],[2.18026,42.4182],[2.18426,42.41947],[2.20145,42.41644],[2.22375,42.42572],[2.24648,42.42897],[2.25216,42.43665],[2.25701,42.43867],[2.26748,42.43361],[2.27663,42.43242],[2.29091,42.42302],[2.29861,42.42327],[2.30587,42.42839],[2.31165,42.42851],[2.31861,42.4251],[2.31831,42.42236],[2.32536,42.41728],[2.33149,42.41551],[2.34398,42.41689],[2.34663,42.40852],[2.36115,42.40266],[2.38754,42.4002],[2.39519,42.3953],[2.41409,42.3913],[2.4326,42.39352],[2.43579,42.38818],[2.4328,42.37802],[2.44749,42.36894],[2.45493,42.36962],[2.4568,42.36336],[2.46629,42.36057],[2.47306,42.34922],[2.48347,42.33996],[2.5002,42.3432],[2.51118,42.3375],[2.52623,42.33346],[2.54171,42.33356],[2.54435,42.34007],[2.54841,42.33954],[2.55259,42.34313],[2.55414,42.35408],[2.57077,42.35824],[2.58744,42.35705],[2.58769,42.35485],[2.6102,42.34681],[2.63293,42.34625],[2.63439,42.34392],[2.65074,42.34413],[2.6547,42.34141],[2.6697,42.34051],[2.6755,42.34241],[2.67517,42.35703],[2.66088,42.36602],[2.66118,42.37731],[2.65144,42.38556],[2.65315,42.38857],[2.66573,42.38562],[2.67138,42.38779],[2.67342,42.39955],[2.67129,42.40206],[2.67403,42.40481],[2.69339,42.40668],[2.7166,42.42135],[2.73032,42.42258],[2.73354,42.42483],[2.73935,42.42357],[2.75605,42.42571],[2.75979,42.4186],[2.77047,42.41163],[2.77856,42.41245],[2.78343,42.41735],[2.80066,42.41841],[2.80396,42.43304],[2.81007,42.43182],[2.81863,42.44052],[2.8275,42.4393],[2.83349,42.44823],[2.83216,42.45177],[2.83909,42.45941],[2.85675,42.45406],[2.86161,42.45501],[2.86348,42.46354],[2.87048,42.46743],[2.88224,42.46049],[2.89147,42.46201],[2.90464,42.45692],[2.91827,42.45614],[2.92468,42.45883],[2.9247,42.46397],[2.93178,42.47407],[2.94712,42.48214],[2.96006,42.47398],[2.96729,42.46552],[2.97984,42.46743],[2.98244,42.4718],[2.98909,42.47403],[3.00002,42.47325],[3.01326,42.46655],[3.03182,42.47492],[3.04044,42.47422],[3.04725,42.45704],[3.05838,42.44571],[3.06721,42.44243],[3.06991,42.43603],[3.07653,42.43536],[3.07752,42.4315],[3.08543,42.42569],[3.09888,42.42515],[3.11019,42.43548],[3.12087,42.43818],[3.12566,42.43485],[3.13841,42.43551],[3.14483,42.43315],[3.15344,42.43578],[3.17223,42.43452],[3.17454,42.43892],[3.17753,42.43924],[3.17452,42.44227],[3.17098,42.44032],[3.16583,42.44103],[3.16886,42.44836],[3.15979,42.45217],[3.16697,42.45637],[3.15694,42.46023],[3.16234,42.4653],[3.15474,42.4706],[3.15476,42.47775],[3.13473,42.48013],[3.12972,42.48303],[3.13186,42.48516],[3.12773,42.4883],[3.13245,42.4908],[3.13548,42.50042],[3.12932,42.49952],[3.12278,42.50566],[3.13342,42.51103],[3.13225,42.5135],[3.13838,42.51528],[3.12276,42.52167],[3.10703,42.51597],[3.10731,42.52017],[3.11372,42.52065],[3.10828,42.52337],[3.10964,42.52518],[3.09906,42.52365],[3.09688,42.52533],[3.0956,42.52371],[3.09157,42.52586],[3.08713,42.52398],[3.08513,42.5245],[3.08687,42.52799],[3.07905,42.53323],[3.06834,42.53595],[3.06089,42.53535],[3.05387,42.5415],[3.04776,42.54087],[3.05186,42.54334],[3.04012,42.61837],[3.03763,42.60352],[3.03788,42.60887],[3.03358,42.6109],[3.03746,42.61321],[3.03524,42.61786],[3.03852,42.6197],[3.03552,42.62179],[3.0393,42.62127],[3.03664,42.62535],[3.03417,42.66307],[3.03913,42.70145],[3.02446,42.70388],[3.02567,42.70675],[3.03057,42.70361],[3.03239,42.70609],[3.0388,42.70412],[3.04048,42.72306],[3.0348,42.72237],[3.03961,42.72324],[3.03772,42.75455],[3.04124,42.79724],[3.03851,42.79609],[3.03697,42.79797],[3.05036,42.87055],[3.04857,42.87185],[3.03951,42.86702],[3.04232,42.86584],[3.03472,42.85978],[3.03823,42.86087],[3.03743,42.85715],[3.03521,42.8586],[3.03303,42.85693],[3.03127,42.86092],[3.04007,42.8717],[3.04823,42.87272],[3.0438,42.87794],[3.05036,42.87418],[3.06061,42.91749],[3.05463,42.92565],[3.04077,42.92961],[3.03846,42.93722],[3.04427,42.96378],[3.05722,43.00154],[3.06563,43.01373],[3.07047,43.01216],[3.07718,43.01231],[3.06978,43.01248],[3.06332,43.01981],[3.06845,43.02602],[3.07979,43.02145],[3.08249,43.01259],[3.08038,43.02092],[3.07902,43.02247],[3.06771,43.02637],[3.07078,43.03528],[3.10382,43.08539],[3.12304,43.10954],[3.13253,43.1105],[3.12866,43.11441],[3.13081,43.11798],[3.15169,43.13841],[3.15337,43.14303],[3.1814,43.16884],[3.18118,43.17124],[3.18347,43.16963],[3.22433,43.20349],[3.2839,43.24099],[3.2923,43.24271],[3.35066,43.27186],[3.39365,43.28627],[3.43177,43.28991],[3.44192,43.28319],[3.45361,43.28196],[3.46837,43.27541],[3.49875,43.27459],[3.50672,43.27213],[3.50451,43.27595],[3.49715,43.27864],[3.50102,43.28046],[3.49987,43.28181],[3.50562,43.28108],[3.50718,43.28266],[3.50497,43.28335],[3.50839,43.28287],[3.51028,43.28493],[3.51458,43.2804],[3.50897,43.27458],[3.51514,43.27452],[3.5287,43.2911],[3.52418,43.29274],[3.52255,43.29127],[3.52302,43.29568],[3.52832,43.29188],[3.58725,43.34375],[3.64724,43.3864],[3.66993,43.39406],[3.67338,43.39082],[3.68356,43.39331],[3.6917,43.39213],[3.70169,43.39961],[3.70008,43.4026],[3.70487,43.40473],[3.7025,43.40111],[3.70657,43.39852],[3.7092,43.4024],[3.71107,43.3986],[3.71467,43.3993],[3.71357,43.40537],[3.72173,43.40905],[3.72548,43.40756],[3.72512,43.41322],[3.73233,43.41564],[3.73044,43.41857],[3.74045,43.42201],[3.74298,43.41936],[3.74252,43.42116],[3.74662,43.42092],[3.75262,43.42761],[3.75284,43.42565],[3.7767,43.43126],[3.77353,43.43496],[3.7776,43.43189],[3.79711,43.44117],[3.81786,43.45746],[3.83472,43.47465],[3.8698,43.49774],[3.90447,43.51589],[3.9312,43.52629],[3.93574,43.52412],[3.93387,43.52578],[3.93831,43.52912],[3.97451,43.54166],[3.97178,43.54429],[3.97496,43.54672],[3.97682,43.54619],[3.97388,43.54424],[3.97718,43.54222],[4.00897,43.55245],[4.04447,43.55707],[4.07942,43.55546],[4.07775,43.55793],[4.0818,43.56029],[4.08547,43.55725],[4.08349,43.55528],[4.10128,43.55469],[4.11143,43.55132],[4.12766,43.54346],[4.13394,43.53618],[4.1389,43.54006],[4.13509,43.53614],[4.13853,43.53231],[4.13754,43.52534],[4.12479,43.5219],[4.13048,43.51867],[4.13708,43.52101],[4.14079,43.51802],[4.13507,43.51928],[4.13892,43.51602],[4.13128,43.51791],[4.13369,43.51236],[4.12966,43.51209],[4.12604,43.51473],[4.1259,43.51957],[4.12269,43.51945],[4.12208,43.51083],[4.13585,43.51022],[4.13413,43.50829],[4.13262,43.51023],[4.11095,43.50907],[4.11646,43.49758],[4.1246,43.48907],[4.16934,43.47177],[4.23022,43.4605],[4.23039,43.47846],[4.23939,43.49347],[4.23974,43.4992],[4.26071,43.50809],[4.27324,43.50824],[4.2975,43.51517],[4.30992,43.52509],[4.31709,43.52476],[4.32469,43.52824],[4.308,43.5451],[4.31114,43.55116],[4.31703,43.55197],[4.3139,43.55562],[4.31849,43.55728],[4.32293,43.55408],[4.3162,43.5479],[4.31652,43.54413],[4.33431,43.53539],[4.34892,43.54259],[4.35071,43.54692],[4.36505,43.54715],[4.38241,43.55343],[4.38742,43.56231],[4.40331,43.55925],[4.40878,43.56082],[4.41595,43.56691],[4.41673,43.5711],[4.40298,43.57319],[4.4232,43.58433],[4.43159,43.58574],[4.44596,43.58305],[4.46033,43.58894],[4.46771,43.59971],[4.47449,43.60447],[4.47415,43.61017],[4.46449,43.61542],[4.45111,43.61071],[4.4399,43.61077],[4.4297,43.61814],[4.42631,43.625],[4.43473,43.63409],[4.43933,43.64671],[4.4508,43.66389],[4.45907,43.66839],[4.4735,43.6705],[4.47786,43.67317],[4.47617,43.6862],[4.48603,43.69886],[4.49989,43.70205],[4.52561,43.70244],[4.53341,43.70682],[4.54045,43.70746],[4.55943,43.69907],[4.57977,43.69722],[4.59494,43.68703],[4.60246,43.6858],[4.61736,43.68876],[4.62732,43.6854],[4.62536,43.69574],[4.61451,43.70993],[4.61271,43.72702],[4.62382,43.74505],[4.63032,43.76258],[4.65154,43.78269],[4.65526,43.8073],[4.64295,43.83226],[4.64993,43.83917],[4.66549,43.84394],[4.66667,43.84723],[4.66052,43.85318],[4.64495,43.84988],[4.64126,43.85111],[4.64838,43.85901],[4.64208,43.86753],[4.65053,43.8698],[4.66001,43.87597],[4.66379,43.87098],[4.66658,43.8759],[4.69287,43.88453],[4.70933,43.89804],[4.69814,43.8971],[4.72339,43.90607],[4.74023,43.91976],[4.73928,43.92413],[4.74792,43.93131],[4.76147,43.93491],[4.76878,43.93381],[4.77893,43.93788],[4.79375,43.95446],[4.81439,43.96469],[4.8097,43.97885],[4.81314,43.98808],[4.83691,43.98518],[4.84438,43.98931],[4.84557,43.99664],[4.84194,44.01201],[4.83685,44.01505],[4.81996,44.01698],[4.81475,44.03371],[4.78782,44.05307],[4.78649,44.06651],[4.75966,44.075],[4.76025,44.08722],[4.75222,44.08825],[4.72692,44.07828],[4.72047,44.08184],[4.71934,44.09109],[4.70607,44.1078],[4.71096,44.12098],[4.7119,44.13518],[4.71887,44.14465],[4.71638,44.17669],[4.71969,44.17708],[4.72247,44.18732],[4.7058,44.19272],[4.70419,44.19954],[4.70983,44.20861],[4.70588,44.21471],[4.6942,44.21545],[4.68106,44.21218],[4.67404,44.21474],[4.67803,44.23399],[4.65417,44.25422],[4.64937,44.26299],[4.64945,44.27034],[4.64123,44.27439],[4.63493,44.28482],[4.61639,44.27819],[4.61223,44.28613],[4.60564,44.29096],[4.58805,44.2943],[4.57588,44.30085],[4.57,44.29934],[4.55975,44.30207],[4.54503,44.32025],[4.549,44.32558],[4.5326,44.32258],[4.52274,44.33046],[4.51287,44.32803],[4.51304,44.33384],[4.5067,44.33796],[4.50601,44.34399],[4.50347,44.34415],[4.50342,44.33986],[4.4996,44.33834],[4.47941,44.33721],[4.47473,44.34208],[4.46729,44.34027],[4.45762,44.34164],[4.45307,44.33894],[4.4484,44.2966],[4.45326,44.29791],[4.43933,44.28341],[4.43439,44.28327],[4.43166,44.29038],[4.42671,44.28763],[4.40036,44.28743],[4.39364,44.29333],[4.3942,44.29949],[4.38951,44.30097],[4.40326,44.33358],[4.39136,44.34679],[4.38716,44.34702],[4.36801,44.33937],[4.32578,44.33833],[4.32965,44.33244],[4.31573,44.3202],[4.30352,44.31476],[4.29399,44.31297],[4.2901,44.31658],[4.28821,44.3148],[4.29074,44.30885],[4.2892,44.29254],[4.28052,44.28363],[4.27684,44.27443],[4.26377,44.26898],[4.25855,44.26434],[4.24161,44.26968],[4.21521,44.29069],[4.18649,44.29981],[4.17775,44.31286],[4.17779,44.31761],[4.17103,44.31686],[4.1639,44.31205],[4.14292,44.3132],[4.14194,44.32749],[4.1347,44.32857],[4.12992,44.33686],[4.12332,44.33603],[4.11616,44.32692],[4.1041,44.33414],[4.09411,44.33477],[4.09332,44.33061],[4.08634,44.33045],[4.08559,44.32861],[4.07371,44.3298],[4.05989,44.32026],[4.05168,44.31698],[4.04692,44.31899],[4.04934,44.32145],[4.03569,44.32968],[4.05373,44.33809],[4.05069,44.34719],[4.05407,44.35003],[4.05327,44.359],[4.05734,44.36368],[4.05303,44.36696],[4.05073,44.37384],[4.05313,44.3789],[4.04377,44.38451],[4.04022,44.39164],[4.0478,44.39735],[4.05614,44.39265],[4.06453,44.39453],[4.06234,44.39867],[4.06843,44.40505],[4.05119,44.41644],[4.03544,44.42006],[4.04633,44.43183],[4.03717,44.44608],[4.03431,44.44363],[4.03008,44.44654],[4.02818,44.44465],[4.02335,44.44566],[4.02186,44.45006],[4.01475,44.45094],[4.0145,44.45473],[3.99837,44.45966],[3.99698,44.46588],[3.98845,44.47206],[3.98495,44.48358],[3.98685,44.49193],[3.98446,44.49389],[3.98708,44.49524],[3.9862,44.50229],[3.98873,44.50398],[3.98365,44.50831],[3.98157,44.5158],[3.97679,44.517],[3.97896,44.52292],[3.97115,44.52678],[3.96915,44.53426],[3.96612,44.53579],[3.95507,44.56668],[3.9455,44.57363],[3.93631,44.57383],[3.92964,44.56875],[3.92345,44.57177],[3.91554,44.58255],[3.91914,44.58519],[3.91825,44.58844],[3.90582,44.5924],[3.90354,44.59733],[3.90801,44.60643],[3.9062,44.61155],[3.89364,44.61354],[3.8926,44.62765],[3.89578,44.63801],[3.89339,44.64106],[3.89784,44.64406],[3.89091,44.65637],[3.88327,44.65732],[3.88366,44.665],[3.87822,44.6677],[3.87808,44.67473],[3.87222,44.67512],[3.86934,44.67841],[3.87639,44.68506],[3.87668,44.68903],[3.8838,44.6923],[3.88408,44.6975],[3.8695,44.69717],[3.86703,44.70299],[3.87221,44.70588],[3.87185,44.70808],[3.86146,44.71089],[3.86427,44.71818],[3.86168,44.71911],[3.8667,44.72841],[3.87083,44.72822],[3.87804,44.73245],[3.87554,44.74059],[3.85523,44.74645],[3.84772,44.74533],[3.83521,44.74831],[3.83627,44.75107],[3.82982,44.75479],[3.83702,44.75998],[3.8431,44.76971],[3.83321,44.77671],[3.81755,44.77199],[3.81613,44.76849],[3.81229,44.76905],[3.8119,44.76589],[3.80875,44.76546],[3.80299,44.77079],[3.80313,44.78158],[3.79851,44.78619],[3.78715,44.79385],[3.77938,44.79593],[3.77888,44.79848],[3.7716,44.79685],[3.77385,44.80058],[3.77006,44.80389],[3.76425,44.8005],[3.76124,44.80164],[3.75874,44.8069],[3.76291,44.80981],[3.76155,44.81347],[3.75013,44.82281],[3.75197,44.82775],[3.74641,44.82985],[3.74301,44.83879],[3.73546,44.84005],[3.73699,44.83611],[3.73463,44.83294],[3.72831,44.83388],[3.72234,44.83088],[3.71479,44.83237],[3.71066,44.8365],[3.69965,44.83668],[3.69728,44.83614],[3.69929,44.8336],[3.6966,44.83079],[3.68898,44.83208],[3.68449,44.82933],[3.66319,44.82982],[3.65764,44.83606],[3.67205,44.84328],[3.67275,44.8566],[3.66681,44.85744],[3.65996,44.87111],[3.65274,44.87611],[3.65024,44.87402],[3.64399,44.87812],[3.62957,44.87787],[3.63017,44.88095],[3.62293,44.87815],[3.62259,44.87592],[3.61462,44.87429],[3.60825,44.8791],[3.59353,44.87663],[3.59438,44.86756],[3.59919,44.8598],[3.59171,44.8471],[3.5946,44.84121],[3.58532,44.83755],[3.58922,44.83323],[3.58958,44.82656],[3.57886,44.82556],[3.57472,44.8348],[3.57066,44.83577],[3.56032,44.83282],[3.56169,44.8249],[3.53712,44.82827],[3.50606,44.82407],[3.49424,44.81482],[3.4913,44.80822],[3.48713,44.80644],[3.48254,44.80779],[3.4785,44.80977],[3.46478,44.82799],[3.45616,44.82906],[3.45872,44.83936],[3.45562,44.8443],[3.44185,44.85422],[3.43596,44.88022],[3.42072,44.89485],[3.41804,44.9009],[3.41954,44.90506],[3.41697,44.90627],[3.41938,44.90837],[3.41067,44.91766],[3.41393,44.91987],[3.41606,44.92795],[3.41269,44.93881],[3.41534,44.94147],[3.40444,44.95713],[3.397,44.95864],[3.38915,44.9513],[3.37157,44.96036],[3.37248,44.96353],[3.37611,44.96468],[3.37028,44.97031],[3.37273,44.97575],[3.36135,44.97141],[3.35464,44.95486],[3.33794,44.95591],[3.31542,44.94403],[3.31645,44.94053],[3.31183,44.93782],[3.30757,44.94102],[3.29993,44.93955],[3.28563,44.92631],[3.27261,44.92711],[3.2628,44.93178],[3.26237,44.93642],[3.26744,44.94257],[3.24857,44.93935],[3.24988,44.93436],[3.24168,44.93537],[3.24835,44.92906],[3.24417,44.92711],[3.2499,44.91626],[3.24392,44.91612],[3.22668,44.90977],[3.22905,44.90584],[3.2272,44.89691],[3.23819,44.88676],[3.22784,44.88591],[3.21562,44.8744],[3.19941,44.87488],[3.19232,44.86954],[3.19366,44.866],[3.18903,44.86163],[3.18245,44.86362],[3.17344,44.87271],[3.16358,44.87414],[3.16414,44.8796],[3.14222,44.90297],[3.12815,44.90365],[3.12174,44.89589],[3.12336,44.88944],[3.11762,44.89003],[3.11712,44.89436],[3.11506,44.89428],[3.11155,44.88793],[3.10356,44.88684],[3.10689,44.87772],[3.10249,44.87103],[3.10978,44.86721],[3.10331,44.86535],[3.10193,44.8612],[3.09327,44.85487],[3.09494,44.85071],[3.09913,44.84952],[3.09675,44.84663],[3.10028,44.84391],[3.09772,44.84306],[3.09901,44.83303],[3.08585,44.83324],[3.07234,44.83761],[3.07421,44.8259],[3.0773,44.82459],[3.06386,44.82013],[3.0565,44.8095],[3.04649,44.8016],[3.04848,44.7883],[3.05167,44.78511],[3.04974,44.77858],[3.04263,44.77233],[3.04931,44.7631],[3.03726,44.7577],[3.03501,44.75148],[3.03094,44.74912],[3.03064,44.73601],[3.02691,44.72957],[3.03435,44.72922],[3.0391,44.71515],[3.02631,44.71694],[3.02308,44.7133],[3.01663,44.71436],[3.0124,44.70921],[3.01354,44.70355],[3.00757,44.6968],[3.00854,44.69414],[3.00089,44.68792],[3.00244,44.68504],[2.99778,44.67271],[2.9839,44.65686],[2.98174,44.652],[2.98494,44.65037],[2.98168,44.64467],[2.97328,44.64536],[2.96187,44.65455],[2.96318,44.65868],[2.95485,44.66099],[2.95502,44.66688],[2.94827,44.67428],[2.93837,44.67849],[2.93846,44.68239],[2.94447,44.68417],[2.93282,44.69675],[2.93509,44.705],[2.92334,44.72762],[2.9322,44.73818],[2.93494,44.74486],[2.93358,44.74995],[2.92704,44.75771],[2.92037,44.75416],[2.91163,44.76173],[2.91652,44.76736],[2.93073,44.76176],[2.93565,44.76696],[2.93444,44.77169],[2.93735,44.77514],[2.92019,44.79431],[2.91156,44.79057],[2.90511,44.7839],[2.88765,44.78917],[2.88865,44.79234],[2.88139,44.80016],[2.87213,44.81841],[2.8704,44.82942],[2.85962,44.83924],[2.85945,44.84227],[2.86414,44.84272],[2.86575,44.84709],[2.86186,44.84796],[2.86082,44.85078],[2.85677,44.84881],[2.8546,44.85072],[2.85644,44.86558],[2.86139,44.86793],[2.85975,44.87442],[2.85697,44.8753],[2.84852,44.87153],[2.81898,44.87165],[2.81359,44.86925],[2.80874,44.87374],[2.80316,44.87412],[2.79875,44.86904],[2.78622,44.86457],[2.78074,44.85706],[2.7769,44.85806],[2.77283,44.85534],[2.76722,44.86571],[2.77089,44.87105],[2.76878,44.87436],[2.77074,44.87992],[2.77395,44.88024],[2.77841,44.88751],[2.77195,44.89848],[2.77549,44.91128],[2.77185,44.91802],[2.76196,44.92463],[2.76032,44.93006],[2.75607,44.93265],[2.7499,44.93401],[2.74228,44.92891],[2.74312,44.93659],[2.7384,44.94144],[2.73424,44.93755],[2.72905,44.93699],[2.72377,44.92455],[2.7162,44.92906],[2.71359,44.92713],[2.71558,44.92388],[2.71107,44.91918],[2.70828,44.90834],[2.69031,44.90215],[2.68736,44.9058],[2.68343,44.90496],[2.68187,44.90735],[2.68015,44.90426],[2.67616,44.90387],[2.66477,44.88974],[2.65775,44.88635],[2.65872,44.87664],[2.65416,44.86982],[2.62898,44.87247],[2.61754,44.85652],[2.61864,44.85197],[2.61538,44.85272],[2.61163,44.84769],[2.60268,44.84316],[2.61148,44.83105],[2.61001,44.82594],[2.59676,44.81978],[2.60181,44.80819],[2.59894,44.80201],[2.60035,44.79346],[2.58653,44.7839],[2.57413,44.78513],[2.56228,44.77767],[2.56478,44.77233],[2.55993,44.76218],[2.56131,44.75873],[2.54994,44.75496],[2.55333,44.74938],[2.54997,44.74833],[2.55472,44.74482],[2.55137,44.74202],[2.55444,44.7391],[2.55072,44.7363],[2.55592,44.73354],[2.55215,44.73313],[2.54434,44.72526],[2.55364,44.72525],[2.55951,44.73149],[2.55707,44.72856],[2.5608,44.72712],[2.55785,44.72529],[2.56047,44.72051],[2.55008,44.71959],[2.54089,44.71175],[2.53203,44.71098],[2.52376,44.70505],[2.51799,44.70419],[2.51968,44.70067],[2.51414,44.69309],[2.51105,44.69576],[2.50031,44.69047],[2.48763,44.66874],[2.49099,44.65804],[2.48688,44.65631],[2.48391,44.65076],[2.47762,44.64914],[2.47099,44.65169],[2.46773,44.64286],[2.44849,44.64872],[2.4444,44.64388],[2.43363,44.63896],[2.42671,44.6439],[2.4166,44.6428],[2.40663,44.64715],[2.38825,44.64425],[2.38927,44.64862],[2.38027,44.65147],[2.36664,44.6415],[2.35429,44.6401],[2.33318,44.64871],[2.33419,44.65446],[2.33773,44.65659],[2.33664,44.66195],[2.32681,44.66993],[2.30544,44.66231],[2.29363,44.66714],[2.28518,44.6669],[2.27415,44.66082],[2.26402,44.66047],[2.25091,44.652],[2.23428,44.65549],[2.21587,44.65069],[2.20842,44.64384],[2.2129,44.6375],[2.21191,44.63137],[2.21575,44.62475],[2.2207,44.62209],[2.20779,44.61577],[2.19323,44.62504],[2.19411,44.62808],[2.18633,44.62861],[2.18056,44.63398],[2.17414,44.63443],[2.16872,44.63892],[2.16887,44.64766],[2.1746,44.65327],[2.16781,44.66088],[2.1617,44.66351],[2.16889,44.66448],[2.17926,44.67448],[2.16968,44.68249],[2.15963,44.69741],[2.15308,44.69986],[2.14762,44.69529],[2.13848,44.69306],[2.12998,44.69855],[2.13294,44.70364],[2.13156,44.70938],[2.14922,44.72219],[2.14684,44.72289],[2.14762,44.72629],[2.1511,44.72843],[2.15386,44.73695],[2.15044,44.74055],[2.15581,44.74303],[2.1515,44.74444],[2.15537,44.74894],[2.15003,44.75856],[2.15167,44.76017],[2.14732,44.7631],[2.14907,44.76971],[2.15914,44.77276],[2.16326,44.77102],[2.16699,44.77321],[2.16637,44.77706],[2.16979,44.77776],[2.16821,44.78289],[2.17159,44.7856],[2.17153,44.7904],[2.16485,44.80382],[2.16805,44.81069],[2.1351,44.82717],[2.1273,44.83865],[2.12823,44.84552],[2.1171,44.84836],[2.10209,44.8667],[2.09351,44.87237],[2.08967,44.88212],[2.08363,44.8863],[2.08583,44.90405],[2.10093,44.90571],[2.10806,44.91062],[2.10216,44.91628],[2.10383,44.92],[2.09498,44.92355],[2.08383,44.93223],[2.07646,44.93409],[2.08061,44.95401],[2.07057,44.96259],[2.06718,44.97343],[2.06288,44.97662],[2.05838,44.97488],[2.05854,44.97795],[2.05342,44.97593],[2.04525,44.98373],[2.0083,44.97636],[2.00596,44.9781],[1.99371,44.97464],[1.9904,44.97596],[1.98102,44.9725],[1.96637,44.96207],[1.95639,44.9599],[1.9493,44.95259],[1.94019,44.95303],[1.94246,44.957],[1.93915,44.97333],[1.929,44.97836],[1.92179,44.97599],[1.91389,44.97893],[1.90764,44.97784],[1.89843,44.9719],[1.89878,44.96771],[1.88837,44.96418],[1.8854,44.95898],[1.88703,44.95635],[1.86746,44.95357],[1.86284,44.94765],[1.85111,44.94623],[1.84478,44.94304],[1.84278,44.93713],[1.83644,44.93746],[1.83701,44.94546],[1.83126,44.94543],[1.82609,44.92885],[1.81384,44.92736],[1.81161,44.92908],[1.80459,44.92609],[1.80017,44.92028],[1.8024,44.92561],[1.79831,44.93044],[1.79084,44.93202],[1.7857,44.93691],[1.78688,44.93214],[1.7746,44.92356],[1.76716,44.93365],[1.74958,44.93743],[1.75589,44.94626],[1.75114,44.94727],[1.7507,44.95587],[1.74063,44.96057],[1.73383,44.9595],[1.73291,44.96488],[1.72537,44.96787],[1.71103,44.9673],[1.70282,44.98772],[1.68872,44.99449],[1.68436,45.00255],[1.67319,45.00367],[1.66996,45.0087],[1.66368,45.00875],[1.66499,45.01225],[1.65279,45.0179],[1.65179,45.02525],[1.64836,45.02381],[1.64619,45.02855],[1.63564,45.02925],[1.62994,45.0335],[1.62543,45.03354],[1.62327,45.03047],[1.62163,45.03245],[1.60965,45.03257],[1.60906,45.02895],[1.60581,45.0355],[1.59321,45.03482],[1.57608,45.04071],[1.56997,45.03955],[1.55197,45.02837],[1.54454,45.02904],[1.54041,45.04636],[1.53731,45.04665],[1.52814,45.04537],[1.52061,45.03996],[1.50664,45.03991],[1.4938,45.03342],[1.49231,45.03038],[1.48814,45.03246],[1.48374,45.03087],[1.48138,45.02726],[1.47678,45.02668],[1.47683,45.01851],[1.46424,45.01436],[1.45957,45.01371],[1.44824,45.01941],[1.44128,45.01537],[1.44432,45.01406],[1.4091,45.00686],[1.41561,44.99359],[1.41179,44.98663],[1.41784,44.98258],[1.41272,44.97236],[1.42164,44.9674],[1.41691,44.96225],[1.4188,44.95632],[1.42178,44.95594],[1.4291,44.94612],[1.4345,44.94465],[1.43633,44.94094],[1.4331,44.93722],[1.43713,44.93546],[1.43534,44.93143],[1.4364,44.92856],[1.44021,44.92778],[1.43747,44.92413],[1.44006,44.92399],[1.44224,44.91688],[1.42482,44.9199],[1.42129,44.91562],[1.41354,44.91339],[1.41075,44.90888],[1.41628,44.90927],[1.42141,44.90633],[1.41788,44.90062],[1.42188,44.89604],[1.4397,44.88896],[1.44206,44.87837],[1.43921,44.87457],[1.4316,44.87174],[1.41913,44.87073],[1.41156,44.87277],[1.41172,44.86628],[1.40476,44.86275],[1.40284,44.84931],[1.3873,44.85104],[1.3861,44.84743],[1.37714,44.84182],[1.37285,44.84693],[1.36544,44.84522],[1.35998,44.83457],[1.3601,44.8253],[1.36587,44.81617],[1.3641,44.81163],[1.33907,44.80559],[1.32533,44.80599],[1.29826,44.79619],[1.2934,44.78982],[1.30287,44.7892],[1.30481,44.78495],[1.298,44.78065],[1.29639,44.77671],[1.31053,44.76976],[1.31363,44.76506],[1.3228,44.76501],[1.31583,44.74047],[1.30017,44.74445],[1.29532,44.73603],[1.30018,44.73386],[1.29839,44.72615],[1.28938,44.72089],[1.28708,44.71466],[1.28007,44.71579],[1.27455,44.71918],[1.27476,44.72197],[1.27014,44.72244],[1.26399,44.71094],[1.24783,44.70775],[1.2433,44.70391],[1.24449,44.69778],[1.2416,44.69331],[1.22989,44.69169],[1.22455,44.68427],[1.21726,44.68262],[1.20686,44.68376],[1.198,44.68063],[1.19736,44.68382],[1.1897,44.6821],[1.18135,44.68327],[1.16921,44.68039],[1.16135,44.67323],[1.14707,44.67081],[1.14998,44.65526],[1.1465,44.65309],[1.15185,44.64521],[1.15253,44.63602],[1.11977,44.61021],[1.11087,44.60711],[1.09459,44.59234],[1.09364,44.59061],[1.09794,44.59064],[1.10253,44.58644],[1.10346,44.58097],[1.09894,44.57993],[1.10321,44.57173],[1.08787,44.57076],[1.07841,44.5748],[1.07681,44.5733],[1.07439,44.57727],[1.06971,44.56611],[1.04525,44.56237],[1.04054,44.55666],[1.02974,44.55198],[1.03136,44.54934],[1.02193,44.54538],[1.01312,44.53621],[1.00908,44.54695],[0.99487,44.54996],[0.98151,44.54444],[0.98828,44.54034],[0.98796,44.53277],[0.99259,44.52799],[0.99974,44.52702],[1.00571,44.51941],[1.00695,44.51297],[1.01602,44.50653],[1.01692,44.49972],[1.01162,44.49564],[1.01776,44.49201],[1.01707,44.4891],[1.01252,44.48964],[1.0142,44.4874],[1.00901,44.48004],[1.02302,44.47546],[1.02168,44.47313],[1.02399,44.47316],[1.0218,44.47057],[1.02591,44.46701],[1.02296,44.46252],[1.0248,44.45981],[1.02116,44.4563],[1.02399,44.45147],[1.02082,44.44518],[1.03252,44.44126],[1.02806,44.43419],[1.03326,44.43218],[1.0453,44.43429],[1.0489,44.42925],[1.05375,44.43199],[1.05503,44.42742],[1.05736,44.42787],[1.06177,44.41496],[1.05962,44.40521],[1.06154,44.40204],[1.05084,44.39202],[1.0569,44.38989],[1.06019,44.39114],[1.0644,44.37799],[1.05963,44.37653],[1.06099,44.36624],[1.04715,44.36228],[1.01917,44.3633],[1.00543,44.36527],[0.99666,44.36915],[0.99018,44.36298],[0.97746,44.35675],[0.97588,44.36095],[0.97205,44.36217],[0.95883,44.35909],[0.95149,44.36171],[0.94871,44.35658],[0.94689,44.35748],[0.94625,44.35452],[0.94191,44.35324],[0.94578,44.34834],[0.94109,44.34447],[0.93727,44.36856],[0.93365,44.373],[0.92566,44.37589],[0.91978,44.38439],[0.90456,44.38078],[0.89642,44.38186],[0.89512,44.37372],[0.88667,44.36536],[0.89364,44.35778],[0.89377,44.3535],[0.8908,44.3534],[0.89562,44.34626],[0.89422,44.3421],[0.88699,44.33584],[0.88952,44.33246],[0.88214,44.33182],[0.88312,44.32871],[0.87306,44.32379],[0.87455,44.31718],[0.86927,44.30917],[0.87191,44.31064],[0.87245,44.30868],[0.88471,44.30765],[0.88955,44.29998],[0.89498,44.29694],[0.90051,44.30021],[0.9052,44.29938],[0.91635,44.30234],[0.92632,44.28639],[0.93313,44.28589],[0.93666,44.28174],[0.94054,44.2821],[0.94444,44.27707],[0.94234,44.27481],[0.95002,44.27667],[0.9509,44.2751],[0.94687,44.268],[0.94022,44.26345],[0.92783,44.26729],[0.92738,44.26221],[0.93343,44.25704],[0.93262,44.24859],[0.92491,44.24711],[0.9188,44.23819],[0.92655,44.23419],[0.9304,44.23495],[0.92924,44.23036],[0.9145,44.20674],[0.90589,44.19851],[0.90624,44.19035],[0.86185,44.19356],[0.85426,44.1861],[0.85291,44.17497],[0.86521,44.17359],[0.86523,44.17089],[0.87123,44.16775],[0.88303,44.17548],[0.88908,44.17199],[0.88979,44.16684],[0.88474,44.16059],[0.89007,44.1537],[0.88831,44.14732],[0.89421,44.14383],[0.89422,44.13797],[0.88661,44.13891],[0.88307,44.14233],[0.87802,44.13658],[0.88252,44.13251],[0.87753,44.12886],[0.87025,44.12855],[0.86716,44.12632],[0.85708,44.12754],[0.8569,44.1305],[0.84014,44.13451],[0.81932,44.14384],[0.78828,44.14437],[0.79743,44.13048],[0.79289,44.11862],[0.79865,44.11059],[0.78875,44.11402],[0.78667,44.11226],[0.77846,44.11315],[0.77499,44.11686],[0.76818,44.11048],[0.76635,44.11183],[0.76384,44.10852],[0.75599,44.10692],[0.75342,44.09929],[0.74789,44.09691],[0.74867,44.08704],[0.7383,44.07562],[0.7378,44.07067],[0.74211,44.06467],[0.73956,44.0615],[0.72828,44.06172],[0.71678,44.05735],[0.7077,44.0584],[0.70062,44.05356],[0.69647,44.04482],[0.68585,44.04624],[0.67916,44.03593],[0.67738,44.02742],[0.66339,44.02409],[0.65212,44.03309],[0.65547,44.03692],[0.65324,44.03723],[0.65398,44.0426],[0.64982,44.04455],[0.644,44.04375],[0.63761,44.04846],[0.63879,44.04969],[0.63169,44.04955],[0.63045,44.05618],[0.62516,44.06257],[0.6151,44.06828],[0.60716,44.06926],[0.60519,44.07286],[0.59913,44.0748],[0.60131,44.07807],[0.59189,44.08001],[0.59088,44.07692],[0.57571,44.0759],[0.57833,44.07311],[0.57079,44.06502],[0.56865,44.06566],[0.56634,44.05998],[0.55851,44.05818],[0.55538,44.05469],[0.54441,44.05652],[0.53853,44.05293],[0.53249,44.05744],[0.52022,44.0576],[0.51157,44.06341],[0.50462,44.05071],[0.5023,44.05729],[0.48862,44.0563],[0.48556,44.0592],[0.48406,44.05271],[0.45964,44.05553],[0.44487,44.03906],[0.44255,44.02871],[0.43315,44.02933],[0.4247,44.02618],[0.41676,44.02924],[0.41115,44.02071],[0.39704,44.02239],[0.39712,44.01994],[0.3911,44.0198],[0.39115,44.01677],[0.38137,44.00641],[0.37142,44.00809],[0.365,44.01492],[0.35824,44.01696],[0.35323,44.01569],[0.35409,44.013],[0.34445,44.01283],[0.32714,44.00715],[0.3162,44.01],[0.3139,44.0085],[0.31987,43.9985],[0.31801,43.99484],[0.30747,43.99493],[0.30286,43.99097],[0.28008,43.99865],[0.27347,43.99803],[0.26939,44.0042],[0.26323,44.00431],[0.25784,44.00752],[0.25579,44.00803],[0.25347,44.00289],[0.23293,44.00908],[0.22977,44.01123],[0.23523,44.01761],[0.23337,44.02257],[0.22515,44.019],[0.21418,44.02305],[0.21165,44.01962],[0.20589,44.02111],[0.20344,44.01256],[0.19773,44.01589],[0.19501,44.01363],[0.19007,44.01501],[0.1836,44.00846],[0.18051,44.00041],[0.17521,44.00141],[0.17407,43.99888],[0.16464,43.99533],[0.16607,43.98099],[0.1633,43.97583],[0.15675,43.97257],[0.13856,43.97467],[0.14188,43.9945],[0.12729,44.00229],[0.12672,43.99647],[0.11985,43.99567],[0.11717,43.98792],[0.10537,43.98441],[0.08831,43.9856],[0.08018,43.98116],[0.074,43.98227],[0.07515,43.97858],[0.06651,43.97325],[0.06849,43.96561],[0.06119,43.96518],[0.06119,43.96261],[0.05603,43.9614],[0.05678,43.95068],[0.06302,43.94591],[0.06353,43.94065],[0.06883,43.93906],[0.07223,43.92099],[0.07643,43.91527],[0.07237,43.91445],[0.06956,43.90424],[0.06062,43.90116],[0.05857,43.89677],[0.04167,43.90398],[0.03449,43.89996],[0.03093,43.90049],[0.01765,43.91168],[0.00411,43.91652],[-0.00605,43.92356],[-0.01532,43.92407],[-0.0186,43.92823],[-0.02394,43.92983],[-0.0106,43.93498],[-0.00757,43.93946],[0.00551,43.9435],[0.00666,43.95384],[0.00295,43.95904],[-0.03616,43.98374],[-0.04411,43.96279],[-0.0467,43.96089],[-0.05944,43.961],[-0.06821,43.95236],[-0.07022,43.94497],[-0.0806,43.94267],[-0.08888,43.94916],[-0.09355,43.94836],[-0.09869,43.94242],[-0.09926,43.93498],[-0.09386,43.93324],[-0.096,43.92908],[-0.10276,43.92712],[-0.10742,43.92856],[-0.10758,43.93264],[-0.12487,43.94436],[-0.1353,43.93613],[-0.15298,43.93984],[-0.15372,43.93241],[-0.16068,43.93129],[-0.15934,43.9284],[-0.16417,43.9274],[-0.17909,43.937],[-0.18073,43.93056],[-0.19252,43.92643],[-0.19172,43.92405],[-0.20412,43.91263],[-0.21088,43.9115],[-0.21784,43.90707],[-0.22392,43.91441],[-0.22901,43.91149],[-0.23337,43.89916],[-0.2403,43.89795],[-0.23466,43.89553],[-0.23857,43.89391],[-0.23401,43.89099],[-0.22527,43.8901],[-0.22082,43.89336],[-0.21091,43.88478],[-0.20297,43.88467],[-0.20304,43.88607],[-0.19042,43.88057],[-0.19209,43.87667],[-0.18568,43.86692],[-0.18679,43.86197],[-0.19201,43.87043],[-0.19698,43.87108],[-0.19846,43.86749],[-0.19569,43.86534],[-0.20874,43.8576],[-0.19485,43.84437],[-0.1881,43.83246],[-0.19095,43.83037],[-0.19745,43.83086],[-0.19831,43.82867],[-0.19565,43.81932],[-0.19195,43.81778],[-0.19174,43.81036],[-0.20075,43.8067],[-0.20232,43.80878],[-0.2125,43.80922],[-0.21585,43.81258],[-0.21733,43.80997],[-0.22715,43.80861],[-0.22347,43.80064],[-0.21749,43.7984],[-0.22279,43.78902],[-0.21264,43.77892],[-0.21689,43.76997],[-0.2117,43.76809],[-0.21032,43.76149],[-0.20643,43.75925],[-0.20722,43.75623],[-0.21813,43.75378],[-0.21806,43.74969],[-0.19728,43.74754],[-0.19397,43.73695],[-0.20099,43.73396],[-0.20349,43.72895],[-0.21583,43.72159],[-0.22992,43.71452],[-0.24303,43.71251],[-0.25049,43.70796],[-0.24541,43.70491],[-0.24332,43.70192],[-0.24532,43.69916],[-0.24076,43.6975],[-0.23865,43.69307],[-0.24483,43.68747],[-0.24697,43.68916],[-0.25114,43.68411],[-0.25682,43.68319],[-0.2581,43.67373],[-0.23974,43.67123],[-0.24446,43.6652],[-0.24517,43.65837],[-0.2424,43.65513],[-0.26292,43.65307],[-0.26365,43.63596],[-0.28212,43.64294],[-0.27982,43.61833],[-0.27765,43.61596],[-0.2472,43.61584],[-0.24799,43.60556],[-0.25446,43.59708],[-0.24809,43.59681],[-0.24746,43.59025],[-0.24296,43.58853],[-0.24208,43.58334],[-0.23361,43.58407],[-0.23297,43.58849],[-0.22927,43.59021],[-0.21081,43.59317],[-0.20426,43.58379],[-0.19056,43.58783],[-0.17656,43.59684],[-0.16091,43.58055],[-0.15106,43.58568],[-0.13923,43.58259],[-0.13994,43.57975],[-0.1288,43.58121],[-0.12823,43.58312],[-0.12156,43.58399],[-0.12154,43.58687],[-0.10837,43.58171],[-0.09705,43.5822],[-0.09603,43.57488],[-0.09161,43.5705],[-0.0933,43.56366],[-0.0888,43.55721],[-0.09467,43.54755],[-0.09371,43.54303],[-0.0871,43.54233],[-0.08061,43.54687],[-0.06559,43.54811],[-0.0638,43.54314],[-0.06762,43.54143],[-0.06068,43.54212],[-0.05617,43.53303],[-0.04873,43.52976],[-0.04832,43.52612],[-0.04392,43.52356],[-0.04418,43.51626],[-0.04,43.51257],[-0.04974,43.4919],[-0.03406,43.48836],[-0.03473,43.47476],[-0.01738,43.47214],[-0.01916,43.46515],[-0.0304,43.46675],[-0.04096,43.46427],[-0.05839,43.46467],[-0.06131,43.46214],[-0.065,43.46359],[-0.06608,43.46025],[-0.06146,43.45318],[-0.06682,43.4437],[-0.0656,43.44123],[-0.07076,43.43538],[-0.05815,43.42794],[-0.05696,43.42386],[-0.05051,43.41925],[-0.06225,43.4177],[-0.06714,43.4104],[-0.05287,43.41194],[-0.04419,43.4095],[-0.04116,43.41566],[-0.03836,43.41577],[-0.03236,43.43365],[-0.02484,43.43001],[-0.01645,43.44392],[-0.00088,43.44511],[-0.0047,43.43154],[0.00965,43.4222],[-0.00409,43.39818],[-0.00039,43.39624],[-0.00429,43.39337],[0.00194,43.39564],[0.00518,43.39419],[-0.00204,43.38714],[0.00102,43.3837],[-0.0059,43.37319],[0.00152,43.36913],[0.00576,43.37105],[0.00871,43.36704],[0.00551,43.36333],[0.01209,43.36],[0.02143,43.34972],[0.02979,43.34611],[0.01003,43.32525],[-0.00195,43.33201],[-0.02556,43.32979],[-0.03338,43.3104],[-0.03935,43.30501],[-0.04496,43.30378],[-0.04447,43.28574],[-0.03599,43.28187],[-0.02455,43.28013],[-0.02768,43.27605],[-0.01765,43.27465],[-0.01686,43.27166],[-0.02572,43.26136],[-0.02448,43.25411],[-0.04575,43.23296],[-0.04548,43.2262],[-0.04977,43.21733],[-0.07206,43.22473],[-0.07411,43.22247],[-0.07158,43.21945],[-0.07273,43.20755],[-0.06876,43.19695],[-0.07142,43.19238],[-0.06827,43.17727],[-0.0949,43.17729],[-0.09807,43.16673],[-0.10599,43.16656],[-0.11137,43.17936],[-0.11772,43.18027],[-0.12695,43.16513],[-0.12612,43.158],[-0.13853,43.14921],[-0.13885,43.14349],[-0.14222,43.1438],[-0.14107,43.13613],[-0.14609,43.12808],[-0.14774,43.12912],[-0.15694,43.12252],[-0.16619,43.1221],[-0.17534,43.11017],[-0.1849,43.11426],[-0.19404,43.11511],[-0.19094,43.11109],[-0.1919,43.10479],[-0.19827,43.10172],[-0.19774,43.09847],[-0.19541,43.09513],[-0.18665,43.09209],[-0.1862,43.08419],[-0.19686,43.07265],[-0.19891,43.06444],[-0.19194,43.05675],[-0.18566,43.05679],[-0.18196,43.05253],[-0.18995,43.05224],[-0.20005,43.04281],[-0.21027,43.04153],[-0.21424,43.03621],[-0.22392,43.03371],[-0.23855,43.03984],[-0.26066,43.03862],[-0.261,43.03308],[-0.25542,43.02631],[-0.25945,43.01375],[-0.26683,43.00842],[-0.28758,43.00551],[-0.29321,42.99252],[-0.29134,42.97607],[-0.2872,42.96701],[-0.29094,42.96083],[-0.28358,42.95617],[-0.27928,42.94235],[-0.28159,42.93356],[-0.28656,42.92939],[-0.29778,42.93097],[-0.30801,42.92646],[-0.31254,42.91815],[-0.32688,42.91687],[-0.32529,42.90439],[-0.31625,42.89659],[-0.31587,42.88223],[-0.30707,42.86997],[-0.31325,42.8494]],[[1.9807,42.49504],[1.98963,42.49369],[1.99842,42.48532],[1.99274,42.48433],[1.9863,42.47546],[1.99183,42.46261],[2.01053,42.4559],[2.01439,42.45179],[2.01278,42.44836],[1.98392,42.44674],[1.9599,42.45328],[1.95656,42.45794],[1.96308,42.47871],[1.97055,42.48053],[1.97207,42.48452],[1.97812,42.48597],[1.9771,42.49067],[1.9807,42.49504]]],[[[4.1277,43.51632],[4.12681,43.51445],[4.13232,43.51279],[4.13017,43.51752],[4.1277,43.51632]]],[[[3.49946,43.27892],[3.50487,43.2762],[3.50706,43.27814],[3.50566,43.2802],[3.49946,43.27892]]],[[[3.70076,43.39305],[3.72865,43.39859],[3.70771,43.3959],[3.70076,43.39305]]],[[[-0.07534,43.30716],[-0.06894,43.31264],[-0.07065,43.31738],[-0.06475,43.33331],[-0.06333,43.35139],[-0.06504,43.35495],[-0.06969,43.3549],[-0.07202,43.36128],[-0.08273,43.36653],[-0.0817,43.37118],[-0.09301,43.37406],[-0.10035,43.37362],[-0.10735,43.37096],[-0.10605,43.36172],[-0.10312,43.35874],[-0.09416,43.35762],[-0.09024,43.35922],[-0.09137,43.3521],[-0.08754,43.35088],[-0.08666,43.33522],[-0.09271,43.33306],[-0.10061,43.33679],[-0.11012,43.3377],[-0.1159,43.33074],[-0.11483,43.32131],[-0.1105,43.31239],[-0.09789,43.31376],[-0.09295,43.31015],[-0.07534,43.30716]]],[[[-0.0848,43.2772],[-0.09605,43.28552],[-0.08914,43.30118],[-0.09224,43.30068],[-0.11003,43.30997],[-0.11768,43.30772],[-0.1265,43.29916],[-0.12521,43.29464],[-0.12967,43.28964],[-0.13745,43.2856],[-0.13563,43.28201],[-0.13864,43.28042],[-0.14054,43.27178],[-0.1361,43.26148],[-0.12629,43.25301],[-0.12166,43.24107],[-0.1032,43.24296],[-0.10408,43.24982],[-0.09441,43.25533],[-0.09277,43.252],[-0.08457,43.2577],[-0.07982,43.26308],[-0.07944,43.27169],[-0.0848,43.2772]]]]},"properties":{"code":"76","nom":"Occitanie"}},
{"type":"Feature","geometry":{"type":"Polygon","coordinates":[[[6.06386,46.41639],[6.06015,46.41791],[6.05567,46.4158],[6.03586,46.39172],[6.01949,46.3822],[6.01473,46.37643],[5.98407,46.36388],[5.9798,46.35418],[5.96004,46.33462],[5.9414,46.30876],[5.92604,46.31381],[5.92177,46.31244],[5.9172,46.30764],[5.92016,46.30686],[5.91619,46.29291],[5.90913,46.28384],[5.89462,46.28664],[5.87942,46.27],[5.86949,46.26486],[5.86353,46.2713],[5.8529,46.26142],[5.84523,46.26302],[5.82625,46.2618],[5.76799,46.2682],[5.74427,46.26683],[5.72518,46.26069],[5.71946,46.26436],[5.72064,46.26915],[5.71449,46.28091],[5.71929,46.29346],[5.71462,46.30899],[5.68817,46.31015],[5.68453,46.311],[5.68371,46.31685],[5.675,46.31904],[5.66938,46.3238],[5.65272,46.32325],[5.64373,46.32518],[5.6499,46.33415],[5.64975,46.3403],[5.64337,46.34485],[5.63052,46.3302],[5.61578,46.32874],[5.6117,46.3255],[5.60708,46.31069],[5.60224,46.30763],[5.59681,46.29663],[5.58704,46.29253],[5.56592,46.29409],[5.55875,46.28303],[5.54173,46.26979],[5.51953,46.26432],[5.50841,46.26443],[5.50255,46.27109],[5.49959,46.2682],[5.48797,46.26816],[5.47385,46.26428],[5.46801,46.2689],[5.46918,46.27107],[5.46181,46.27163],[5.46183,46.27429],[5.45697,46.27555],[5.45891,46.29071],[5.46257,46.28944],[5.46595,46.29182],[5.4753,46.31538],[5.4689,46.317],[5.46692,46.32327],[5.4595,46.3234],[5.45707,46.31706],[5.4443,46.31871],[5.43715,46.31513],[5.42366,46.34768],[5.41726,46.34531],[5.41023,46.30911],[5.40483,46.31014],[5.40198,46.33904],[5.37946,46.34633],[5.37352,46.35219],[5.37718,46.36402],[5.36959,46.36661],[5.36972,46.36883],[5.36272,46.36944],[5.37786,46.38218],[5.37162,46.38279],[5.37076,46.38671],[5.3635,46.38887],[5.3629,46.39204],[5.35233,46.39305],[5.35124,46.39837],[5.33916,46.40207],[5.33479,46.39762],[5.33175,46.39803],[5.33092,46.40139],[5.32144,46.40405],[5.31465,46.40951],[5.29878,46.41308],[5.2989,46.41581],[5.30267,46.41692],[5.30746,46.41475],[5.31436,46.41639],[5.3075,46.4169],[5.30901,46.42454],[5.32456,46.42848],[5.31801,46.43263],[5.3145,46.44562],[5.31063,46.44694],[5.30665,46.44544],[5.29207,46.44995],[5.28378,46.44558],[5.26504,46.45136],[5.25838,46.44995],[5.25434,46.45603],[5.248,46.45915],[5.24182,46.46124],[5.23505,46.45789],[5.22501,46.46866],[5.21461,46.46866],[5.21638,46.47453],[5.20991,46.47897],[5.21447,46.48187],[5.21339,46.4847],[5.20608,46.48648],[5.21025,46.49291],[5.20609,46.4934],[5.20022,46.5012],[5.19918,46.50312],[5.20359,46.50482],[5.20157,46.50825],[5.18256,46.50946],[5.17267,46.51337],[5.1675,46.51911],[5.16646,46.50307],[5.15649,46.50749],[5.14655,46.50695],[5.13571,46.5094],[5.13674,46.5035],[5.11593,46.49601],[5.11464,46.49279],[5.10743,46.49186],[5.0957,46.49925],[5.0887,46.49569],[5.08703,46.49194],[5.0762,46.48877],[5.07639,46.48604],[5.05637,46.48374],[5.04054,46.49146],[5.02872,46.49177],[5.02614,46.4959],[5.0144,46.50036],[5.00938,46.50703],[5.01041,46.51121],[5.00458,46.50996],[4.98299,46.51556],[4.96249,46.51224],[4.97025,46.50894],[4.97081,46.5063],[4.96679,46.50539],[4.96355,46.50804],[4.95951,46.5078],[4.95033,46.50048],[4.94397,46.50532],[4.94394,46.51025],[4.95461,46.51239],[4.943,46.51495],[4.94149,46.51983],[4.94193,46.51211],[4.9357,46.51433],[4.93348,46.51248],[4.92551,46.49703],[4.91548,46.48883],[4.91555,46.46666],[4.91223,46.45917],[4.89634,46.44804],[4.89186,46.4414],[4.88847,46.40331],[4.85179,46.35641],[4.85265,46.32815],[4.83313,46.2998],[4.82578,46.27448],[4.81156,46.26116],[4.80811,46.23738],[4.79539,46.22007],[4.79304,46.20157],[4.78039,46.1896],[4.78045,46.17691],[4.76122,46.17625],[4.75863,46.17205],[4.72707,46.18004],[4.72956,46.18263],[4.72452,46.18422],[4.72527,46.18862],[4.72016,46.19414],[4.72072,46.20087],[4.7263,46.20831],[4.73439,46.20645],[4.73576,46.21189],[4.72909,46.2141],[4.73122,46.21893],[4.72052,46.22165],[4.72246,46.22604],[4.71922,46.22765],[4.72107,46.22962],[4.73244,46.22667],[4.73686,46.23251],[4.7244,46.24194],[4.72172,46.24054],[4.72006,46.24533],[4.71765,46.24407],[4.70526,46.2511],[4.70332,46.24996],[4.69831,46.25294],[4.69327,46.24836],[4.68826,46.24931],[4.68869,46.25432],[4.68378,46.25343],[4.67925,46.25872],[4.6799,46.26785],[4.68723,46.26555],[4.69249,46.27145],[4.70074,46.26744],[4.70424,46.27113],[4.70771,46.26971],[4.71013,46.27839],[4.70748,46.28478],[4.70457,46.28292],[4.69808,46.29141],[4.69477,46.29203],[4.69351,46.30245],[4.68476,46.30231],[4.67896,46.30634],[4.6761,46.30402],[4.67808,46.3005],[4.66399,46.2952],[4.65297,46.30419],[4.63526,46.30019],[4.63607,46.29025],[4.62692,46.28837],[4.61625,46.2823],[4.62165,46.27345],[4.61833,46.26495],[4.61305,46.26723],[4.58276,46.26963],[4.58298,46.27136],[4.57263,46.27608],[4.56988,46.29332],[4.56023,46.2952],[4.553,46.29041],[4.55328,46.2856],[4.54772,46.28515],[4.54636,46.27413],[4.53736,46.26998],[4.52124,46.27079],[4.50397,46.26724],[4.48869,46.288],[4.47601,46.28423],[4.45889,46.29694],[4.4399,46.29313],[4.43819,46.29804],[4.42717,46.30277],[4.42268,46.29495],[4.40608,46.29619],[4.40753,46.29262],[4.39723,46.28296],[4.39695,46.26686],[4.38928,46.25799],[4.39264,46.25136],[4.38542,46.24682],[4.39257,46.23552],[4.38677,46.23302],[4.38942,46.21305],[4.37508,46.2112],[4.37362,46.2046],[4.36277,46.19995],[4.36272,46.19479],[4.36848,46.19402],[4.37416,46.18687],[4.37072,46.18435],[4.36616,46.18591],[4.36096,46.18176],[4.34982,46.18722],[4.34208,46.18611],[4.33649,46.18104],[4.32675,46.185],[4.32735,46.18217],[4.3153,46.17064],[4.30573,46.17468],[4.29231,46.17248],[4.28899,46.17006],[4.28739,46.16065],[4.28104,46.15607],[4.24995,46.15814],[4.24866,46.16714],[4.25286,46.16697],[4.257,46.17276],[4.26352,46.17536],[4.25471,46.1881],[4.25194,46.18663],[4.24228,46.18879],[4.23658,46.18155],[4.2249,46.17775],[4.2079,46.19483],[4.18805,46.18841],[4.18498,46.19001],[4.18305,46.18604],[4.187,46.17457],[4.16609,46.17293],[4.13324,46.17734],[4.13329,46.18058],[4.12496,46.18352],[4.10383,46.19855],[4.0946,46.19282],[4.07545,46.19051],[4.06882,46.18637],[4.06018,46.18853],[4.05153,46.1812],[4.0343,46.17407],[4.02937,46.16916],[4.0184,46.17238],[4.00269,46.17047],[3.9934,46.17309],[3.99013,46.16911],[3.98485,46.17234],[3.98319,46.1774],[3.97971,46.17817],[3.97814,46.18602],[3.97097,46.18914],[3.97271,46.20279],[3.96461,46.20179],[3.95741,46.20452],[3.93459,46.20633],[3.91799,46.20285],[3.91357,46.20692],[3.89904,46.20989],[3.89013,46.21449],[3.89855,46.22576],[3.89775,46.23927],[3.89892,46.24068],[3.90511,46.238],[3.90998,46.24784],[3.90554,46.25204],[3.9094,46.25773],[3.90507,46.27292],[3.89324,46.28036],[3.89124,46.28525],[3.89931,46.28906],[3.89723,46.2926],[3.91248,46.29657],[3.93105,46.29605],[3.94544,46.30073],[3.94936,46.31256],[3.94578,46.32124],[3.95899,46.319],[3.96905,46.32199],[3.97506,46.32114],[3.98402,46.31872],[3.98734,46.31484],[3.98991,46.31518],[3.98803,46.32156],[3.99741,46.32329],[4.0047,46.32756],[3.98914,46.3271],[3.98482,46.32968],[3.9916,46.36963],[3.98303,46.3806],[3.97728,46.39969],[3.98886,46.40971],[3.98408,46.41964],[3.99599,46.42617],[3.9883,46.43645],[3.9945,46.43979],[4.0004,46.43928],[4.00574,46.44309],[3.99735,46.45158],[4.00153,46.45866],[3.99932,46.46451],[3.97838,46.47453],[3.9748,46.4797],[3.95405,46.47726],[3.95209,46.48142],[3.95812,46.4906],[3.95548,46.49172],[3.93597,46.49093],[3.91865,46.4962],[3.90971,46.49527],[3.90135,46.49064],[3.89464,46.4808],[3.868,46.48827],[3.86025,46.49516],[3.86361,46.5129],[3.85827,46.51553],[3.84816,46.51282],[3.84092,46.5148],[3.84058,46.51922],[3.84646,46.52436],[3.83791,46.5317],[3.80513,46.51932],[3.79352,46.52773],[3.78067,46.52836],[3.77762,46.53618],[3.77227,46.5387],[3.75449,46.53613],[3.74189,46.53911],[3.73393,46.54607],[3.73195,46.55151],[3.74065,46.55905],[3.74295,46.56602],[3.73389,46.59513],[3.7375,46.60097],[3.73305,46.6047],[3.71972,46.60502],[3.71286,46.61023],[3.72437,46.62585],[3.70865,46.63607],[3.69696,46.66058],[3.66898,46.67351],[3.67291,46.6822],[3.65737,46.68541],[3.65002,46.70554],[3.63764,46.70748],[3.63644,46.72653],[3.62259,46.74013],[3.62959,46.74801],[3.62599,46.75269],[3.62078,46.7543],[3.6019,46.75137],[3.59787,46.75433],[3.59785,46.76215],[3.58853,46.76134],[3.58484,46.75404],[3.57565,46.74971],[3.58508,46.74411],[3.58486,46.73936],[3.5981,46.728],[3.59792,46.72435],[3.57718,46.71505],[3.57732,46.72277],[3.57154,46.72084],[3.57421,46.71624],[3.56886,46.71543],[3.55986,46.71664],[3.55753,46.72037],[3.5477,46.72261],[3.55032,46.71589],[3.5481,46.70623],[3.56095,46.68888],[3.54692,46.67821],[3.5397,46.67995],[3.53706,46.68666],[3.53025,46.6891],[3.51394,46.68359],[3.51664,46.68169],[3.511,46.68008],[3.51337,46.67743],[3.50365,46.67266],[3.49298,46.6622],[3.48622,46.66085],[3.48608,46.65257],[3.48171,46.65102],[3.47479,46.65416],[3.4569,46.65178],[3.4519,46.65845],[3.44208,46.662],[3.44711,46.66361],[3.44846,46.6685],[3.44551,46.6709],[3.45387,46.67428],[3.4518,46.67943],[3.45527,46.6825],[3.45312,46.69004],[3.4485,46.69037],[3.44597,46.69322],[3.4332,46.69343],[3.42837,46.70072],[3.43436,46.71241],[3.41854,46.71329],[3.4175,46.71044],[3.39008,46.71484],[3.37896,46.71248],[3.37542,46.69957],[3.36564,46.68972],[3.35883,46.68956],[3.34656,46.68455],[3.3136,46.68904],[3.31182,46.69499],[3.3015,46.70638],[3.30063,46.7165],[3.28598,46.71392],[3.26961,46.71673],[3.25958,46.70783],[3.2285,46.69644],[3.22773,46.69021],[3.22216,46.68518],[3.20705,46.68178],[3.20437,46.67886],[3.19808,46.67973],[3.17891,46.68866],[3.16612,46.69138],[3.12956,46.72743],[3.08621,46.73693],[3.06373,46.74756],[3.04888,46.75835],[3.03757,46.77285],[3.03593,46.78883],[3.03206,46.79491],[3.02504,46.79405],[3.0178,46.79985],[2.9922,46.79697],[2.98369,46.80266],[2.95961,46.80429],[2.95912,46.79919],[2.95355,46.79716],[2.95303,46.79103],[2.94709,46.79065],[2.94144,46.79512],[2.93996,46.79316],[2.93782,46.79571],[2.93153,46.79575],[2.91335,46.79103],[2.90828,46.78779],[2.91105,46.77953],[2.87617,46.76845],[2.87702,46.76147],[2.8612,46.75449],[2.84459,46.74227],[2.8454,46.72667],[2.83497,46.72792],[2.82752,46.73534],[2.80575,46.73304],[2.7922,46.73409],[2.78521,46.72718],[2.78564,46.72254],[2.77975,46.72203],[2.7737,46.71823],[2.77023,46.72345],[2.75852,46.71766],[2.75491,46.71925],[2.75663,46.72481],[2.74404,46.72895],[2.74182,46.73476],[2.7365,46.73807],[2.73973,46.74134],[2.73453,46.74622],[2.72885,46.74849],[2.71849,46.74175],[2.71513,46.74518],[2.70487,46.73943],[2.70539,46.73302],[2.7008,46.72818],[2.7069,46.72539],[2.70213,46.7182],[2.69611,46.72348],[2.69208,46.72254],[2.69155,46.71967],[2.68556,46.72263],[2.68621,46.71449],[2.67145,46.70884],[2.67782,46.70454],[2.67325,46.70179],[2.65795,46.69825],[2.6454,46.68735],[2.6445,46.69051],[2.6396,46.69154],[2.62325,46.68964],[2.62006,46.67971],[2.62512,46.67328],[2.63346,46.67558],[2.62826,46.65914],[2.62381,46.6567],[2.61717,46.66109],[2.60714,46.66061],[2.60632,46.6713],[2.59734,46.66474],[2.593,46.66646],[2.5742,46.66085],[2.56678,46.65356],[2.57004,46.65083],[2.593,46.64656],[2.59667,46.63794],[2.59172,46.62981],[2.58429,46.62577],[2.58832,46.61596],[2.56851,46.60914],[2.57776,46.60781],[2.58152,46.59322],[2.59213,46.59366],[2.59417,46.59719],[2.60404,46.59578],[2.60414,46.59404],[2.59642,46.5943],[2.60286,46.58814],[2.60174,46.58134],[2.60663,46.57828],[2.60505,46.57606],[2.60946,46.57014],[2.60805,46.56664],[2.60301,46.56451],[2.60561,46.56201],[2.6105,46.56217],[2.60918,46.55705],[2.61356,46.55648],[2.61489,46.55329],[2.58353,46.54276],[2.5725,46.53391],[2.55309,46.52944],[2.53665,46.5197],[2.52937,46.52327],[2.53076,46.52943],[2.52732,46.52805],[2.52024,46.53123],[2.51228,46.52802],[2.51244,46.52395],[2.50629,46.52141],[2.50467,46.52308],[2.49701,46.52139],[2.49693,46.53363],[2.48285,46.53267],[2.47014,46.52604],[2.45754,46.52516],[2.44606,46.52011],[2.4428,46.52087],[2.44172,46.52496],[2.42945,46.52643],[2.42073,46.52532],[2.41706,46.52067],[2.3683,46.51843],[2.35986,46.51587],[2.33859,46.50386],[2.32889,46.49549],[2.32864,46.49207],[2.32442,46.49053],[2.32473,46.48664],[2.32958,46.48312],[2.32798,46.47379],[2.32107,46.46877],[2.31675,46.46868],[2.30537,46.47546],[2.30076,46.47241],[2.29678,46.46345],[2.28333,46.44936],[2.28479,46.44037],[2.27679,46.42493],[2.28109,46.42047],[2.27851,46.41914],[2.27877,46.41379],[2.28205,46.41085],[2.27764,46.40984],[2.2839,46.39964],[2.28259,46.39203],[2.28745,46.38241],[2.29806,46.38411],[2.30407,46.37894],[2.31547,46.37521],[2.33136,46.37897],[2.33775,46.36439],[2.32314,46.36761],[2.31691,46.35838],[2.31091,46.35991],[2.31139,46.35555],[2.30278,46.35466],[2.30587,46.3506],[2.30885,46.35154],[2.30944,46.34866],[2.30788,46.34511],[2.30081,46.3437],[2.30194,46.34245],[2.31159,46.34183],[2.31237,46.33602],[2.31893,46.33409],[2.32075,46.32946],[2.33086,46.32876],[2.33064,46.32565],[2.33354,46.3264],[2.33588,46.3233],[2.34319,46.32629],[2.34817,46.32632],[2.3522,46.32362],[2.35468,46.32584],[2.36179,46.31942],[2.36204,46.3134],[2.36574,46.31101],[2.37685,46.3169],[2.37958,46.32761],[2.38587,46.33204],[2.39186,46.32999],[2.40867,46.31508],[2.42047,46.31013],[2.4211,46.30154],[2.41578,46.29992],[2.41422,46.29691],[2.4212,46.28462],[2.42746,46.28363],[2.43285,46.29476],[2.4362,46.29263],[2.44303,46.295],[2.46274,46.28816],[2.46981,46.28821],[2.47441,46.2821],[2.4807,46.28105],[2.47676,46.26985],[2.48952,46.24747],[2.50356,46.24692],[2.51019,46.23923],[2.51597,46.23957],[2.51681,46.23021],[2.51406,46.22514],[2.52047,46.21339],[2.52393,46.21215],[2.52007,46.20835],[2.5261,46.20732],[2.52177,46.20256],[2.52548,46.20063],[2.52868,46.19282],[2.52582,46.18768],[2.54071,46.17662],[2.55061,46.17727],[2.55935,46.174],[2.56061,46.15466],[2.56589,46.1549],[2.56298,46.14959],[2.5663,46.14315],[2.56309,46.14252],[2.56469,46.13931],[2.55873,46.13768],[2.56184,46.13245],[2.55835,46.13137],[2.55611,46.13343],[2.55745,46.12887],[2.55395,46.12709],[2.55842,46.12479],[2.5473,46.11283],[2.55219,46.10374],[2.55045,46.08576],[2.5572,46.06899],[2.56444,46.06465],[2.57039,46.04738],[2.58421,46.04339],[2.60256,46.03342],[2.59979,46.03021],[2.60248,46.01912],[2.59764,46.01566],[2.60056,46.01194],[2.59319,45.99933],[2.59318,45.99048],[2.60012,45.98236],[2.60792,45.9787],[2.61128,45.97199],[2.60824,45.96742],[2.60088,45.96423],[2.58809,45.9603],[2.58309,45.96191],[2.5632,45.95615],[2.56972,45.94738],[2.56083,45.94597],[2.55123,45.94123],[2.55344,45.93602],[2.54425,45.93241],[2.54507,45.92706],[2.54137,45.92059],[2.54335,45.91582],[2.55777,45.9128],[2.54887,45.9075],[2.54279,45.9067],[2.54116,45.90129],[2.53429,45.90127],[2.5266,45.89812],[2.52459,45.89452],[2.51463,45.89026],[2.51417,45.88558],[2.50215,45.88856],[2.50037,45.88472],[2.50328,45.87823],[2.49968,45.87241],[2.49167,45.86714],[2.49216,45.86416],[2.47899,45.8651],[2.47914,45.87061],[2.47034,45.87254],[2.46527,45.87135],[2.46559,45.86829],[2.46176,45.86688],[2.44316,45.86626],[2.44248,45.8575],[2.44945,45.85395],[2.44763,45.84581],[2.43594,45.84701],[2.4306,45.83418],[2.41587,45.83381],[2.40344,45.83866],[2.38807,45.82582],[2.40624,45.81326],[2.40663,45.80972],[2.41384,45.80739],[2.41219,45.8024],[2.42699,45.7945],[2.4256,45.79028],[2.43284,45.78606],[2.43509,45.76733],[2.44478,45.75819],[2.45047,45.75714],[2.45169,45.76137],[2.45492,45.76131],[2.45917,45.75743],[2.46816,45.75654],[2.4741,45.74575],[2.47703,45.74782],[2.48597,45.74772],[2.49467,45.73405],[2.49919,45.73284],[2.50547,45.72444],[2.50875,45.72436],[2.5152,45.71298],[2.52356,45.71125],[2.51898,45.7063],[2.51913,45.69741],[2.52369,45.69418],[2.52693,45.69487],[2.52333,45.68699],[2.52852,45.68191],[2.52043,45.67703],[2.51756,45.67838],[2.51261,45.6697],[2.51464,45.66407],[2.51989,45.66249],[2.51931,45.65897],[2.52452,45.65712],[2.52851,45.65905],[2.51755,45.64524],[2.52033,45.64093],[2.50297,45.63853],[2.49648,45.64101],[2.49277,45.63755],[2.48972,45.64236],[2.48407,45.63999],[2.47858,45.62063],[2.48032,45.61137],[2.46113,45.59638],[2.47569,45.58225],[2.47211,45.57896],[2.48153,45.57389],[2.48131,45.57116],[2.49127,45.56835],[2.49089,45.56051],[2.50105,45.55357],[2.5141,45.55438],[2.51711,45.55194],[2.51515,45.54924],[2.51897,45.54398],[2.51544,45.54255],[2.51499,45.5371],[2.5194,45.5318],[2.51142,45.52451],[2.51975,45.52255],[2.52046,45.5204],[2.50747,45.5039],[2.51437,45.49301],[2.50744,45.48239],[2.50972,45.47357],[2.50549,45.46916],[2.50727,45.46464],[2.49969,45.46091],[2.49907,45.45489],[2.50342,45.44882],[2.49559,45.4455],[2.49279,45.42439],[2.48753,45.41817],[2.49306,45.41372],[2.50244,45.41186],[2.5015,45.4098],[2.50527,45.41063],[2.51812,45.4019],[2.52222,45.40266],[2.52362,45.39945],[2.5211,45.39737],[2.52818,45.392],[2.52336,45.38148],[2.51758,45.38493],[2.50572,45.37817],[2.50076,45.38149],[2.49011,45.38025],[2.48059,45.37657],[2.48269,45.37301],[2.4802,45.36969],[2.47636,45.37046],[2.47491,45.3746],[2.47015,45.37396],[2.47507,45.38111],[2.45952,45.3855],[2.44443,45.38337],[2.43262,45.39301],[2.42547,45.39386],[2.42309,45.39703],[2.41442,45.39632],[2.39843,45.40001],[2.39514,45.40743],[2.38686,45.41212],[2.3681,45.41612],[2.35517,45.41507],[2.34937,45.41208],[2.35578,45.4004],[2.36386,45.3975],[2.36499,45.3907],[2.36945,45.38627],[2.36318,45.37856],[2.36758,45.36724],[2.36421,45.36174],[2.36488,45.3553],[2.36357,45.35356],[2.35807,45.35494],[2.35018,45.34637],[2.35929,45.33612],[2.35067,45.32769],[2.31687,45.3227],[2.28875,45.28706],[2.26942,45.2903],[2.26157,45.28356],[2.25896,45.27085],[2.24254,45.2656],[2.23754,45.25862],[2.24083,45.24801],[2.22621,45.24506],[2.22153,45.23784],[2.20286,45.22764],[2.20137,45.2224],[2.19501,45.22084],[2.18939,45.2225],[2.19659,45.21607],[2.18951,45.20398],[2.19138,45.20091],[2.19782,45.20032],[2.20012,45.19772],[2.20091,45.18069],[2.20756,45.17976],[2.21571,45.1727],[2.2192,45.17418],[2.22235,45.17022],[2.23197,45.1702],[2.23283,45.16534],[2.22788,45.16088],[2.20842,45.16032],[2.21214,45.15055],[2.20884,45.1439],[2.20169,45.13846],[2.19399,45.13466],[2.17908,45.1363],[2.18393,45.12048],[2.19035,45.11612],[2.18849,45.11324],[2.18054,45.1126],[2.17932,45.10751],[2.18211,45.10603],[2.17652,45.10232],[2.18043,45.09913],[2.18035,45.09517],[2.17409,45.08807],[2.17463,45.08201],[2.16615,45.08127],[2.16464,45.08501],[2.15614,45.08654],[2.14885,45.08302],[2.14081,45.08678],[2.13819,45.08136],[2.1309,45.08137],[2.12937,45.07739],[2.12015,45.07269],[2.11934,45.0689],[2.11318,45.07131],[2.10521,45.06727],[2.09725,45.05894],[2.10085,45.05627],[2.0952,45.05604],[2.09939,45.0478],[2.11079,45.04055],[2.11,45.03349],[2.11741,45.02079],[2.12298,45.01975],[2.1303,45.0105],[2.14092,45.00667],[2.13936,45.00361],[2.14194,45.00015],[2.13707,44.99501],[2.13784,44.99235],[2.13111,44.98426],[2.11351,44.98536],[2.1025,44.98027],[2.10018,44.98385],[2.09354,44.98582],[2.08577,44.98412],[2.07566,44.97814],[2.06288,44.97662],[2.06718,44.97343],[2.07057,44.96259],[2.08061,44.95401],[2.07646,44.93409],[2.08383,44.93223],[2.09498,44.92355],[2.10383,44.92],[2.10216,44.91628],[2.10806,44.91062],[2.10093,44.90571],[2.08583,44.90405],[2.08363,44.8863],[2.08967,44.88212],[2.09351,44.87237],[2.10209,44.8667],[2.1171,44.84836],[2.12823,44.84552],[2.1273,44.83865],[2.1351,44.82717],[2.16805,44.81069],[2.16485,44.80382],[2.17153,44.7904],[2.17159,44.7856],[2.16821,44.78289],[2.16979,44.77776],[2.16637,44.77706],[2.16699,44.77321],[2.16326,44.77102],[2.15914,44.77276],[2.14907,44.76971],[2.14732,44.7631],[2.15167,44.76017],[2.15003,44.75856],[2.15537,44.74894],[2.1515,44.74444],[2.15581,44.74303],[2.15044,44.74055],[2.15386,44.73695],[2.1511,44.72843],[2.14762,44.72629],[2.14684,44.72289],[2.14922,44.72219],[2.13156,44.70938],[2.13294,44.70364],[2.12998,44.69855],[2.13848,44.69306],[2.14762,44.69529],[2.15308,44.69986],[2.15963,44.69741],[2.16968,44.68249],[2.17926,44.67448],[2.16889,44.66448],[2.1617,44.66351],[2.16781,44.66088],[2.1746,44.65327],[2.16887,44.64766],[2.16872,44.63892],[2.17414,44.63443],[2.18056,44.63398],[2.18633,44.62861],[2.19411,44.62808],[2.19323,44.62504],[2.20779,44.61577],[2.2207,44.62209],[2.21575,44.62475],[2.21191,44.63137],[2.2129,44.6375],[2.20842,44.64384],[2.21587,44.65069],[2.23428,44.65549],[2.25091,44.652],[2.26402,44.66047],[2.27415,44.66082],[2.28518,44.6669],[2.29363,44.66714],[2.30544,44.66231],[2.32681,44.66993],[2.33664,44.66195],[2.33773,44.65659],[2.33419,44.65446],[2.33318,44.64871],[2.35429,44.6401],[2.36664,44.6415],[2.38027,44.65147],[2.38927,44.64862],[2.38825,44.64425],[2.40663,44.64715],[2.4166,44.6428],[2.42671,44.6439],[2.43363,44.63896],[2.4444,44.64388],[2.44849,44.64872],[2.46773,44.64286],[2.47099,44.65169],[2.47762,44.64914],[2.48391,44.65076],[2.48688,44.65631],[2.49099,44.65804],[2.48763,44.66874],[2.50031,44.69047],[2.51105,44.69576],[2.51414,44.69309],[2.51968,44.70067],[2.51799,44.70419],[2.52376,44.70505],[2.53203,44.71098],[2.54089,44.71175],[2.55008,44.71959],[2.56047,44.72051],[2.55785,44.72529],[2.5608,44.72712],[2.55707,44.72856],[2.55951,44.73149],[2.55364,44.72525],[2.54434,44.72526],[2.55215,44.73313],[2.55592,44.73354],[2.55072,44.7363],[2.55444,44.7391],[2.55137,44.74202],[2.55472,44.74482],[2.54997,44.74833],[2.55333,44.74938],[2.54994,44.75496],[2.56131,44.75873],[2.55993,44.76218],[2.56478,44.77233],[2.56228,44.77767],[2.57413,44.78513],[2.58653,44.7839],[2.60035,44.79346],[2.59894,44.80201],[2.60181,44.80819],[2.59676,44.81978],[2.61001,44.82594],[2.61148,44.83105],[2.60268,44.84316],[2.61163,44.84769],[2.61538,44.85272],[2.61864,44.85197],[2.61754,44.85652],[2.62898,44.87247],[2.65416,44.86982],[2.65872,44.87664],[2.65775,44.88635],[2.66477,44.88974],[2.67616,44.90387],[2.68015,44.90426],[2.68187,44.90735],[2.68343,44.90496],[2.68736,44.9058],[2.69031,44.90215],[2.70828,44.90834],[2.71107,44.91918],[2.71558,44.92388],[2.71359,44.92713],[2.7162,44.92906],[2.72377,44.92455],[2.72905,44.93699],[2.73424,44.93755],[2.7384,44.94144],[2.74312,44.93659],[2.74228,44.92891],[2.7499,44.93401],[2.75607,44.93265],[2.76032,44.93006],[2.76196,44.92463],[2.77185,44.91802],[2.77549,44.91128],[2.77195,44.89848],[2.77841,44.88751],[2.77395,44.88024],[2.77074,44.87992],[2.76878,44.87436],[2.77089,44.87105],[2.76722,44.86571],[2.77283,44.85534],[2.7769,44.85806],[2.78074,44.85706],[2.78622,44.86457],[2.79875,44.86904],[2.80316,44.87412],[2.80874,44.87374],[2.81359,44.86925],[2.81898,44.87165],[2.84852,44.87153],[2.85697,44.8753],[2.85975,44.87442],[2.86139,44.86793],[2.85644,44.86558],[2.8546,44.85072],[2.85677,44.84881],[2.86082,44.85078],[2.86186,44.84796],[2.86575,44.84709],[2.86414,44.84272],[2.85945,44.84227],[2.85962,44.83924],[2.8704,44.82942],[2.87213,44.81841],[2.88139,44.80016],[2.88865,44.79234],[2.88765,44.78917],[2.90511,44.7839],[2.91156,44.79057],[2.92019,44.79431],[2.93735,44.77514],[2.93444,44.77169],[2.93565,44.76696],[2.93073,44.76176],[2.91652,44.76736],[2.91163,44.76173],[2.92037,44.75416],[2.92704,44.75771],[2.93358,44.74995],[2.93494,44.74486],[2.9322,44.73818],[2.92334,44.72762],[2.93509,44.705],[2.93282,44.69675],[2.94447,44.68417],[2.93846,44.68239],[2.93837,44.67849],[2.94827,44.67428],[2.95502,44.66688],[2.95485,44.66099],[2.96318,44.65868],[2.96187,44.65455],[2.97328,44.64536],[2.98168,44.64467],[2.98494,44.65037],[2.98174,44.652],[2.9839,44.65686],[2.99778,44.67271],[3.00244,44.68504],[3.00089,44.68792],[3.00854,44.69414],[3.00757,44.6968],[3.01354,44.70355],[3.0124,44.70921],[3.01663,44.71436],[3.02308,44.7133],[3.02631,44.71694],[3.0391,44.71515],[3.03435,44.72922],[3.02691,44.72957],[3.03064,44.73601],[3.03094,44.74912],[3.03501,44.75148],[3.03726,44.7577],[3.04931,44.7631],[3.04263,44.77233],[3.04974,44.77858],[3.05167,44.78511],[3.04848,44.7883],[3.04649,44.8016],[3.0565,44.8095],[3.06386,44.82013],[3.0773,44.82459],[3.07421,44.8259],[3.07234,44.83761],[3.08585,44.83324],[3.09901,44.83303],[3.09772,44.84306],[3.10028,44.84391],[3.09675,44.84663],[3.09913,44.84952],[3.09494,44.85071],[3.09327,44.85487],[3.10193,44.8612],[3.10331,44.86535],[3.10978,44.86721],[3.10249,44.87103],[3.10689,44.87772],[3.10356,44.88684],[3.11155,44.88793],[3.11506,44.89428],[3.11712,44.89436],[3.11762,44.89003],[3.12336,44.88944],[3.12174,44.89589],[3.12815,44.90365],[3.14222,44.90297],[3.16414,44.8796],[3.16358,44.87414],[3.17344,44.87271],[3.18245,44.86362],[3.18903,44.86163],[3.19366,44.866],[3.19232,44.86954],[3.19941,44.87488],[3.21562,44.8744],[3.22784,44.88591],[3.23819,44.88676],[3.2272,44.89691],[3.22905,44.90584],[3.22668,44.90977],[3.24392,44.91612],[3.2499,44.91626],[3.24417,44.92711],[3.24835,44.92906],[3.24168,44.93537],[3.24988,44.93436],[3.24857,44.93935],[3.26744,44.94257],[3.26237,44.93642],[3.2628,44.93178],[3.27261,44.92711],[3.28563,44.92631],[3.29993,44.93955],[3.30757,44.94102],[3.31183,44.93782],[3.31645,44.94053],[3.31542,44.94403],[3.33794,44.95591],[3.35464,44.95486],[3.36135,44.97141],[3.37273,44.97575],[3.37028,44.97031],[3.37611,44.96468],[3.37248,44.96353],[3.37157,44.96036],[3.38915,44.9513],[3.397,44.95864],[3.40444,44.95713],[3.41534,44.94147],[3.41269,44.93881],[3.41606,44.92795],[3.41393,44.91987],[3.41067,44.91766],[3.41938,44.90837],[3.41697,44.90627],[3.41954,44.90506],[3.41804,44.9009],[3.42072,44.89485],[3.43596,44.88022],[3.44185,44.85422],[3.45562,44.8443],[3.45872,44.83936],[3.45616,44.82906],[3.46478,44.82799],[3.4785,44.80977],[3.48254,44.80779],[3.48713,44.80644],[3.4913,44.80822],[3.49424,44.81482],[3.50606,44.82407],[3.53712,44.82827],[3.56169,44.8249],[3.56032,44.83282],[3.57066,44.83577],[3.57472,44.8348],[3.57886,44.82556],[3.58958,44.82656],[3.58922,44.83323],[3.58532,44.83755],[3.5946,44.84121],[3.59171,44.8471],[3.59919,44.8598],[3.59438,44.86756],[3.59353,44.87663],[3.60825,44.8791],[3.61462,44.87429],[3.62259,44.87592],[3.62293,44.87815],[3.63017,44.88095],[3.62957,44.87787],[3.64399,44.87812],[3.65024,44.87402],[3.65274,44.87611],[3.65996,44.87111],[3.66681,44.85744],[3.67275,44.8566],[3.67205,44.84328],[3.65764,44.83606],[3.66319,44.82982],[3.68449,44.82933],[3.68898,44.83208],[3.6966,44.83079],[3.69929,44.8336],[3.69728,44.83614],[3.69965,44.83668],[3.71066,44.8365],[3.71479,44.83237],[3.72234,44.83088],[3.72831,44.83388],[3.73463,44.83294],[3.73699,44.83611],[3.73546,44.84005],[3.74301,44.83879],[3.74641,44.82985],[3.75197,44.82775],[3.75013,44.82281],[3.76155,44.81347],[3.76291,44.80981],[3.75874,44.8069],[3.76124,44.80164],[3.76425,44.8005],[3.77006,44.80389],[3.77385,44.80058],[3.7716,44.79685],[3.77888,44.79848],[3.77938,44.79593],[3.78715,44.79385],[3.79851,44.78619],[3.80313,44.78158],[3.80299,44.77079],[3.80875,44.76546],[3.8119,44.76589],[3.81229,44.76905],[3.81613,44.76849],[3.81755,44.77199],[3.83321,44.77671],[3.8431,44.76971],[3.83702,44.75998],[3.82982,44.75479],[3.83627,44.75107],[3.83521,44.74831],[3.84772,44.74533],[3.85523,44.74645],[3.87554,44.74059],[3.87804,44.73245],[3.87083,44.72822],[3.8667,44.72841],[3.86168,44.71911],[3.86427,44.71818],[3.86146,44.71089],[3.87185,44.70808],[3.87221,44.70588],[3.86703,44.70299],[3.8695,44.69717],[3.88408,44.6975],[3.8838,44.6923],[3.87668,44.68903],[3.87639,44.68506],[3.86934,44.67841],[3.87222,44.67512],[3.87808,44.67473],[3.87822,44.6677],[3.88366,44.665],[3.88327,44.65732],[3.89091,44.65637],[3.89784,44.64406],[3.89339,44.64106],[3.89578,44.63801],[3.8926,44.62765],[3.89364,44.61354],[3.9062,44.61155],[3.90801,44.60643],[3.90354,44.59733],[3.90582,44.5924],[3.91825,44.58844],[3.91914,44.58519],[3.91554,44.58255],[3.92345,44.57177],[3.92964,44.56875],[3.93631,44.57383],[3.9455,44.57363],[3.95507,44.56668],[3.96612,44.53579],[3.96915,44.53426],[3.97115,44.52678],[3.97896,44.52292],[3.97679,44.517],[3.98157,44.5158],[3.98365,44.50831],[3.98873,44.50398],[3.9862,44.50229],[3.98708,44.49524],[3.98446,44.49389],[3.98685,44.49193],[3.98495,44.48358],[3.98845,44.47206],[3.99698,44.46588],[3.99837,44.45966],[4.0145,44.45473],[4.01475,44.45094],[4.02186,44.45006],[4.02335,44.44566],[4.02818,44.44465],[4.03008,44.44654],[4.03431,44.44363],[4.03717,44.44608],[4.04633,44.43183],[4.03544,44.42006],[4.05119,44.41644],[4.06843,44.40505],[4.06234,44.39867],[4.06453,44.39453],[4.05614,44.39265],[4.0478,44.39735],[4.04022,44.39164],[4.04377,44.38451],[4.05313,44.3789],[4.05073,44.37384],[4.05303,44.36696],[4.05734,44.36368],[4.05327,44.359],[4.05407,44.35003],[4.05069,44.34719],[4.05373,44.33809],[4.03569,44.32968],[4.04934,44.32145],[4.04692,44.31899],[4.05168,44.31698],[4.05989,44.32026],[4.07371,44.3298],[4.08559,44.32861],[4.08634,44.33045],[4.09332,44.33061],[4.09411,44.33477],[4.1041,44.33414],[4.11616,44.32692],[4.12332,44.33603],[4.12992,44.33686],[4.1347,44.32857],[4.14194,44.32749],[4.14292,44.3132],[4.1639,44.31205],[4.17103,44.31686],[4.17779,44.31761],[4.17775,44.31286],[4.18649,44.29981],[4.21521,44.29069],[4.24161,44.26968],[4.25855,44.26434],[4.26377,44.26898],[4.27684,44.27443],[4.28052,44.28363],[4.2892,44.29254],[4.29074,44.30885],[4.28821,44.3148],[4.2901,44.31658],[4.29399,44.31297],[4.30352,44.31476],[4.31573,44.3202],[4.32965,44.33244],[4.32578,44.33833],[4.36801,44.33937],[4.38716,44.34702],[4.39136,44.34679],[4.40326,44.33358],[4.38951,44.30097],[4.3942,44.29949],[4.39364,44.29333],[4.40036,44.28743],[4.42671,44.28763],[4.43166,44.29038],[4.43439,44.28327],[4.43933,44.28341],[4.45326,44.29791],[4.4484,44.2966],[4.45307,44.33894],[4.45762,44.34164],[4.46729,44.34027],[4.47473,44.34208],[4.47941,44.33721],[4.4996,44.33834],[4.50342,44.33986],[4.50347,44.34415],[4.50601,44.34399],[4.5067,44.33796],[4.51304,44.33384],[4.51287,44.32803],[4.52274,44.33046],[4.5326,44.32258],[4.549,44.32558],[4.54503,44.32025],[4.55975,44.30207],[4.57,44.29934],[4.57588,44.30085],[4.58805,44.2943],[4.60564,44.29096],[4.61223,44.28613],[4.61639,44.27819],[4.63493,44.28482],[4.64123,44.27439],[4.64945,44.27034],[4.65364,44.30033],[4.64917,44.31182],[4.65061,44.3298],[4.66952,44.32284],[4.67142,44.32478],[4.67527,44.32399],[4.67862,44.32071],[4.71313,44.32053],[4.71242,44.32381],[4.71883,44.32571],[4.71792,44.32695],[4.76293,44.32552],[4.77191,44.31749],[4.77963,44.31938],[4.78748,44.31358],[4.79069,44.3076],[4.79957,44.30341],[4.80458,44.30383],[4.80312,44.2811],[4.80645,44.27349],[4.80403,44.26916],[4.81269,44.2574],[4.81416,44.23219],[4.81734,44.22976],[4.82688,44.2285],[4.83758,44.23626],[4.84029,44.23496],[4.84387,44.24172],[4.8466,44.24068],[4.85876,44.24865],[4.86595,44.2495],[4.86754,44.25576],[4.87412,44.25976],[4.9011,44.26414],[4.89543,44.25753],[4.89968,44.25681],[4.90171,44.26023],[4.92237,44.25971],[4.92331,44.26141],[4.93302,44.26222],[4.94275,44.26897],[4.95999,44.27426],[4.98094,44.28467],[5.00469,44.28646],[5.02487,44.2969],[5.04567,44.30153],[5.06054,44.30821],[5.06731,44.30099],[5.0708,44.28914],[5.07666,44.28395],[5.09852,44.28207],[5.10814,44.2773],[5.10779,44.28084],[5.11882,44.28668],[5.1503,44.30203],[5.15491,44.30204],[5.15079,44.30962],[5.16842,44.31467],[5.17413,44.30821],[5.16923,44.30157],[5.16827,44.29002],[5.16216,44.28905],[5.16291,44.28743],[5.14976,44.28206],[5.14692,44.27563],[5.14754,44.26958],[5.16071,44.26671],[5.16185,44.24582],[5.14946,44.23577],[5.15334,44.23323],[5.15474,44.23486],[5.15481,44.23046],[5.15814,44.22863],[5.16082,44.22969],[5.16538,44.22503],[5.18143,44.21895],[5.1887,44.22017],[5.20691,44.21394],[5.21534,44.21514],[5.22197,44.21314],[5.22672,44.21493],[5.22998,44.2119],[5.23823,44.21343],[5.24051,44.23086],[5.25266,44.2313],[5.29256,44.21436],[5.29805,44.20767],[5.30327,44.2057],[5.30412,44.21009],[5.314,44.2082],[5.31873,44.20997],[5.33672,44.20341],[5.35522,44.21455],[5.38468,44.20111],[5.38053,44.19585],[5.38651,44.181],[5.3832,44.15536],[5.39711,44.15216],[5.41542,44.15533],[5.42366,44.14924],[5.42751,44.14902],[5.43598,44.15251],[5.43654,44.14017],[5.43928,44.13782],[5.44775,44.13692],[5.44859,44.12552],[5.45473,44.11917],[5.50191,44.11563],[5.5087,44.1185],[5.5115,44.12431],[5.54102,44.1327],[5.55133,44.14979],[5.56949,44.14813],[5.57863,44.15204],[5.58325,44.15781],[5.56452,44.17091],[5.56835,44.17998],[5.57282,44.18171],[5.57623,44.18807],[5.59681,44.18778],[5.602,44.19166],[5.60933,44.1907],[5.61595,44.18244],[5.61623,44.17788],[5.63207,44.17369],[5.63215,44.1709],[5.63971,44.16757],[5.63164,44.15865],[5.63131,44.15042],[5.65531,44.1475],[5.66746,44.14909],[5.67886,44.14614],[5.6829,44.16361],[5.66239,44.16704],[5.64702,44.16637],[5.6433,44.17063],[5.65243,44.18546],[5.6517,44.18962],[5.67502,44.18885],[5.67582,44.1915],[5.68642,44.19464],[5.67601,44.21236],[5.68265,44.23447],[5.67317,44.23975],[5.67576,44.24428],[5.6727,44.24561],[5.67417,44.25647],[5.68725,44.26663],[5.67561,44.27589],[5.65783,44.27257],[5.6468,44.26725],[5.64763,44.27258],[5.6322,44.28399],[5.63305,44.29052],[5.64227,44.29486],[5.63775,44.29969],[5.62695,44.30126],[5.61615,44.30945],[5.60831,44.30612],[5.6115,44.31643],[5.61613,44.31688],[5.62853,44.32801],[5.63265,44.32859],[5.63037,44.3337],[5.62448,44.33545],[5.61779,44.33231],[5.604,44.3342],[5.59528,44.33176],[5.57431,44.33229],[5.57388,44.33395],[5.56816,44.33223],[5.56079,44.33588],[5.54796,44.33],[5.53737,44.33352],[5.53986,44.34264],[5.52896,44.34303],[5.52156,44.35107],[5.50229,44.34408],[5.49283,44.33712],[5.48383,44.3449],[5.48252,44.34989],[5.468,44.35207],[5.46725,44.36054],[5.46228,44.36738],[5.44812,44.36912],[5.43809,44.36743],[5.43172,44.37109],[5.42998,44.37732],[5.43964,44.37766],[5.44357,44.38],[5.44059,44.38767],[5.44308,44.39156],[5.43332,44.41171],[5.42881,44.41563],[5.423,44.41621],[5.41836,44.4249],[5.43418,44.43361],[5.4386,44.43359],[5.46352,44.42674],[5.47679,44.41964],[5.48668,44.42957],[5.49359,44.42831],[5.49832,44.43731],[5.46443,44.44789],[5.46419,44.45739],[5.46106,44.45962],[5.45911,44.46869],[5.46772,44.47354],[5.45945,44.48714],[5.4582,44.49916],[5.47089,44.50018],[5.47442,44.49418],[5.47986,44.49133],[5.51609,44.49182],[5.54544,44.48262],[5.55863,44.47328],[5.57033,44.4769],[5.59578,44.46665],[5.60364,44.4655],[5.61019,44.46874],[5.61737,44.47368],[5.62057,44.48148],[5.62493,44.48418],[5.6233,44.4896],[5.62903,44.50083],[5.64128,44.50236],[5.65051,44.49912],[5.65679,44.50227],[5.66471,44.50188],[5.65373,44.51427],[5.62723,44.53466],[5.62279,44.53559],[5.61484,44.53283],[5.59705,44.54339],[5.60714,44.56834],[5.61532,44.57329],[5.61786,44.58401],[5.62632,44.58662],[5.62748,44.59497],[5.63657,44.60454],[5.63513,44.60902],[5.64619,44.60938],[5.64719,44.61156],[5.64947,44.61937],[5.64314,44.62215],[5.63921,44.63553],[5.64165,44.63829],[5.64168,44.65141],[5.65433,44.65551],[5.65546,44.65163],[5.66849,44.64848],[5.67991,44.65239],[5.68964,44.64737],[5.70403,44.64504],[5.70687,44.6422],[5.7146,44.64365],[5.72022,44.63989],[5.72883,44.63929],[5.73866,44.64079],[5.73463,44.64602],[5.73603,44.64991],[5.7436,44.64758],[5.75348,44.64858],[5.74856,44.65496],[5.74992,44.66081],[5.75273,44.66034],[5.75502,44.66306],[5.76413,44.65579],[5.78976,44.65318],[5.79252,44.66084],[5.79778,44.66334],[5.80064,44.66865],[5.79934,44.67401],[5.82707,44.68649],[5.83044,44.69055],[5.82568,44.70153],[5.80387,44.70586],[5.80125,44.70828],[5.81117,44.71275],[5.81754,44.73075],[5.82931,44.74161],[5.8271,44.75969],[5.83907,44.75773],[5.84679,44.75162],[5.86699,44.75169],[5.88189,44.74672],[5.88883,44.7488],[5.89144,44.75539],[5.89463,44.75479],[5.8994,44.75823],[5.91087,44.75772],[5.91901,44.75143],[5.92536,44.75726],[5.93622,44.7599],[5.93816,44.76268],[5.95112,44.75962],[5.95317,44.77131],[5.98034,44.78125],[5.97769,44.79093],[5.9615,44.79621],[5.96017,44.79938],[5.95336,44.79979],[5.94951,44.80436],[5.96062,44.81231],[5.96518,44.81195],[5.97918,44.81859],[5.99617,44.81787],[6.00552,44.82082],[6.00941,44.83038],[6.01577,44.83541],[6.03022,44.8381],[6.05048,44.81834],[6.0565,44.81581],[6.0733,44.8278],[6.07898,44.82856],[6.09652,44.83749],[6.10071,44.84258],[6.11068,44.84316],[6.1329,44.8645],[6.13858,44.86328],[6.14377,44.85842],[6.15854,44.85857],[6.16231,44.85425],[6.16845,44.85224],[6.17042,44.85434],[6.18767,44.85377],[6.19638,44.85898],[6.22543,44.8522],[6.24998,44.8519],[6.25837,44.86374],[6.26941,44.87048],[6.28146,44.86993],[6.28859,44.87406],[6.30391,44.87304],[6.30867,44.86576],[6.31735,44.86191],[6.31915,44.85491],[6.32409,44.85221],[6.33632,44.84837],[6.35395,44.85348],[6.35078,44.8812],[6.3593,44.88806],[6.35756,44.89497],[6.35361,44.89746],[6.35891,44.90718],[6.35586,44.91729],[6.35746,44.92214],[6.35299,44.92451],[6.35884,44.94128],[6.34338,44.9442],[6.33906,44.94701],[6.33052,44.9464],[6.32292,44.95302],[6.32282,44.96176],[6.3279,44.96474],[6.32955,44.96924],[6.32269,44.97203],[6.31481,44.98019],[6.31593,44.98997],[6.32352,44.99907],[6.3182,45.00386],[6.3064,45.00475],[6.25343,44.99521],[6.20392,45.01247],[6.20256,45.02265],[6.20989,45.02952],[6.2085,45.04088],[6.2154,45.04816],[6.21976,45.06526],[6.24026,45.06792],[6.24444,45.07149],[6.23957,45.07458],[6.22869,45.10734],[6.23239,45.11129],[6.24016,45.1128],[6.24583,45.12038],[6.25449,45.12079],[6.26057,45.12684],[6.26416,45.12641],[6.27484,45.11577],[6.28261,45.11412],[6.28628,45.11016],[6.29922,45.10856],[6.32699,45.11571],[6.33424,45.12294],[6.33993,45.11612],[6.34783,45.11445],[6.36573,45.10095],[6.37467,45.08316],[6.36488,45.07017],[6.37944,45.0675],[6.38403,45.06396],[6.39635,45.06105],[6.40378,45.06476],[6.42277,45.06008],[6.43427,45.06359],[6.43979,45.0616],[6.4434,45.05508],[6.4518,45.05172],[6.46892,45.05561],[6.48709,45.0564],[6.48592,45.06415],[6.48961,45.06767],[6.48789,45.07404],[6.48311,45.07723],[6.48678,45.08165],[6.48049,45.09417],[6.50307,45.103],[6.51042,45.109],[6.52971,45.09857],[6.53916,45.09908],[6.56131,45.10531],[6.56207,45.11231],[6.57683,45.12298],[6.5927,45.11895],[6.60064,45.12211],[6.60647,45.11962],[6.61549,45.12151],[6.62991,45.10937],[6.63297,45.11044],[6.63293,45.11587],[6.64876,45.11478],[6.65897,45.12124],[6.66235,45.1205],[6.66621,45.12355],[6.67251,45.12441],[6.67383,45.13157],[6.68042,45.1403],[6.69119,45.13923],[6.71144,45.14486],[6.72692,45.13846],[6.74048,45.13681],[6.75026,45.1428],[6.75444,45.14996],[6.76802,45.15979],[6.78156,45.15732],[6.78728,45.15336],[6.8122,45.14897],[6.83035,45.14038],[6.8359,45.13522],[6.84647,45.13559],[6.84796,45.12732],[6.86722,45.13185],[6.87338,45.13589],[6.87881,45.1345],[6.89268,45.13672],[6.89827,45.1417],[6.88995,45.14659],[6.88416,45.15706],[6.89177,45.16213],[6.89185,45.16728],[6.90347,45.16789],[6.91023,45.16534],[6.9141,45.16872],[6.92426,45.16631],[6.92298,45.16873],[6.93167,45.1714],[6.94725,45.17043],[6.94283,45.17606],[6.95449,45.17972],[6.95436,45.19186],[6.9677,45.1967],[6.96045,45.20291],[6.96588,45.20821],[6.99383,45.211],[6.99459,45.21545],[6.99754,45.21505],[7.00302,45.22028],[7.00702,45.21675],[7.01989,45.21456],[7.02356,45.21881],[7.02746,45.21572],[7.04275,45.22559],[7.04723,45.2258],[7.05784,45.22088],[7.06661,45.21042],[7.07655,45.21059],[7.08002,45.21294],[7.07909,45.21617],[7.08289,45.21729],[7.08118,45.22456],[7.08914,45.22646],[7.09795,45.23454],[7.10574,45.23734],[7.1103,45.24664],[7.12518,45.244],[7.13712,45.25546],[7.13595,45.26003],[7.13173,45.26119],[7.13373,45.26597],[7.12874,45.27196],[7.13382,45.27504],[7.13629,45.28079],[7.12205,45.29496],[7.11789,45.3116],[7.10917,45.319],[7.11208,45.32385],[7.10997,45.32678],[7.11658,45.32877],[7.12623,45.32694],[7.13166,45.32932],[7.13458,45.33131],[7.13153,45.34055],[7.13365,45.34725],[7.13875,45.35133],[7.15235,45.35339],[7.16402,45.36073],[7.15776,45.36916],[7.16298,45.38193],[7.17469,45.38613],[7.17946,45.39074],[7.17831,45.39671],[7.18556,45.40326],[7.18513,45.40677],[7.16224,45.41388],[7.15206,45.42318],[7.13215,45.42685],[7.11463,45.43303],[7.11474,45.44138],[7.09868,45.45845],[7.1002,45.46452],[7.1052,45.46829],[7.06928,45.47434],[7.06177,45.4736],[7.05996,45.47132],[7.04863,45.47246],[7.04549,45.47827],[7.04945,45.48511],[7.06299,45.48885],[7.054,45.49519],[7.04473,45.49739],[7.02195,45.49644],[6.99986,45.50487],[7.00525,45.51725],[6.99126,45.5304],[6.99184,45.53825],[6.99607,45.54446],[6.98982,45.55656],[6.98988,45.56292],[6.99649,45.5681],[6.99382,45.57195],[6.99536,45.57575],[6.98064,45.58342],[6.97807,45.58762],[6.98631,45.61348],[6.98335,45.61697],[6.98493,45.6207],[6.98872,45.62658],[6.99649,45.62977],[7.00102,45.63469],[7.00116,45.63986],[6.99303,45.63945],[6.98885,45.64398],[6.9744,45.64682],[6.97031,45.65409],[6.96066,45.65491],[6.93063,45.64582],[6.9147,45.65186],[6.91673,45.65982],[6.90219,45.66384],[6.90682,45.67039],[6.9034,45.68047],[6.90034,45.68093],[6.89336,45.67572],[6.88298,45.68082],[6.87657,45.67863],[6.86874,45.68096],[6.86714,45.68405],[6.85768,45.68515],[6.84681,45.68983],[6.84164,45.70022],[6.82723,45.7041],[6.81885,45.71913],[6.80859,45.72512],[6.81699,45.74006],[6.80559,45.7477],[6.80653,45.76987],[6.80083,45.78048],[6.80561,45.79307],[6.81297,45.79571],[6.81086,45.80265],[6.8133,45.80689],[6.81098,45.8123],[6.80439,45.81573],[6.81715,45.83056],[6.81808,45.83591],[6.84445,45.84043],[6.86147,45.83247],[6.86157,45.8287],[6.8674,45.82409],[6.87229,45.83097],[6.86895,45.8333],[6.87214,45.83598],[6.87009,45.83924],[6.87448,45.84207],[6.87337,45.84551],[6.88012,45.8496],[6.8932,45.84295],[6.90758,45.84365],[6.91438,45.84104],[6.92214,45.84792],[6.93147,45.84611],[6.94231,45.84782],[6.94126,45.85123],[6.94966,45.85715],[6.95118,45.86114],[6.9574,45.86098],[6.97686,45.86877],[6.99012,45.86774],[6.99913,45.87373],[6.99845,45.87857],[7.00676,45.88718],[7.0027,45.8968],[7.00786,45.9039],[7.01437,45.90668],[7.02176,45.9167],[7.04374,45.92316],[7.04268,45.92963],[7.03573,45.9383],[7.03851,45.9451],[7.03749,45.95425],[7.01743,45.96042],[7.00863,45.96924],[7.01015,45.97323],[7.02148,45.97637],[7.02359,45.9792],[7.01573,45.98676],[7.01221,45.98726],[7.01066,45.99717],[7.00565,46.00112],[7.00058,45.99893],[6.9855,46.00416],[6.98132,46.01957],[6.97102,46.02553],[6.96653,46.03115],[6.96289,46.03044],[6.95014,46.05159],[6.94315,46.05086],[6.93596,46.05513],[6.93721,46.0644],[6.93406,46.06599],[6.92459,46.06524],[6.90861,46.05017],[6.8942,46.04779],[6.89127,46.04269],[6.87785,46.04637],[6.87173,46.05115],[6.88029,46.06928],[6.8918,46.07374],[6.88824,46.07855],[6.8918,46.08497],[6.88254,46.09522],[6.89548,46.10871],[6.89297,46.11269],[6.89994,46.12388],[6.89048,46.12554],[6.88243,46.12288],[6.87364,46.12595],[6.85174,46.12659],[6.84436,46.12835],[6.83819,46.13295],[6.81511,46.12927],[6.8079,46.13617],[6.79837,46.13598],[6.79654,46.13868],[6.79029,46.15514],[6.79172,46.16293],[6.80534,46.17258],[6.80681,46.17803],[6.8126,46.18155],[6.80355,46.20461],[6.80988,46.21384],[6.82173,46.22337],[6.82121,46.23232],[6.83065,46.23439],[6.83715,46.2408],[6.8398,46.24822],[6.85541,46.25521],[6.85445,46.2593],[6.86019,46.26623],[6.8589,46.27388],[6.86485,46.28001],[6.85742,46.2915],[6.85211,46.29221],[6.84737,46.28988],[6.84391,46.29429],[6.82885,46.30112],[6.83028,46.30613],[6.82535,46.31196],[6.80704,46.32075],[6.80037,46.32004],[6.79639,46.333],[6.78423,46.33313],[6.77908,46.34463],[6.77209,46.35027],[6.77144,46.36102],[6.78071,46.36653],[6.79079,46.36682],[6.80543,46.37841],[6.80642,46.38296],[6.8019,46.38598],[6.80497,46.39358],[6.78993,46.39306],[6.75753,46.40267],[6.72413,46.40768],[6.68842,46.4079],[6.66664,46.40467],[6.6368,46.40594],[6.5895,46.40233],[6.54488,46.39473],[6.52099,46.40413],[6.51317,46.40491],[6.49156,46.39798],[6.48402,46.39327],[6.48251,46.38244],[6.4773,46.37519],[6.43154,46.36018],[6.41397,46.35996],[6.40504,46.35169],[6.39778,46.34909],[6.39028,46.34043],[6.37275,46.34396],[6.35944,46.34955],[6.35168,46.35969],[6.35077,46.36731],[6.34461,46.36986],[6.33065,46.36976],[6.32629,46.37168],[6.32138,46.36897],[6.30513,46.36669],[6.27739,46.34961],[6.27229,46.33864],[6.25628,46.32421],[6.25819,46.32002],[6.25313,46.31116],[6.24805,46.30607],[6.24226,46.30452],[6.24899,46.30166],[6.24853,46.29492],[6.25297,46.29043],[6.24624,46.28526],[6.24169,46.28495],[6.23766,46.27779],[6.24985,46.2622],[6.26167,46.25456],[6.26037,46.25156],[6.26679,46.24769],[6.28416,46.25422],[6.28346,46.25597],[6.29486,46.26459],[6.29502,46.25617],[6.30976,46.25623],[6.3057,46.25137],[6.30943,46.2499],[6.31028,46.24397],[6.29464,46.22513],[6.27635,46.21534],[6.26334,46.21262],[6.24784,46.20522],[6.24477,46.20691],[6.24515,46.20498],[6.24131,46.20474],[6.23402,46.20642],[6.22187,46.20062],[6.2139,46.19385],[6.20627,46.19204],[6.1978,46.18339],[6.19506,46.18421],[6.18706,46.18036],[6.18878,46.16639],[6.18561,46.16415],[6.17544,46.15841],[6.14864,46.15009],[6.14488,46.14495],[6.14269,46.14586],[6.13644,46.14159],[6.12656,46.14052],[6.12016,46.14276],[6.09849,46.14382],[6.09181,46.15195],[6.07491,46.14884],[6.05226,46.15134],[6.0469,46.14176],[6.0393,46.13964],[6.03547,46.13482],[6.03167,46.13867],[6.02243,46.14168],[6.00315,46.14179],[5.99379,46.14444],[5.98245,46.14229],[5.98193,46.13741],[5.97751,46.13362],[5.95685,46.12876],[5.9559,46.13236],[5.96622,46.13782],[5.96408,46.14416],[5.97976,46.16582],[5.98182,46.17304],[5.98819,46.17092],[5.995,46.18283],[5.9903,46.1878],[5.964,46.19691],[5.9734,46.20269],[5.96928,46.20671],[5.97336,46.21372],[5.97917,46.21725],[5.99278,46.21522],[5.99019,46.22172],[5.99285,46.22295],[6.00154,46.2205],[6.01318,46.23112],[6.0255,46.23323],[6.03365,46.23855],[6.04611,46.23139],[6.06335,46.2458],[6.06729,46.24178],[6.07302,46.24135],[6.07354,46.24371],[6.08806,46.24713],[6.10145,46.23765],[6.10685,46.24117],[6.10883,46.23987],[6.12079,46.24802],[6.12446,46.25259],[6.12083,46.25456],[6.12275,46.25645],[6.11808,46.26345],[6.11998,46.26483],[6.1099,46.27057],[6.11351,46.27255],[6.10327,46.27867],[6.10508,46.28296],[6.10239,46.28494],[6.11326,46.29413],[6.12087,46.29714],[6.12033,46.31204],[6.13923,46.3334],[6.13792,46.33873],[6.14941,46.34271],[6.15199,46.34743],[6.15778,46.35003],[6.16147,46.35992],[6.16993,46.36608],[6.16017,46.37874],[6.14967,46.37752],[6.1347,46.3887],[6.11298,46.39994],[6.11382,46.39683],[6.10568,46.39942],[6.09763,46.40904],[6.06386,46.41639]],[[4.86926,44.3449],[4.87315,44.35073],[4.89058,44.35976],[4.89473,44.36929],[4.90018,44.36956],[4.90675,44.37408],[4.91175,44.38754],[4.90955,44.39644],[4.91822,44.40772],[4.94598,44.41492],[4.95193,44.42002],[4.96034,44.41993],[4.97116,44.43139],[4.97688,44.42853],[4.9778,44.42375],[4.98886,44.42324],[5.00088,44.41285],[5.01059,44.41102],[5.01182,44.41557],[5.01855,44.41576],[5.02006,44.40982],[5.01332,44.40552],[5.0158,44.39273],[5.03542,44.39073],[5.03655,44.38708],[5.04299,44.38715],[5.0479,44.38113],[5.06036,44.38419],[5.06562,44.38172],[5.071,44.38318],[5.07203,44.38112],[5.07148,44.37748],[5.05758,44.37009],[5.0547,44.3648],[5.04234,44.3625],[5.03765,44.36433],[5.03238,44.36102],[5.02736,44.36295],[5.02323,44.35997],[5.0229,44.34559],[5.00902,44.33389],[5.01378,44.32579],[4.99813,44.31969],[4.99111,44.31203],[4.98713,44.29273],[4.98003,44.29739],[4.95939,44.29895],[4.95728,44.30259],[4.95081,44.3012],[4.94435,44.30595],[4.92474,44.30853],[4.88928,44.30404],[4.89168,44.31329],[4.88171,44.32473],[4.88951,44.33307],[4.89428,44.333],[4.89536,44.33817],[4.87981,44.34531],[4.86926,44.3449]]]},"properties":{"code":"84","nom":"Auvergne-Rhône-Alpes"}},
{"type":"Feature","geometry":{"type":"MultiPolygon","coordinates":[[[[6.62991,45.10937],[6.61549,45.12151],[6.60647,45.11962],[6.60064,45.12211],[6.5927,45.11895],[6.57683,45.12298],[6.56207,45.11231],[6.56131,45.10531],[6.53916,45.09908],[6.52971,45.09857],[6.51042,45.109],[6.50307,45.103],[6.48049,45.09417],[6.48678,45.08165],[6.48311,45.07723],[6.48789,45.07404],[6.48961,45.06767],[6.48592,45.06415],[6.48709,45.0564],[6.46892,45.05561],[6.4518,45.05172],[6.4434,45.05508],[6.43979,45.0616],[6.43427,45.06359],[6.42277,45.06008],[6.40378,45.06476],[6.39635,45.06105],[6.38403,45.06396],[6.37944,45.0675],[6.36488,45.07017],[6.37467,45.08316],[6.36573,45.10095],[6.34783,45.11445],[6.33993,45.11612],[6.33424,45.12294],[6.32699,45.11571],[6.29922,45.10856],[6.28628,45.11016],[6.28261,45.11412],[6.27484,45.11577],[6.26416,45.12641],[6.26057,45.12684],[6.25449,45.12079],[6.24583,45.12038],[6.24016,45.1128],[6.23239,45.11129],[6.22869,45.10734],[6.23957,45.07458],[6.24444,45.07149],[6.24026,45.06792],[6.21976,45.06526],[6.2154,45.04816],[6.2085,45.04088],[6.20989,45.02952],[6.20256,45.02265],[6.20392,45.01247],[6.25343,44.99521],[6.3064,45.00475],[6.3182,45.00386],[6.32352,44.99907],[6.31593,44.98997],[6.31481,44.98019],[6.32269,44.97203],[6.32955,44.96924],[6.3279,44.96474],[6.32282,44.96176],[6.32292,44.95302],[6.33052,44.9464],[6.33906,44.94701],[6.34338,44.9442],[6.35884,44.94128],[6.35299,44.92451],[6.35746,44.92214],[6.35586,44.91729],[6.35891,44.90718],[6.35361,44.89746],[6.35756,44.89497],[6.3593,44.88806],[6.35078,44.8812],[6.35395,44.85348],[6.33632,44.84837],[6.32409,44.85221],[6.31915,44.85491],[6.31735,44.86191],[6.30867,44.86576],[6.30391,44.87304],[6.28859,44.87406],[6.28146,44.86993],[6.26941,44.87048],[6.25837,44.86374],[6.24998,44.8519],[6.22543,44.8522],[6.19638,44.85898],[6.18767,44.85377],[6.17042,44.85434],[6.16845,44.85224],[6.16231,44.85425],[6.15854,44.85857],[6.14377,44.85842],[6.13858,44.86328],[6.1329,44.8645],[6.11068,44.84316],[6.10071,44.84258],[6.09652,44.83749],[6.07898,44.82856],[6.0733,44.8278],[6.0565,44.81581],[6.05048,44.81834],[6.03022,44.8381],[6.01577,44.83541],[6.00941,44.83038],[6.00552,44.82082],[5.99617,44.81787],[5.97918,44.81859],[5.96518,44.81195],[5.96062,44.81231],[5.94951,44.80436],[5.95336,44.79979],[5.96017,44.79938],[5.9615,44.79621],[5.97769,44.79093],[5.98034,44.78125],[5.95317,44.77131],[5.95112,44.75962],[5.93816,44.76268],[5.93622,44.7599],[5.92536,44.75726],[5.91901,44.75143],[5.91087,44.75772],[5.8994,44.75823],[5.89463,44.75479],[5.89144,44.75539],[5.88883,44.7488],[5.88189,44.74672],[5.86699,44.75169],[5.84679,44.75162],[5.83907,44.75773],[5.8271,44.75969],[5.82931,44.74161],[5.81754,44.73075],[5.81117,44.71275],[5.80125,44.70828],[5.80387,44.70586],[5.82568,44.70153],[5.83044,44.69055],[5.82707,44.68649],[5.79934,44.67401],[5.80064,44.66865],[5.79778,44.66334],[5.79252,44.66084],[5.78976,44.65318],[5.76413,44.65579],[5.75502,44.66306],[5.75273,44.66034],[5.74992,44.66081],[5.74856,44.65496],[5.75348,44.64858],[5.7436,44.64758],[5.73603,44.64991],[5.73463,44.64602],[5.73866,44.64079],[5.72883,44.63929],[5.72022,44.63989],[5.7146,44.64365],[5.70687,44.6422],[5.70403,44.64504],[5.68964,44.64737],[5.67991,44.65239],[5.66849,44.64848],[5.65546,44.65163],[5.65433,44.65551],[5.64168,44.65141],[5.64165,44.63829],[5.63921,44.63553],[5.64314,44.62215],[5.64947,44.61937],[5.64719,44.61156],[5.64619,44.60938],[5.63513,44.60902],[5.63657,44.60454],[5.62748,44.59497],[5.62632,44.58662],[5.61786,44.58401],[5.61532,44.57329],[5.60714,44.56834],[5.59705,44.54339],[5.61484,44.53283],[5.62279,44.53559],[5.62723,44.53466],[5.65373,44.51427],[5.66471,44.50188],[5.65679,44.50227],[5.65051,44.49912],[5.64128,44.50236],[5.62903,44.50083],[5.6233,44.4896],[5.62493,44.48418],[5.62057,44.48148],[5.61737,44.47368],[5.61019,44.46874],[5.60364,44.4655],[5.59578,44.46665],[5.57033,44.4769],[5.55863,44.47328],[5.54544,44.48262],[5.51609,44.49182],[5.47986,44.49133],[5.47442,44.49418],[5.47089,44.50018],[5.4582,44.49916],[5.45945,44.48714],[5.46772,44.47354],[5.45911,44.46869],[5.46106,44.45962],[5.46419,44.45739],[5.46443,44.44789],[5.49832,44.43731],[5.49359,44.42831],[5.48668,44.42957],[5.47679,44.41964],[5.46352,44.42674],[5.4386,44.43359],[5.43418,44.43361],[5.41836,44.4249],[5.423,44.41621],[5.42881,44.41563],[5.43332,44.41171],[5.44308,44.39156],[5.44059,44.38767],[5.44357,44.38],[5.43964,44.37766],[5.42998,44.37732],[5.43172,44.37109],[5.43809,44.36743],[5.44812,44.36912],[5.46228,44.36738],[5.46725,44.36054],[5.468,44.35207],[5.48252,44.34989],[5.48383,44.3449],[5.49283,44.33712],[5.50229,44.34408],[5.52156,44.35107],[5.52896,44.34303],[5.53986,44.34264],[5.53737,44.33352],[5.54796,44.33],[5.56079,44.33588],[5.56816,44.33223],[5.57388,44.33395],[5.57431,44.33229],[5.59528,44.33176],[5.604,44.3342],[5.61779,44.33231],[5.62448,44.33545],[5.63037,44.3337],[5.63265,44.32859],[5.62853,44.32801],[5.61613,44.31688],[5.6115,44.31643],[5.60831,44.30612],[5.61615,44.30945],[5.62695,44.30126],[5.63775,44.29969],[5.64227,44.29486],[5.63305,44.29052],[5.6322,44.28399],[5.64763,44.27258],[5.6468,44.26725],[5.65783,44.27257],[5.67561,44.27589],[5.68725,44.26663],[5.67417,44.25647],[5.6727,44.24561],[5.67576,44.24428],[5.67317,44.23975],[5.68265,44.23447],[5.67601,44.21236],[5.68642,44.19464],[5.67582,44.1915],[5.67502,44.18885],[5.6517,44.18962],[5.65243,44.18546],[5.6433,44.17063],[5.64702,44.16637],[5.66239,44.16704],[5.6829,44.16361],[5.67886,44.14614],[5.66746,44.14909],[5.65531,44.1475],[5.63131,44.15042],[5.63164,44.15865],[5.63971,44.16757],[5.63215,44.1709],[5.63207,44.17369],[5.61623,44.17788],[5.61595,44.18244],[5.60933,44.1907],[5.602,44.19166],[5.59681,44.18778],[5.57623,44.18807],[5.57282,44.18171],[5.56835,44.17998],[5.56452,44.17091],[5.58325,44.15781],[5.57863,44.15204],[5.56949,44.14813],[5.55133,44.14979],[5.54102,44.1327],[5.5115,44.12431],[5.5087,44.1185],[5.50191,44.11563],[5.45473,44.11917],[5.44859,44.12552],[5.44775,44.13692],[5.43928,44.13782],[5.43654,44.14017],[5.43598,44.15251],[5.42751,44.14902],[5.42366,44.14924],[5.41542,44.15533],[5.39711,44.15216],[5.3832,44.15536],[5.38651,44.181],[5.38053,44.19585],[5.38468,44.20111],[5.35522,44.21455],[5.33672,44.20341],[5.31873,44.20997],[5.314,44.2082],[5.30412,44.21009],[5.30327,44.2057],[5.29805,44.20767],[5.29256,44.21436],[5.25266,44.2313],[5.24051,44.23086],[5.23823,44.21343],[5.22998,44.2119],[5.22672,44.21493],[5.22197,44.21314],[5.21534,44.21514],[5.20691,44.21394],[5.1887,44.22017],[5.18143,44.21895],[5.16538,44.22503],[5.16082,44.22969],[5.15814,44.22863],[5.15481,44.23046],[5.15474,44.23486],[5.15334,44.23323],[5.14946,44.23577],[5.16185,44.24582],[5.16071,44.26671],[5.14754,44.26958],[5.14692,44.27563],[5.14976,44.28206],[5.16291,44.28743],[5.16216,44.28905],[5.16827,44.29002],[5.16923,44.30157],[5.17413,44.30821],[5.16842,44.31467],[5.15079,44.30962],[5.15491,44.30204],[5.1503,44.30203],[5.11882,44.28668],[5.10779,44.28084],[5.10814,44.2773],[5.09852,44.28207],[5.07666,44.28395],[5.0708,44.28914],[5.06731,44.30099],[5.06054,44.30821],[5.04567,44.30153],[5.02487,44.2969],[5.00469,44.28646],[4.98094,44.28467],[4.95999,44.27426],[4.94275,44.26897],[4.93302,44.26222],[4.92331,44.26141],[4.92237,44.25971],[4.90171,44.26023],[4.89968,44.25681],[4.89543,44.25753],[4.9011,44.26414],[4.87412,44.25976],[4.86754,44.25576],[4.86595,44.2495],[4.85876,44.24865],[4.8466,44.24068],[4.84387,44.24172],[4.84029,44.23496],[4.83758,44.23626],[4.82688,44.2285],[4.81734,44.22976],[4.81416,44.23219],[4.81269,44.2574],[4.80403,44.26916],[4.80645,44.27349],[4.80312,44.2811],[4.80458,44.30383],[4.79957,44.30341],[4.79069,44.3076],[4.78748,44.31358],[4.77963,44.31938],[4.77191,44.31749],[4.76293,44.32552],[4.71792,44.32695],[4.71883,44.32571],[4.71242,44.32381],[4.71313,44.32053],[4.67862,44.32071],[4.67527,44.32399],[4.67142,44.32478],[4.66952,44.32284],[4.65061,44.3298],[4.64917,44.31182],[4.65364,44.30033],[4.64945,44.27034],[4.64937,44.26299],[4.65417,44.25422],[4.67803,44.23399],[4.67404,44.21474],[4.68106,44.21218],[4.6942,44.21545],[4.70588,44.21471],[4.70983,44.20861],[4.70419,44.19954],[4.7058,44.19272],[4.72247,44.18732],[4.71969,44.17708],[4.71638,44.17669],[4.71887,44.14465],[4.7119,44.13518],[4.71096,44.12098],[4.70607,44.1078],[4.71934,44.09109],[4.72047,44.08184],[4.72692,44.07828],[4.75222,44.08825],[4.76025,44.08722],[4.75966,44.075],[4.78649,44.06651],[4.78782,44.05307],[4.81475,44.03371],[4.81996,44.01698],[4.83685,44.01505],[4.84194,44.01201],[4.84557,43.99664],[4.84438,43.98931],[4.83691,43.98518],[4.81314,43.98808],[4.8097,43.97885],[4.81439,43.96469],[4.79375,43.95446],[4.77893,43.93788],[4.76878,43.93381],[4.76147,43.93491],[4.74792,43.93131],[4.73928,43.92413],[4.74023,43.91976],[4.72339,43.90607],[4.69814,43.8971],[4.70933,43.89804],[4.69287,43.88453],[4.66658,43.8759],[4.66379,43.87098],[4.66001,43.87597],[4.65053,43.8698],[4.64208,43.86753],[4.64838,43.85901],[4.64126,43.85111],[4.64495,43.84988],[4.66052,43.85318],[4.66667,43.84723],[4.66549,43.84394],[4.64993,43.83917],[4.64295,43.83226],[4.65526,43.8073],[4.65154,43.78269],[4.63032,43.76258],[4.62382,43.74505],[4.61271,43.72702],[4.61451,43.70993],[4.62536,43.69574],[4.62732,43.6854],[4.61736,43.68876],[4.60246,43.6858],[4.59494,43.68703],[4.57977,43.69722],[4.55943,43.69907],[4.54045,43.70746],[4.53341,43.70682],[4.52561,43.70244],[4.49989,43.70205],[4.48603,43.69886],[4.47617,43.6862],[4.47786,43.67317],[4.4735,43.6705],[4.45907,43.66839],[4.4508,43.66389],[4.43933,43.64671],[4.43473,43.63409],[4.42631,43.625],[4.4297,43.61814],[4.4399,43.61077],[4.45111,43.61071],[4.46449,43.61542],[4.47415,43.61017],[4.47449,43.60447],[4.46771,43.59971],[4.46033,43.58894],[4.44596,43.58305],[4.43159,43.58574],[4.4232,43.58433],[4.40298,43.57319],[4.41673,43.5711],[4.41595,43.56691],[4.40878,43.56082],[4.40331,43.55925],[4.38742,43.56231],[4.38241,43.55343],[4.36505,43.54715],[4.35071,43.54692],[4.34892,43.54259],[4.33431,43.53539],[4.31652,43.54413],[4.3162,43.5479],[4.32293,43.55408],[4.31849,43.55728],[4.3139,43.55562],[4.31703,43.55197],[4.31114,43.55116],[4.308,43.5451],[4.32469,43.52824],[4.31709,43.52476],[4.30992,43.52509],[4.2975,43.51517],[4.27324,43.50824],[4.26071,43.50809],[4.23974,43.4992],[4.23939,43.49347],[4.23039,43.47846],[4.23022,43.4605],[4.37598,43.45389],[4.38953,43.45227],[4.40364,43.44755],[4.41237,43.4495],[4.42725,43.44831],[4.4468,43.45686],[4.46394,43.45846],[4.51218,43.4557],[4.53635,43.4516],[4.56835,43.43982],[4.57913,43.43252],[4.5871,43.42284],[4.59149,43.41019],[4.58727,43.40038],[4.56767,43.39092],[4.57212,43.39639],[4.55934,43.39412],[4.55203,43.38511],[4.55869,43.37523],[4.58501,43.36157],[4.60919,43.35504],[4.64766,43.35005],[4.65849,43.3468],[4.6801,43.34595],[4.69178,43.34866],[4.70552,43.34791],[4.72093,43.35134],[4.78186,43.34786],[4.81526,43.33939],[4.83511,43.32787],[4.84156,43.33374],[4.86258,43.33512],[4.86598,43.34078],[4.91185,43.37475],[4.91812,43.3815],[4.91689,43.38781],[4.91302,43.39004],[4.91433,43.38138],[4.91018,43.37553],[4.90108,43.37019],[4.90179,43.36858],[4.89648,43.36459],[4.89078,43.36361],[4.89142,43.36077],[4.89035,43.36359],[4.88408,43.36411],[4.8857,43.35772],[4.88304,43.35514],[4.8775,43.35619],[4.868,43.36836],[4.86463,43.3692],[4.8646,43.36508],[4.86052,43.36988],[4.85831,43.3673],[4.85155,43.37595],[4.84771,43.37079],[4.84116,43.37532],[4.82879,43.37571],[4.85024,43.37835],[4.84724,43.38084],[4.85341,43.38799],[4.84268,43.38727],[4.84118,43.38496],[4.83542,43.38694],[4.80756,43.38379],[4.80553,43.38599],[4.80957,43.38813],[4.81205,43.38576],[4.83581,43.38777],[4.83841,43.39037],[4.85139,43.38924],[4.85382,43.39056],[4.8521,43.39418],[4.84827,43.39158],[4.84204,43.3958],[4.83804,43.39447],[4.83603,43.39951],[4.84173,43.40383],[4.85031,43.39799],[4.85909,43.40151],[4.82389,43.4248],[4.82829,43.42986],[4.8663,43.40475],[4.87637,43.41061],[4.85786,43.44252],[4.84989,43.4508],[4.86068,43.45405],[4.86649,43.44215],[4.86723,43.43302],[4.87241,43.43279],[4.88209,43.41973],[4.88792,43.42667],[4.90552,43.43046],[4.88935,43.42061],[4.88516,43.41369],[4.88786,43.41206],[4.89778,43.41711],[4.90128,43.41154],[4.89926,43.41673],[4.90651,43.42045],[4.91016,43.4275],[4.93263,43.43319],[4.93866,43.4319],[4.94012,43.42748],[4.94905,43.4295],[4.96924,43.42551],[4.9734,43.42068],[4.97145,43.41413],[4.97741,43.4074],[4.97359,43.40239],[4.98252,43.39621],[4.98261,43.4036],[4.98639,43.40354],[4.98666,43.40617],[4.98868,43.40227],[4.98883,43.40472],[4.9922,43.40504],[5.03943,43.40271],[5.05357,43.40734],[5.05763,43.4065],[5.06141,43.4224],[5.05427,43.44091],[5.05513,43.45192],[5.05191,43.46366],[5.03997,43.4704],[5.02441,43.47057],[5.01986,43.46856],[5.01637,43.47047],[5.00631,43.4698],[5.0005,43.47414],[5.00328,43.4851],[4.99805,43.49801],[4.99928,43.50831],[5.01532,43.52743],[5.01167,43.54593],[5.01284,43.55453],[5.02271,43.55663],[5.02512,43.54985],[5.03332,43.54386],[5.03284,43.53691],[5.04224,43.52896],[5.04575,43.5215],[5.05876,43.52798],[5.09316,43.5251],[5.10381,43.5262],[5.11373,43.52315],[5.11833,43.51789],[5.11355,43.50578],[5.1325,43.47197],[5.14239,43.46414],[5.14188,43.45975],[5.15584,43.4555],[5.15366,43.46001],[5.16292,43.47055],[5.18093,43.47857],[5.19099,43.4868],[5.20529,43.49213],[5.2188,43.48779],[5.22401,43.48231],[5.22998,43.46509],[5.2258,43.45217],[5.20843,43.44386],[5.19814,43.45107],[5.19509,43.44879],[5.20457,43.44214],[5.19232,43.43595],[5.16148,43.41166],[5.12908,43.39749],[5.12322,43.39713],[5.11819,43.40083],[5.11782,43.40422],[5.08363,43.39895],[5.06316,43.40007],[5.05701,43.40428],[5.02901,43.40025],[5.02613,43.39749],[5.02482,43.40066],[4.99731,43.40236],[5.00123,43.39849],[4.99453,43.39428],[4.99285,43.39569],[4.98631,43.39268],[4.99364,43.38827],[4.99041,43.3863],[4.99675,43.38358],[5.00047,43.37569],[5.00653,43.37313],[5.00882,43.36945],[5.01386,43.36983],[5.01069,43.36523],[5.01376,43.36236],[5.01669,43.36281],[5.01481,43.36124],[5.01731,43.35783],[5.02557,43.35581],[5.02576,43.35258],[5.02142,43.34977],[5.02491,43.34593],[5.01805,43.34632],[5.01884,43.34329],[5.03655,43.3298],[5.04142,43.32744],[5.03991,43.33099],[5.04357,43.33151],[5.04525,43.3286],[5.05027,43.33216],[5.04852,43.32658],[5.05238,43.32453],[5.05541,43.32849],[5.05771,43.32732],[5.06289,43.33144],[5.06958,43.33197],[5.0706,43.329],[5.07979,43.32932],[5.08136,43.32741],[5.08836,43.33301],[5.09791,43.32832],[5.10793,43.32957],[5.10734,43.33116],[5.11807,43.32839],[5.12656,43.32998],[5.13875,43.32784],[5.1412,43.32956],[5.14851,43.32657],[5.1533,43.33042],[5.15633,43.32764],[5.16875,43.32819],[5.17559,43.33454],[5.17893,43.33144],[5.18485,43.33257],[5.1913,43.32966],[5.19598,43.33055],[5.1979,43.33393],[5.2024,43.33074],[5.21716,43.32968],[5.21732,43.33136],[5.22354,43.32824],[5.23992,43.33149],[5.25508,43.33824],[5.25845,43.33754],[5.25809,43.33969],[5.27128,43.34499],[5.28903,43.35766],[5.31128,43.36108],[5.32102,43.35596],[5.32301,43.35739],[5.32664,43.3546],[5.31725,43.35645],[5.31383,43.35421],[5.32108,43.35139],[5.31677,43.35444],[5.32184,43.35232],[5.32452,43.35458],[5.34112,43.34512],[5.34329,43.34226],[5.33924,43.34117],[5.32847,43.34469],[5.33779,43.33955],[5.34301,43.33915],[5.34528,43.33687],[5.34179,43.33651],[5.34271,43.33519],[5.35114,43.33478],[5.35239,43.33291],[5.3452,43.33327],[5.35045,43.33109],[5.34727,43.32969],[5.34983,43.32956],[5.35268,43.32324],[5.35553,43.3245],[5.35729,43.32299],[5.35522,43.32096],[5.35889,43.32221],[5.35845,43.32506],[5.3621,43.32205],[5.3567,43.31913],[5.36055,43.31837],[5.35822,43.31654],[5.36117,43.31394],[5.36449,43.31419],[5.36051,43.31244],[5.36466,43.31207],[5.3608,43.29561],[5.37375,43.29503],[5.36609,43.29252],[5.3544,43.29462],[5.3548,43.28943],[5.34597,43.2826],[5.37044,43.2678],[5.37149,43.26607],[5.36797,43.26457],[5.37564,43.25833],[5.37306,43.25548],[5.37268,43.2451],[5.36457,43.24574],[5.36809,43.2441],[5.36187,43.24226],[5.35764,43.23392],[5.34993,43.23199],[5.34534,43.22356],[5.34642,43.21564],[5.34266,43.21676],[5.33974,43.21432],[5.34165,43.21279],[5.35296,43.21181],[5.35241,43.21016],[5.36393,43.20729],[5.40221,43.21403],[5.42489,43.20401],[5.42713,43.20459],[5.42078,43.21084],[5.42818,43.2103],[5.43534,43.2066],[5.43989,43.20716],[5.44361,43.2044],[5.44632,43.20556],[5.45353,43.20199],[5.44417,43.21215],[5.45437,43.20958],[5.4542,43.21115],[5.45873,43.21147],[5.47802,43.2041],[5.4827,43.20588],[5.49051,43.2022],[5.49443,43.2032],[5.49427,43.20069],[5.50043,43.19718],[5.50446,43.19875],[5.49958,43.20183],[5.506,43.1993],[5.50957,43.20166],[5.50993,43.19771],[5.51308,43.20088],[5.51233,43.20468],[5.51495,43.20576],[5.51507,43.20302],[5.53705,43.21475],[5.53511,43.21318],[5.53961,43.20943],[5.54524,43.2106],[5.54597,43.20794],[5.54999,43.20718],[5.54858,43.19552],[5.56957,43.17515],[5.59391,43.16473],[5.59728,43.1662],[5.59648,43.16457],[5.60465,43.1603],[5.60787,43.16125],[5.60594,43.16629],[5.6109,43.16556],[5.61566,43.16955],[5.61392,43.17092],[5.61004,43.16765],[5.61323,43.17174],[5.60756,43.17158],[5.60625,43.17389],[5.61076,43.17291],[5.61264,43.18051],[5.62487,43.18712],[5.63097,43.18667],[5.63755,43.1893],[5.65105,43.18856],[5.66011,43.18192],[5.66645,43.18236],[5.67455,43.17794],[5.68691,43.17973],[5.69547,43.16842],[5.69257,43.16479],[5.68258,43.16075],[5.68292,43.1551],[5.69309,43.15215],[5.69523,43.14359],[5.70796,43.14501],[5.70748,43.14658],[5.71087,43.14437],[5.71652,43.14828],[5.72101,43.14475],[5.72422,43.13626],[5.74174,43.13423],[5.74928,43.13578],[5.74863,43.13226],[5.75157,43.12982],[5.75428,43.13124],[5.75202,43.13277],[5.75377,43.13488],[5.76999,43.1392],[5.77789,43.13558],[5.78094,43.1295],[5.77358,43.12603],[5.77355,43.12365],[5.77694,43.1228],[5.7757,43.12059],[5.7672,43.11625],[5.78833,43.11649],[5.79113,43.11219],[5.80234,43.11751],[5.8093,43.11413],[5.81364,43.10588],[5.80481,43.10015],[5.81039,43.0986],[5.81255,43.09468],[5.8075,43.09071],[5.80382,43.0767],[5.79599,43.07436],[5.79345,43.06988],[5.81544,43.06396],[5.82149,43.05383],[5.82999,43.04923],[5.83538,43.05029],[5.84361,43.04794],[5.84935,43.04993],[5.85764,43.04651],[5.86258,43.05187],[5.86269,43.05726],[5.87198,43.06559],[5.87243,43.06961],[5.87648,43.06939],[5.89103,43.07839],[5.89713,43.07807],[5.90082,43.07324],[5.90688,43.07272],[5.91104,43.06611],[5.93002,43.072],[5.93658,43.07178],[5.94392,43.06668],[5.94673,43.06782],[5.95134,43.0729],[5.95103,43.07638],[5.93809,43.08456],[5.92604,43.08067],[5.92739,43.07741],[5.91746,43.08585],[5.90801,43.07838],[5.90502,43.08059],[5.90095,43.07925],[5.89657,43.08077],[5.89465,43.08197],[5.9015,43.09201],[5.91044,43.09325],[5.90733,43.09784],[5.91028,43.09991],[5.89608,43.10558],[5.89937,43.1039],[5.88296,43.10268],[5.8823,43.10092],[5.88141,43.10232],[5.88153,43.10644],[5.88523,43.10545],[5.8865,43.10715],[5.88206,43.10929],[5.89161,43.10792],[5.88437,43.11336],[5.88536,43.1175],[5.88859,43.11617],[5.88997,43.1181],[5.88957,43.11611],[5.89269,43.11567],[5.89457,43.11736],[5.89376,43.11576],[5.89589,43.11689],[5.89696,43.11331],[5.89979,43.11306],[5.91098,43.11542],[5.90735,43.11896],[5.91127,43.11939],[5.91267,43.12449],[5.91502,43.12432],[5.9124,43.11623],[5.92005,43.1182],[5.91553,43.11901],[5.91981,43.12007],[5.91749,43.12188],[5.92065,43.12413],[5.9212,43.1219],[5.92341,43.12337],[5.92807,43.12203],[5.92456,43.11952],[5.92542,43.11549],[5.92801,43.12068],[5.93444,43.11869],[5.92989,43.11606],[5.93373,43.1172],[5.93447,43.11341],[5.93018,43.11403],[5.92627,43.10216],[5.92992,43.10222],[5.93646,43.10699],[5.95622,43.1084],[5.969,43.10437],[5.97419,43.1078],[5.99224,43.10344],[5.99673,43.1053],[6.00615,43.10411],[6.02329,43.095],[6.02393,43.09013],[6.0172,43.08396],[6.02152,43.07848],[6.0499,43.07932],[6.05772,43.08283],[6.06882,43.08339],[6.07081,43.08522],[6.07434,43.08395],[6.07709,43.08774],[6.09823,43.08381],[6.11379,43.08374],[6.12407,43.07969],[6.13292,43.05624],[6.13,43.04451],[6.11817,43.03895],[6.10604,43.04205],[6.09397,43.04057],[6.09118,43.03598],[6.09796,43.03267],[6.09712,43.02734],[6.09986,43.02942],[6.10332,43.02762],[6.1035,43.0311],[6.10652,43.03029],[6.11267,43.03526],[6.12498,43.03204],[6.12689,43.03603],[6.13453,43.03645],[6.13741,43.03075],[6.14964,43.02639],[6.16663,43.03255],[6.17199,43.03239],[6.16877,43.03535],[6.15677,43.03459],[6.15192,43.03769],[6.14934,43.05581],[6.15466,43.08051],[6.17028,43.09971],[6.18279,43.10864],[6.19199,43.11035],[6.20053,43.11556],[6.2392,43.11342],[6.26201,43.12139],[6.2761,43.12081],[6.27979,43.11628],[6.28845,43.1143],[6.28643,43.1107],[6.28997,43.10686],[6.29639,43.11045],[6.29871,43.10655],[6.30771,43.10846],[6.31692,43.10619],[6.32501,43.09883],[6.3217,43.09169],[6.32901,43.09323],[6.3331,43.09041],[6.35937,43.08932],[6.3638,43.08656],[6.3647,43.09058],[6.37057,43.09114],[6.36386,43.0938],[6.368,43.09886],[6.36685,43.10329],[6.35887,43.10608],[6.36033,43.11055],[6.36417,43.11101],[6.3598,43.11472],[6.36023,43.1205],[6.36254,43.12227],[6.36541,43.12037],[6.3629,43.12267],[6.3668,43.13513],[6.36958,43.1375],[6.37805,43.1367],[6.38645,43.14498],[6.39369,43.14547],[6.39674,43.14352],[6.40371,43.14955],[6.4133,43.14963],[6.42014,43.14689],[6.42239,43.14999],[6.43005,43.15165],[6.43801,43.149],[6.43904,43.14273],[6.44853,43.1495],[6.44928,43.15371],[6.46354,43.15755],[6.46809,43.15469],[6.47828,43.15606],[6.48676,43.15128],[6.48853,43.15305],[6.49683,43.15133],[6.50182,43.15583],[6.50796,43.15524],[6.50968,43.15881],[6.52476,43.16626],[6.53474,43.16348],[6.54019,43.16953],[6.53365,43.17236],[6.53663,43.17892],[6.54869,43.18614],[6.56231,43.18916],[6.57779,43.1859],[6.59215,43.1858],[6.60201,43.1822],[6.6032,43.17392],[6.60724,43.1733],[6.60968,43.16625],[6.61357,43.16625],[6.62162,43.15823],[6.62206,43.16449],[6.63248,43.17216],[6.63965,43.17234],[6.64672,43.16774],[6.64671,43.16986],[6.63954,43.17365],[6.64077,43.18204],[6.64333,43.18303],[6.64191,43.18593],[6.65986,43.19645],[6.66417,43.19467],[6.67523,43.19555],[6.68114,43.19975],[6.67022,43.20581],[6.66776,43.20803],[6.66939,43.20945],[6.66394,43.21281],[6.66233,43.22559],[6.66522,43.24272],[6.66871,43.24573],[6.67652,43.24486],[6.68326,43.25045],[6.69062,43.25212],[6.69761,43.26663],[6.67853,43.27881],[6.66921,43.27602],[6.66947,43.26813],[6.66296,43.26484],[6.65389,43.27014],[6.64776,43.27087],[6.64597,43.27385],[6.64048,43.27408],[6.62129,43.26431],[6.59362,43.26242],[6.58258,43.26689],[6.58307,43.26907],[6.57435,43.2672],[6.57768,43.26853],[6.57506,43.27306],[6.5831,43.27522],[6.58504,43.27209],[6.586,43.2802],[6.60075,43.28505],[6.61504,43.29407],[6.62392,43.29591],[6.62764,43.30387],[6.63521,43.30744],[6.64461,43.30615],[6.65954,43.314],[6.66758,43.31246],[6.67285,43.31379],[6.66575,43.31847],[6.66517,43.32485],[6.66986,43.33385],[6.68086,43.34085],[6.69533,43.34071],[6.71633,43.34761],[6.71565,43.35162],[6.71278,43.3525],[6.71902,43.35676],[6.71308,43.3663],[6.71409,43.37181],[6.7323,43.39004],[6.72818,43.39293],[6.7315,43.40253],[6.73944,43.41263],[6.74871,43.419],[6.7463,43.42327],[6.75052,43.42082],[6.76601,43.42371],[6.76356,43.42192],[6.76846,43.42114],[6.78227,43.41259],[6.78359,43.40933],[6.78836,43.40846],[6.79345,43.40983],[6.79576,43.41349],[6.80993,43.41316],[6.82931,43.41853],[6.83365,43.41567],[6.84072,43.41655],[6.84997,43.41188],[6.85559,43.41181],[6.86019,43.41608],[6.86012,43.42131],[6.85627,43.42453],[6.85911,43.43306],[6.86666,43.43347],[6.87143,43.42578],[6.89017,43.42827],[6.89625,43.43412],[6.89287,43.43752],[6.89644,43.43768],[6.90079,43.44311],[6.92311,43.45105],[6.92032,43.45821],[6.92456,43.46366],[6.92357,43.47333],[6.93245,43.47702],[6.931,43.48382],[6.94016,43.4848],[6.94576,43.48315],[6.94852,43.48653],[6.94626,43.49186],[6.949,43.4922],[6.9511,43.4967],[6.95613,43.49699],[6.95683,43.50019],[6.9538,43.50622],[6.93853,43.50851],[6.93703,43.51722],[6.94058,43.51769],[6.94457,43.52524],[6.9499,43.52768],[6.95031,43.53312],[6.96159,43.54151],[6.98936,43.54885],[7.01434,43.54635],[7.0123,43.55049],[7.01646,43.55105],[7.01703,43.54841],[7.02125,43.54993],[7.03212,43.54642],[7.03291,43.53924],[7.0385,43.53518],[7.04135,43.5427],[7.04852,43.54689],[7.05463,43.54747],[7.06823,43.56258],[7.08183,43.56811],[7.08437,43.56623],[7.08364,43.5691],[7.09501,43.57094],[7.11217,43.56742],[7.12147,43.55981],[7.12221,43.55273],[7.11769,43.54923],[7.11936,43.54327],[7.12141,43.5423],[7.12117,43.54532],[7.12599,43.54662],[7.12953,43.54639],[7.12994,43.5438],[7.13765,43.54581],[7.13741,43.5481],[7.14484,43.55213],[7.14024,43.5553],[7.13496,43.55523],[7.13995,43.56999],[7.13172,43.56913],[7.12507,43.57383],[7.1326,43.5877],[7.12793,43.58327],[7.12254,43.58482],[7.12166,43.58718],[7.12997,43.58919],[7.12554,43.59437],[7.12623,43.60422],[7.13254,43.62394],[7.1393,43.63347],[7.13629,43.63603],[7.14019,43.63623],[7.14431,43.64311],[7.15687,43.65342],[7.16797,43.65742],[7.18035,43.65515],[7.19435,43.65759],[7.19846,43.65544],[7.20064,43.65888],[7.19785,43.66328],[7.20001,43.6641],[7.20169,43.65832],[7.20047,43.65329],[7.2035,43.65112],[7.19965,43.64655],[7.21273,43.64781],[7.21969,43.65416],[7.22036,43.65842],[7.22355,43.66076],[7.22253,43.65756],[7.23074,43.66582],[7.23056,43.67854],[7.23931,43.68687],[7.26189,43.69421],[7.28475,43.69293],[7.28417,43.69817],[7.28584,43.69393],[7.29368,43.69063],[7.29377,43.68653],[7.30619,43.68604],[7.30901,43.69244],[7.30701,43.69836],[7.31444,43.7067],[7.32041,43.70456],[7.32093,43.70077],[7.32472,43.70063],[7.32642,43.69535],[7.32011,43.69025],[7.32518,43.68182],[7.32446,43.67727],[7.32756,43.67447],[7.33107,43.6747],[7.33539,43.67851],[7.33458,43.68619],[7.34022,43.68594],[7.34167,43.68314],[7.34923,43.68713],[7.34354,43.68609],[7.33506,43.68879],[7.32957,43.70196],[7.33575,43.70521],[7.33621,43.71069],[7.3389,43.71004],[7.33806,43.71203],[7.35136,43.71561],[7.35557,43.721],[7.36472,43.72212],[7.37294,43.71812],[7.3818,43.72256],[7.389,43.72333],[7.38903,43.71927],[7.40177,43.72116],[7.40567,43.7199],[7.4153,43.72607],[7.4091,43.72955],[7.41266,43.73493],[7.42452,43.7409],[7.43071,43.74894],[7.43687,43.75191],[7.43934,43.74952],[7.44473,43.7502],[7.4523,43.75817],[7.4586,43.75997],[7.46199,43.76053],[7.47869,43.74986],[7.48802,43.75004],[7.48199,43.75734],[7.4901,43.76736],[7.50211,43.77359],[7.50666,43.7733],[7.51057,43.78122],[7.52204,43.78468],[7.52918,43.78419],[7.53016,43.78781],[7.51897,43.80241],[7.50709,43.8375],[7.50808,43.8415],[7.49906,43.84546],[7.49677,43.84939],[7.49529,43.86441],[7.49811,43.86404],[7.50044,43.86686],[7.4977,43.87156],[7.51057,43.87952],[7.5119,43.88368],[7.51749,43.88236],[7.51988,43.88599],[7.52641,43.88634],[7.53739,43.89304],[7.54944,43.89372],[7.56176,43.89948],[7.56282,43.90976],[7.55881,43.91837],[7.56835,43.92309],[7.56752,43.92631],[7.57119,43.92858],[7.56972,43.9319],[7.57399,43.93669],[7.56686,43.94344],[7.56995,43.94598],[7.57458,43.94626],[7.57859,43.94989],[7.58196,43.94907],[7.58778,43.95502],[7.59871,43.95744],[7.61144,43.95427],[7.62071,43.9608],[7.63219,43.96477],[7.64351,43.97405],[7.65209,43.97356],[7.65572,43.9771],[7.65546,43.98525],[7.66373,43.98677],[7.66363,43.99228],[7.67052,43.99841],[7.6619,44.01793],[7.66274,44.02902],[7.66583,44.03137],[7.6757,44.0295],[7.68464,44.0373],[7.69137,44.04022],[7.70039,44.04072],[7.70313,44.0434],[7.70339,44.0517],[7.71324,44.06217],[7.71302,44.07504],[7.71874,44.0826],[7.69691,44.09764],[7.68752,44.1103],[7.67457,44.11797],[7.66635,44.13075],[7.6794,44.14722],[7.67049,44.15488],[7.67261,44.15995],[7.68077,44.16462],[7.68447,44.17395],[7.68036,44.17638],[7.63608,44.17711],[7.62971,44.17054],[7.6312,44.16706],[7.62705,44.16437],[7.62725,44.15879],[7.61986,44.14951],[7.6039,44.14979],[7.59773,44.15302],[7.58884,44.15034],[7.57646,44.15373],[7.57208,44.15184],[7.56466,44.15556],[7.56511,44.15159],[7.55718,44.14729],[7.54292,44.1452],[7.53357,44.14765],[7.52659,44.13971],[7.52085,44.13757],[7.51562,44.13803],[7.50704,44.1447],[7.49422,44.14115],[7.48355,44.13367],[7.47327,44.1336],[7.4601,44.12578],[7.44856,44.12928],[7.44354,44.12785],[7.4309,44.13055],[7.42582,44.11233],[7.41821,44.11501],[7.41467,44.11889],[7.40476,44.11851],[7.39315,44.12544],[7.36794,44.11659],[7.3577,44.1162],[7.34483,44.14505],[7.34151,44.1462],[7.32169,44.14305],[7.31005,44.14772],[7.30802,44.14405],[7.30344,44.14621],[7.29521,44.14416],[7.2876,44.14516],[7.28049,44.14089],[7.2721,44.14764],[7.26237,44.14816],[7.2566,44.15558],[7.24865,44.15849],[7.24177,44.17316],[7.2352,44.17554],[7.22822,44.16828],[7.21894,44.16863],[7.21407,44.17528],[7.2048,44.17913],[7.20066,44.18714],[7.1936,44.18719],[7.1884,44.20087],[7.17754,44.19719],[7.17508,44.2005],[7.16749,44.20244],[7.16318,44.20822],[7.14847,44.20016],[7.14307,44.20019],[7.11364,44.21786],[7.10716,44.21809],[7.10009,44.22146],[7.0923,44.2202],[7.08638,44.22916],[7.07626,44.23226],[7.07025,44.23296],[7.06448,44.22753],[7.05604,44.22949],[7.0389,44.22373],[7.03304,44.22529],[7.03033,44.23162],[7.02506,44.23162],[7.02202,44.23445],[7.01714,44.23226],[7.00845,44.23521],[6.99653,44.25194],[6.99844,44.25911],[6.99517,44.26518],[6.9971,44.27393],[6.99402,44.28058],[6.98138,44.28706],[6.97232,44.28407],[6.96867,44.28686],[6.97155,44.29333],[6.96727,44.29547],[6.96331,44.29356],[6.95731,44.29536],[6.96019,44.31146],[6.95213,44.3197],[6.94488,44.32119],[6.94151,44.32477],[6.93831,44.3246],[6.93503,44.33011],[6.92754,44.33233],[6.92152,44.3428],[6.922,44.35163],[6.91231,44.35327],[6.90478,44.35855],[6.89953,44.35743],[6.88743,44.36129],[6.88791,44.36722],[6.894,44.3692],[6.89681,44.37459],[6.89467,44.38885],[6.89687,44.39512],[6.89428,44.39986],[6.89738,44.40692],[6.89397,44.41003],[6.89283,44.42088],[6.89914,44.42228],[6.90283,44.4204],[6.91795,44.42759],[6.92488,44.42254],[6.93298,44.42507],[6.93364,44.42991],[6.94653,44.42708],[6.94819,44.4297],[6.93951,44.434],[6.93578,44.44025],[6.91256,44.45082],[6.90636,44.46764],[6.89169,44.47188],[6.87583,44.48234],[6.87682,44.48878],[6.86542,44.49521],[6.85811,44.5069],[6.85774,44.52155],[6.85351,44.52787],[6.85874,44.53467],[6.86994,44.53718],[6.8722,44.54575],[6.87666,44.54635],[6.87869,44.5544],[6.8852,44.55196],[6.89037,44.5523],[6.89427,44.55542],[6.90196,44.55378],[6.9065,44.55738],[6.91585,44.55918],[6.91254,44.56884],[6.93287,44.57307],[6.933,44.59476],[6.93831,44.59929],[6.93798,44.60375],[6.95027,44.6099],[6.94875,44.61859],[6.95882,44.62131],[6.96421,44.61878],[6.9683,44.61959],[6.96888,44.62563],[6.96227,44.6264],[6.95413,44.63587],[6.95298,44.64537],[6.94764,44.65387],[6.95937,44.66282],[6.95753,44.67015],[6.96272,44.67795],[6.97119,44.67724],[6.9896,44.69041],[6.99966,44.69065],[7.00377,44.68712],[7.02909,44.69175],[7.05958,44.68006],[7.07711,44.68104],[7.0732,44.69603],[7.06498,44.70915],[7.06575,44.71346],[7.04236,44.71855],[7.02939,44.73006],[7.0301,44.7331],[7.024,44.73932],[7.0263,44.74448],[7.02122,44.7515],[7.02512,44.75629],[7.02425,44.76378],[7.02007,44.76801],[7.02198,44.77073],[7.01162,44.78357],[6.99958,44.78972],[7.0092,44.79616],[7.00935,44.80172],[7.01947,44.81271],[7.02391,44.82322],[7.00954,44.82625],[7.00661,44.8398],[7.00139,44.84237],[6.99317,44.84257],[6.98119,44.84683],[6.96808,44.84715],[6.95442,44.85559],[6.93091,44.86309],[6.92234,44.85125],[6.91323,44.84515],[6.90713,44.84422],[6.903,44.84808],[6.89805,44.84855],[6.88505,44.84728],[6.87705,44.85134],[6.86317,44.85068],[6.8541,44.85812],[6.83962,44.85997],[6.83007,44.86801],[6.80458,44.87714],[6.79979,44.88504],[6.80161,44.89108],[6.78467,44.88934],[6.78449,44.89347],[6.78058,44.89319],[6.777,44.90021],[6.77143,44.90345],[6.76048,44.90277],[6.75156,44.90552],[6.7518,44.91725],[6.74845,44.92176],[6.75399,44.93205],[6.76079,44.9305],[6.76084,44.93358],[6.75421,44.93802],[6.74364,44.9361],[6.75854,44.94808],[6.76533,44.96213],[6.76318,44.97172],[6.74923,44.97761],[6.7494,44.9851],[6.7379,44.98934],[6.73696,44.99354],[6.75112,44.99595],[6.74449,45.01483],[6.72265,45.02213],[6.69885,45.0201],[6.68283,45.02229],[6.6733,45.01963],[6.67095,45.02879],[6.66392,45.03401],[6.66496,45.03995],[6.67033,45.04238],[6.66968,45.04444],[6.65877,45.05232],[6.66375,45.05822],[6.66209,45.07166],[6.65546,45.07098],[6.64504,45.07569],[6.64753,45.08477],[6.64103,45.08709],[6.64104,45.08985],[6.63321,45.09418],[6.63107,45.09962],[6.62755,45.1012],[6.62991,45.10937]]],[[[7.04868,43.52379],[7.0439,43.52434],[7.03769,43.52178],[7.03236,43.52363],[7.03168,43.52147],[7.03433,43.51784],[7.04297,43.51616],[7.06711,43.51512],[7.07032,43.51758],[7.04868,43.52379]]],[[[7.03744,43.50706],[7.04836,43.50575],[7.05507,43.50795],[7.04164,43.50926],[7.03744,43.50706]]],[[[5.61502,43.16141],[5.62004,43.15822],[5.61878,43.16165],[5.61502,43.16141]]],[[[5.28585,43.26601],[5.29022,43.26085],[5.3018,43.27222],[5.31126,43.27463],[5.30977,43.27671],[5.30413,43.27652],[5.30355,43.27873],[5.3089,43.28148],[5.31462,43.28069],[5.31545,43.28406],[5.31947,43.28262],[5.32336,43.28656],[5.31836,43.28488],[5.3142,43.28683],[5.31232,43.28422],[5.30235,43.28539],[5.3015,43.28366],[5.30543,43.28177],[5.29235,43.2807],[5.30255,43.27975],[5.30343,43.276],[5.29645,43.26966],[5.28585,43.26601]]],[[[5.37191,43.17949],[5.37365,43.17705],[5.38581,43.17312],[5.39839,43.17413],[5.38631,43.17916],[5.37191,43.17949]]],[[[5.32137,43.3459],[5.33952,43.33458],[5.36112,43.30882],[5.35951,43.30343],[5.36149,43.30925],[5.33989,43.33569],[5.32137,43.3459]]],[[[5.32864,43.21249],[5.33833,43.2081],[5.34,43.20927],[5.33799,43.2128],[5.32864,43.21249]]],[[[5.35529,43.20133],[5.37164,43.19397],[5.36284,43.19995],[5.35529,43.20133]]],[[[5.3814,43.19018],[5.38902,43.18536],[5.38977,43.18671],[5.3814,43.19018]]],[[[4.8736,43.36848],[4.87555,43.36211],[4.87723,43.36517],[4.8736,43.36848]]],[[[4.87681,43.35963],[4.87751,43.35642],[4.8799,43.35904],[4.87681,43.35963]]],[[[5.74997,43.12662],[5.75021,43.12863],[5.74748,43.12844],[5.74997,43.12662]]],[[[6.58373,43.27126],[6.58502,43.26914],[6.58569,43.27143],[6.58373,43.27126]]],[[[6.1602,43.00186],[6.16222,42.99826],[6.16803,43.0003],[6.1725,42.99562],[6.17671,42.99716],[6.17848,42.99396],[6.19314,42.99081],[6.19711,42.98808],[6.19542,42.98395],[6.1992,42.98215],[6.20725,42.98281],[6.21544,42.99136],[6.21994,42.98994],[6.23198,42.99631],[6.24189,42.99845],[6.24597,42.9971],[6.25078,42.99961],[6.24929,43.00387],[6.25236,43.00397],[6.24885,43.01638],[6.2436,43.02047],[6.24242,43.02544],[6.23931,43.02472],[6.23413,43.01203],[6.22888,43.0099],[6.2172,43.01361],[6.21776,43.00955],[6.20922,43.00203],[6.20347,43.00328],[6.19906,43.00062],[6.1931,43.00501],[6.18764,43.00425],[6.1861,43.00806],[6.18062,43.00892],[6.17002,43.00647],[6.16762,43.00091],[6.1602,43.00186]]],[[[6.43403,43.0147],[6.43249,43.00965],[6.43793,43.00346],[6.45176,43.01806],[6.46113,43.01362],[6.46779,43.01762],[6.47162,43.01743],[6.47297,43.02559],[6.48018,43.0301],[6.48524,43.03994],[6.49425,43.04284],[6.50392,43.0417],[6.50971,43.04469],[6.51131,43.04678],[6.50798,43.04743],[6.50862,43.05231],[6.50494,43.05319],[6.48493,43.04748],[6.47628,43.0472],[6.47569,43.04886],[6.46837,43.04544],[6.4583,43.0281],[6.43773,43.02396],[6.43373,43.0203],[6.43403,43.0147]]],[[[6.36991,42.99974],[6.373,42.99558],[6.38657,42.99838],[6.39725,42.99288],[6.40673,42.99577],[6.40953,43.00152],[6.41773,43.00721],[6.42081,43.01401],[6.41287,43.00907],[6.41414,43.01652],[6.40888,43.01913],[6.40061,43.01517],[6.39395,43.01466],[6.39122,43.01164],[6.38349,43.01402],[6.3797,43.01039],[6.38332,43.007],[6.37687,43.00747],[6.37257,43.00186],[6.36869,43.0021],[6.36991,42.99974]]],[[[6.35945,43.00824],[6.36425,43.00419],[6.3637,43.01007],[6.36784,43.01842],[6.36269,43.01793],[6.36008,43.0153],[6.35945,43.00824]]],[[[6.14422,43.01748],[6.14607,43.02002],[6.14012,43.0208],[6.14342,43.01539],[6.14422,43.01748]]],[[[5.77989,43.07311],[5.77855,43.07041],[5.78149,43.0703],[5.79206,43.07774],[5.78983,43.07936],[5.78599,43.07686],[5.78238,43.07801],[5.78375,43.08166],[5.78038,43.08234],[5.77752,43.07478],[5.77989,43.07311]]],[[[5.78994,43.06916],[5.79248,43.06926],[5.78894,43.0728],[5.78994,43.06916]]],[[[4.86926,44.3449],[4.87981,44.34531],[4.89536,44.33817],[4.89428,44.333],[4.88951,44.33307],[4.88171,44.32473],[4.89168,44.31329],[4.88928,44.30404],[4.92474,44.30853],[4.94435,44.30595],[4.95081,44.3012],[4.95728,44.30259],[4.95939,44.29895],[4.98003,44.29739],[4.98713,44.29273],[4.99111,44.31203],[4.99813,44.31969],[5.01378,44.32579],[5.00902,44.33389],[5.0229,44.34559],[5.02323,44.35997],[5.02736,44.36295],[5.03238,44.36102],[5.03765,44.36433],[5.04234,44.3625],[5.0547,44.3648],[5.05758,44.37009],[5.07148,44.37748],[5.07203,44.38112],[5.071,44.38318],[5.06562,44.38172],[5.06036,44.38419],[5.0479,44.38113],[5.04299,44.38715],[5.03655,44.38708],[5.03542,44.39073],[5.0158,44.39273],[5.01332,44.40552],[5.02006,44.40982],[5.01855,44.41576],[5.01182,44.41557],[5.01059,44.41102],[5.00088,44.41285],[4.98886,44.42324],[4.9778,44.42375],[4.97688,44.42853],[4.97116,44.43139],[4.96034,44.41993],[4.95193,44.42002],[4.94598,44.41492],[4.91822,44.40772],[4.90955,44.39644],[4.91175,44.38754],[4.90675,44.37408],[4.90018,44.36956],[4.89473,44.36929],[4.89058,44.35976],[4.87315,44.35073],[4.86926,44.3449]]]]},"properties":{"code":"93","nom":"Provence-Alpes-Côte d'Azur"}},
{"type":"Feature","geometry":{"type":"MultiPolygon","coordinates":[[[[8.79808,41.90473],[8.80321,41.89122],[8.78921,41.88408],[8.77909,41.88285],[8.78572,41.87743],[8.78095,41.87367],[8.78542,41.87242],[8.79038,41.86658],[8.78833,41.85041],[8.77181,41.84585],[8.76078,41.84818],[8.7509,41.84519],[8.75186,41.84242],[8.75647,41.841],[8.76393,41.84403],[8.77217,41.83556],[8.78385,41.83254],[8.78393,41.82924],[8.77408,41.82467],[8.77199,41.81199],[8.76231,41.80889],[8.75797,41.80897],[8.75516,41.81241],[8.75012,41.81143],[8.7446,41.80536],[8.74159,41.80541],[8.74083,41.79831],[8.73814,41.7971],[8.72125,41.79799],[8.71721,41.80371],[8.71099,41.80113],[8.70921,41.79637],[8.71782,41.79519],[8.71993,41.78909],[8.72646,41.78927],[8.72815,41.78151],[8.73292,41.78033],[8.7289,41.77428],[8.70793,41.7573],[8.70287,41.75716],[8.68402,41.74692],[8.67227,41.75286],[8.66296,41.75076],[8.65875,41.7405],[8.66217,41.73964],[8.6661,41.74329],[8.67204,41.74374],[8.68182,41.73985],[8.68596,41.74205],[8.68935,41.74017],[8.69487,41.74186],[8.70318,41.73993],[8.70775,41.73628],[8.70297,41.72543],[8.70722,41.72173],[8.71656,41.72248],[8.72969,41.72915],[8.7358,41.72925],[8.76006,41.73849],[8.7753,41.74151],[8.78208,41.73796],[8.78477,41.73353],[8.78135,41.72484],[8.77485,41.72106],[8.77149,41.7136],[8.77898,41.70963],[8.78731,41.70925],[8.78743,41.70447],[8.78183,41.6997],[8.79212,41.70105],[8.79598,41.71021],[8.80689,41.71008],[8.80841,41.71347],[8.81279,41.71434],[8.82565,41.70963],[8.83642,41.70017],[8.84355,41.69708],[8.86982,41.69648],[8.87403,41.694],[8.87907,41.69591],[8.8865,41.68946],[8.91426,41.69057],[8.91686,41.68358],[8.91385,41.67982],[8.90045,41.67587],[8.89877,41.67846],[8.88991,41.67166],[8.88106,41.67015],[8.87733,41.6524],[8.87225,41.64676],[8.86932,41.64551],[8.86337,41.64856],[8.85622,41.64628],[8.85287,41.6476],[8.84762,41.64261],[8.84208,41.64275],[8.84096,41.63971],[8.82982,41.63859],[8.81996,41.62959],[8.8113,41.63136],[8.8095,41.64001],[8.80574,41.64134],[8.80303,41.64065],[8.80291,41.63326],[8.7957,41.63226],[8.79057,41.62834],[8.79475,41.6234],[8.78559,41.61794],[8.79119,41.61545],[8.79169,41.6076],[8.78538,41.6013],[8.78693,41.59721],[8.77447,41.59192],[8.78206,41.59032],[8.78201,41.58542],[8.7922,41.58675],[8.79178,41.57894],[8.7987,41.57526],[8.80394,41.57576],[8.80171,41.57215],[8.78991,41.56639],[8.7893,41.56344],[8.78596,41.56447],[8.78869,41.55787],[8.79531,41.55571],[8.80934,41.55707],[8.81284,41.55291],[8.81647,41.55321],[8.81431,41.54905],[8.82107,41.54507],[8.82834,41.54519],[8.82974,41.54746],[8.83725,41.54544],[8.84502,41.54701],[8.84347,41.54247],[8.84609,41.54068],[8.85401,41.54655],[8.85104,41.53979],[8.85571,41.53542],[8.84142,41.52385],[8.84114,41.51966],[8.84441,41.51812],[8.85487,41.51808],[8.86041,41.52154],[8.8655,41.52013],[8.87369,41.5246],[8.87705,41.52424],[8.884,41.51809],[8.89069,41.51607],[8.88184,41.50823],[8.88452,41.50552],[8.89235,41.50838],[8.91479,41.50748],[8.92091,41.49833],[8.92144,41.48892],[8.92888,41.49123],[8.93202,41.49587],[8.93701,41.49485],[8.93722,41.49121],[8.9407,41.48967],[8.9606,41.49264],[8.96707,41.48847],[8.96612,41.48391],[8.97296,41.48522],[8.97661,41.48326],[8.97547,41.48105],[8.98184,41.47894],[8.98066,41.47613],[8.98359,41.47386],[8.99269,41.48523],[8.99542,41.48564],[8.99704,41.47987],[9.00291,41.47517],[9.00991,41.47428],[9.01461,41.47876],[9.01796,41.4782],[9.01511,41.47284],[9.01913,41.46681],[9.02545,41.46612],[9.02251,41.46297],[9.0253,41.46159],[9.02874,41.46763],[9.03501,41.47108],[9.03959,41.469],[9.03805,41.45967],[9.04037,41.45687],[9.04693,41.46118],[9.05259,41.46026],[9.07348,41.47933],[9.07713,41.4771],[9.07973,41.48222],[9.08298,41.47902],[9.07496,41.4705],[9.07134,41.47003],[9.0707,41.46575],[9.06739,41.46554],[9.06927,41.46121],[9.06594,41.45025],[9.06918,41.44918],[9.06982,41.44537],[9.07914,41.44165],[9.09004,41.44572],[9.09354,41.44991],[9.09861,41.44291],[9.10442,41.44279],[9.10714,41.44807],[9.10908,41.44693],[9.10766,41.44168],[9.11505,41.44098],[9.12693,41.4458],[9.11993,41.44071],[9.11849,41.43417],[9.10585,41.42842],[9.10478,41.42219],[9.10938,41.42102],[9.10738,41.41838],[9.1039,41.41573],[9.09883,41.41556],[9.09496,41.41172],[9.09675,41.41077],[9.09143,41.40182],[9.09198,41.39924],[9.09568,41.39959],[9.09341,41.39478],[9.09613,41.39191],[9.13312,41.39992],[9.12665,41.39435],[9.12956,41.39284],[9.13603,41.39411],[9.13489,41.39227],[9.14297,41.38822],[9.15323,41.3906],[9.1648,41.38967],[9.16386,41.38808],[9.15016,41.38849],[9.14844,41.38627],[9.16149,41.38684],[9.16928,41.38457],[9.18029,41.36689],[9.19166,41.36752],[9.19445,41.36571],[9.19808,41.36791],[9.19987,41.36475],[9.2017,41.36677],[9.21425,41.36855],[9.22018,41.36738],[9.22279,41.37185],[9.2217,41.37716],[9.23014,41.38296],[9.23632,41.39493],[9.24549,41.40091],[9.2509,41.41026],[9.25904,41.41336],[9.25862,41.41897],[9.26517,41.42828],[9.25815,41.42839],[9.24503,41.42197],[9.22508,41.40533],[9.22119,41.40459],[9.21595,41.40924],[9.21905,41.41229],[9.20948,41.41323],[9.22159,41.41419],[9.22663,41.41735],[9.22523,41.42384],[9.22892,41.42563],[9.22234,41.43762],[9.22376,41.44272],[9.24373,41.44686],[9.25274,41.45512],[9.25903,41.45686],[9.25911,41.46211],[9.26545,41.46562],[9.2687,41.46579],[9.27065,41.4624],[9.27577,41.4628],[9.27741,41.46542],[9.27127,41.46774],[9.26875,41.4667],[9.2667,41.47034],[9.27073,41.47273],[9.27582,41.4711],[9.27811,41.47674],[9.28409,41.47767],[9.28728,41.48384],[9.28351,41.48945],[9.28747,41.4924],[9.28637,41.4983],[9.28256,41.50015],[9.27713,41.49543],[9.27374,41.49908],[9.2697,41.49831],[9.26765,41.50053],[9.27673,41.50593],[9.28412,41.51721],[9.28291,41.52098],[9.27233,41.52345],[9.27277,41.53029],[9.27672,41.53201],[9.28247,41.5289],[9.28737,41.53041],[9.30282,41.54579],[9.30874,41.54483],[9.30824,41.54891],[9.31841,41.55146],[9.31879,41.55404],[9.32591,41.55832],[9.33406,41.5604],[9.34169,41.55887],[9.35022,41.56745],[9.34693,41.57497],[9.35328,41.57769],[9.36148,41.59095],[9.36793,41.59113],[9.36879,41.59699],[9.33991,41.59426],[9.33726,41.60088],[9.33313,41.60361],[9.3297,41.60184],[9.31815,41.60475],[9.29594,41.58379],[9.29225,41.58786],[9.28322,41.58983],[9.28596,41.59094],[9.28515,41.59526],[9.28104,41.59774],[9.28745,41.59909],[9.28558,41.60365],[9.28756,41.60893],[9.30617,41.61526],[9.30441,41.62516],[9.30837,41.62886],[9.31385,41.62892],[9.31382,41.62552],[9.31982,41.61968],[9.31689,41.61696],[9.3199,41.61544],[9.32666,41.61614],[9.33633,41.62184],[9.34587,41.61766],[9.35565,41.6175],[9.35713,41.62108],[9.35348,41.62126],[9.35175,41.62881],[9.34622,41.62986],[9.34866,41.63817],[9.35857,41.6412],[9.36301,41.63972],[9.3647,41.63612],[9.36918,41.63636],[9.37695,41.64828],[9.38069,41.64847],[9.38472,41.64531],[9.38106,41.65079],[9.3849,41.6524],[9.38594,41.65582],[9.38889,41.65546],[9.38652,41.66029],[9.38103,41.66277],[9.38703,41.67106],[9.3765,41.67],[9.37239,41.67825],[9.38286,41.68897],[9.38705,41.69059],[9.39208,41.68908],[9.39928,41.69229],[9.40161,41.70646],[9.40469,41.70894],[9.40282,41.71189],[9.40618,41.71289],[9.40136,41.71792],[9.40568,41.72168],[9.40199,41.73036],[9.40693,41.7427],[9.40323,41.74963],[9.40794,41.76605],[9.40512,41.7723],[9.3997,41.77162],[9.39553,41.77552],[9.40015,41.7884],[9.39434,41.79769],[9.39884,41.80132],[9.40009,41.81129],[9.40653,41.82331],[9.40015,41.851],[9.4031,41.85699],[9.39883,41.86363],[9.39709,41.87549],[9.40279,41.89871],[9.41333,41.9146],[9.41592,41.92839],[9.41186,41.94511],[9.41485,41.95681],[9.43209,41.98009],[9.45674,42.00169],[9.53085,42.08707],[9.5491,42.10398],[9.55472,42.1246],[9.55654,42.14002],[9.55441,42.164],[9.55888,42.19551],[9.55239,42.23207],[9.55997,42.28269],[9.53784,42.34382],[9.5324,42.36871],[9.53215,42.3826],[9.54344,42.42908],[9.54128,42.45924],[9.52989,42.49029],[9.53436,42.52325],[9.53343,42.54475],[9.52174,42.5752],[9.46624,42.6348],[9.45362,42.65371],[9.44685,42.67089],[9.44652,42.68662],[9.45344,42.69265],[9.44993,42.69575],[9.45266,42.69567],[9.45425,42.70352],[9.45762,42.70291],[9.45425,42.70788],[9.4561,42.72069],[9.46198,42.73326],[9.46375,42.74957],[9.46806,42.75268],[9.46547,42.75778],[9.47197,42.77091],[9.49138,42.79454],[9.4927,42.80711],[9.49008,42.80819],[9.48559,42.83385],[9.48048,42.83655],[9.48545,42.85093],[9.48011,42.86036],[9.48241,42.86404],[9.47877,42.87185],[9.47246,42.87475],[9.47811,42.88058],[9.47368,42.88564],[9.47582,42.88921],[9.47283,42.89583],[9.47451,42.9002],[9.46945,42.90462],[9.47185,42.91063],[9.46973,42.92213],[9.47198,42.9236],[9.46497,42.93205],[9.46925,42.93634],[9.45732,42.94902],[9.4561,42.9577],[9.45166,42.96192],[9.45318,42.96603],[9.45734,42.9654],[9.45401,42.97347],[9.46123,42.97853],[9.46345,42.9866],[9.45393,42.98809],[9.45051,42.99201],[9.44351,42.99376],[9.44227,43.00014],[9.42984,43.00339],[9.4287,43.00866],[9.42309,43.00942],[9.42203,43.0117],[9.41816,43.01099],[9.41442,43.00659],[9.40487,43.00451],[9.40085,43.0086],[9.39629,43.00605],[9.38339,43.01015],[9.37351,43.00447],[9.35737,43.00681],[9.35297,43.00204],[9.34359,42.99937],[9.34024,42.99366],[9.34298,42.99088],[9.3412,42.98805],[9.34537,42.9863],[9.34232,42.97878],[9.3509,42.97294],[9.35073,42.96715],[9.34615,42.96396],[9.34991,42.9608],[9.34595,42.9576],[9.34698,42.95365],[9.35943,42.94501],[9.35037,42.9337],[9.35,42.92892],[9.35917,42.92655],[9.36134,42.92387],[9.35703,42.92327],[9.35409,42.91624],[9.32294,42.8997],[9.32093,42.89402],[9.32884,42.88908],[9.32665,42.88322],[9.32917,42.87401],[9.34034,42.86593],[9.33362,42.86346],[9.3345,42.86045],[9.32913,42.85319],[9.31671,42.84415],[9.31538,42.83675],[9.30961,42.83354],[9.31058,42.82993],[9.32045,42.82471],[9.32624,42.81222],[9.33202,42.81119],[9.34265,42.79766],[9.33923,42.77425],[9.34188,42.77003],[9.33755,42.76386],[9.3458,42.74308],[9.34542,42.73656],[9.3406,42.72944],[9.33419,42.72634],[9.33462,42.72234],[9.32239,42.71682],[9.32298,42.69713],[9.31376,42.68872],[9.30044,42.68352],[9.2997,42.67717],[9.29195,42.67422],[9.28488,42.67598],[9.27899,42.68369],[9.27977,42.68884],[9.2762,42.6888],[9.27694,42.69238],[9.26958,42.69547],[9.26896,42.70109],[9.25949,42.70006],[9.25769,42.70444],[9.25357,42.70499],[9.25704,42.71814],[9.24937,42.71831],[9.24608,42.72126],[9.24528,42.71847],[9.23349,42.71988],[9.22209,42.73533],[9.19836,42.72455],[9.17771,42.73032],[9.17001,42.7334],[9.16915,42.73599],[9.1628,42.73661],[9.14826,42.73117],[9.14302,42.73386],[9.13494,42.72854],[9.12353,42.73124],[9.11805,42.72806],[9.11793,42.72455],[9.11412,42.72704],[9.11007,42.72333],[9.10712,42.72461],[9.10038,42.71566],[9.08587,42.71499],[9.08192,42.70889],[9.08438,42.70552],[9.07073,42.69243],[9.06814,42.69165],[9.05773,42.69639],[9.0599,42.68228],[9.05336,42.6815],[9.05521,42.67394],[9.06035,42.67163],[9.05688,42.66866],[9.06146,42.666],[9.06027,42.66168],[9.04261,42.65345],[9.03647,42.65493],[9.02822,42.6526],[9.01615,42.64167],[9.01048,42.64008],[9.00243,42.64302],[8.99776,42.64014],[8.98932,42.64161],[8.9829,42.63917],[8.9753,42.6401],[8.96552,42.63529],[8.95741,42.63556],[8.95477,42.63361],[8.94053,42.63456],[8.93483,42.63901],[8.92992,42.63743],[8.92267,42.63953],[8.91586,42.63481],[8.91355,42.62993],[8.90781,42.62794],[8.88024,42.62918],[8.88037,42.62637],[8.88399,42.62517],[8.87898,42.62324],[8.88127,42.62093],[8.87444,42.61792],[8.87515,42.6131],[8.86743,42.60826],[8.86136,42.60978],[8.85413,42.60846],[8.85237,42.61239],[8.83415,42.60168],[8.8293,42.60181],[8.82788,42.60588],[8.82398,42.60635],[8.81942,42.60392],[8.80665,42.60401],[8.80163,42.60179],[8.80912,42.59905],[8.81101,42.58966],[8.8026,42.58835],[8.80513,42.5856],[8.7988,42.58347],[8.80258,42.58163],[8.80532,42.57103],[8.79306,42.56082],[8.78158,42.55653],[8.77032,42.5557],[8.75991,42.55892],[8.75613,42.56388],[8.76281,42.5696],[8.75839,42.5688],[8.7559,42.57141],[8.75411,42.569],[8.74462,42.567],[8.74011,42.56865],[8.73786,42.56517],[8.72733,42.56146],[8.72582,42.57194],[8.72914,42.57397],[8.72398,42.57366],[8.72681,42.58412],[8.72453,42.58422],[8.70931,42.5768],[8.71291,42.57397],[8.70695,42.57071],[8.70999,42.5692],[8.71827,42.57085],[8.71477,42.56571],[8.71891,42.56251],[8.71585,42.56052],[8.72308,42.5567],[8.72184,42.5531],[8.71671,42.55068],[8.7228,42.54517],[8.71744,42.54367],[8.71899,42.54037],[8.71033,42.53534],[8.71568,42.53432],[8.71472,42.53079],[8.71765,42.53069],[8.72014,42.52504],[8.70886,42.5229],[8.69948,42.52701],[8.69469,42.52478],[8.69716,42.52293],[8.69557,42.52085],[8.68299,42.51484],[8.68134,42.51754],[8.67489,42.51867],[8.66666,42.51565],[8.66441,42.50424],[8.6663,42.49583],[8.66381,42.49069],[8.65036,42.47894],[8.65108,42.47383],[8.66021,42.47634],[8.67506,42.47651],[8.67987,42.47016],[8.67882,42.46641],[8.67543,42.46653],[8.66477,42.45681],[8.67013,42.45016],[8.66866,42.44494],[8.64992,42.44392],[8.65488,42.43724],[8.66418,42.43476],[8.6568,42.41721],[8.64729,42.41327],[8.63996,42.41856],[8.62206,42.42169],[8.6208,42.41768],[8.60688,42.41626],[8.60539,42.41505],[8.60873,42.41137],[8.60191,42.40967],[8.60361,42.40727],[8.61166,42.40537],[8.61184,42.4033],[8.6029,42.40081],[8.6021,42.39862],[8.6037,42.39513],[8.60813,42.39376],[8.60817,42.38635],[8.6029,42.38642],[8.59441,42.38178],[8.58682,42.38487],[8.58328,42.38187],[8.57672,42.38357],[8.57326,42.38157],[8.57825,42.37442],[8.57165,42.37351],[8.5727,42.37063],[8.56903,42.36962],[8.55359,42.37136],[8.55092,42.37361],[8.55119,42.3788],[8.5458,42.3777],[8.54328,42.36765],[8.55594,42.36503],[8.5568,42.36064],[8.55367,42.35569],[8.55691,42.35194],[8.55194,42.34981],[8.55148,42.34705],[8.55426,42.34627],[8.55378,42.34352],[8.55541,42.34586],[8.55896,42.3443],[8.55894,42.34047],[8.55255,42.3351],[8.55384,42.33353],[8.55983,42.33442],[8.56327,42.33274],[8.56767,42.33798],[8.57236,42.33796],[8.57738,42.3411],[8.58174,42.34877],[8.59006,42.35264],[8.60113,42.35299],[8.61275,42.34653],[8.61477,42.34995],[8.61812,42.34102],[8.62897,42.33971],[8.62649,42.33485],[8.62816,42.33215],[8.59792,42.31894],[8.6045,42.31178],[8.60238,42.30896],[8.60721,42.3069],[8.6257,42.31265],[8.63082,42.31036],[8.629,42.30488],[8.63647,42.30437],[8.63907,42.29952],[8.64838,42.3031],[8.65305,42.3007],[8.66051,42.30251],[8.65962,42.29893],[8.67507,42.29375],[8.6723,42.29094],[8.67824,42.28908],[8.6741,42.28401],[8.6789,42.28074],[8.68716,42.28199],[8.69175,42.27671],[8.68908,42.2716],[8.69309,42.26811],[8.68748,42.2625],[8.67401,42.26307],[8.66514,42.25907],[8.64405,42.25745],[8.63945,42.25276],[8.62638,42.25137],[8.61675,42.25544],[8.61834,42.25236],[8.60999,42.25371],[8.60992,42.25053],[8.5947,42.24709],[8.59268,42.24491],[8.57668,42.2433],[8.57314,42.23848],[8.56891,42.23935],[8.55805,42.23574],[8.5497,42.23992],[8.54014,42.23746],[8.54051,42.23491],[8.54407,42.23575],[8.54807,42.22891],[8.5515,42.22763],[8.55758,42.22865],[8.56018,42.23227],[8.56546,42.23001],[8.57011,42.23085],[8.5743,42.22539],[8.56778,42.21935],[8.57789,42.21451],[8.57462,42.21222],[8.56881,42.21221],[8.57107,42.21062],[8.56844,42.20534],[8.57177,42.20433],[8.57771,42.20768],[8.5815,42.20623],[8.58177,42.19817],[8.58013,42.1953],[8.57715,42.19523],[8.57976,42.19028],[8.57767,42.18903],[8.58102,42.18404],[8.5867,42.18211],[8.58616,42.18005],[8.58244,42.17816],[8.56608,42.17756],[8.56149,42.17132],[8.57021,42.1685],[8.58573,42.17176],[8.59365,42.16814],[8.59099,42.16389],[8.58378,42.16187],[8.57652,42.15515],[8.57198,42.15658],[8.56414,42.15285],[8.55891,42.14618],[8.57345,42.15229],[8.58608,42.15135],[8.59427,42.14327],[8.58437,42.13462],[8.58143,42.12841],[8.59538,42.12931],[8.59659,42.13176],[8.61221,42.13462],[8.61867,42.13006],[8.61761,42.12698],[8.62419,42.12493],[8.62413,42.12253],[8.63467,42.12381],[8.63709,42.11985],[8.64817,42.12048],[8.65157,42.11395],[8.65815,42.10906],[8.6591,42.10127],[8.66587,42.10654],[8.67476,42.10709],[8.67879,42.10467],[8.68626,42.10903],[8.68926,42.11493],[8.70105,42.11201],[8.70087,42.10569],[8.70553,42.10374],[8.71056,42.09593],[8.70378,42.08674],[8.70938,42.08706],[8.71588,42.08042],[8.72043,42.07108],[8.71919,42.06381],[8.73853,42.06509],[8.74499,42.05867],[8.74343,42.05408],[8.74741,42.04995],[8.74178,42.04101],[8.73658,42.03997],[8.72754,42.04325],[8.72395,42.04233],[8.72648,42.03462],[8.71603,42.02959],[8.7003,42.02568],[8.69359,42.02778],[8.68521,42.02662],[8.68297,42.0224],[8.67025,42.01913],[8.65745,42.01021],[8.65448,41.99976],[8.65757,41.99376],[8.65957,41.9916],[8.66772,41.99325],[8.66983,41.98854],[8.66461,41.97736],[8.64622,41.96805],[8.63168,41.96782],[8.62577,41.97091],[8.61476,41.9716],[8.61125,41.96846],[8.59225,41.96448],[8.59245,41.96111],[8.59804,41.96017],[8.5995,41.95697],[8.59753,41.95287],[8.60657,41.95226],[8.60683,41.94223],[8.60967,41.93978],[8.62046,41.93998],[8.62353,41.93454],[8.61968,41.92976],[8.62275,41.9261],[8.61604,41.92401],[8.61579,41.91884],[8.61054,41.91346],[8.60929,41.90806],[8.61599,41.90301],[8.60717,41.89545],[8.60879,41.89429],[8.61679,41.90072],[8.64174,41.91008],[8.67587,41.90442],[8.67875,41.90719],[8.68807,41.9093],[8.71775,41.90787],[8.7242,41.91235],[8.72993,41.91286],[8.7331,41.91691],[8.74058,41.91571],[8.74088,41.9317],[8.74724,41.93355],[8.75522,41.93263],[8.76284,41.92274],[8.77062,41.92772],[8.77939,41.92534],[8.79009,41.91617],[8.79808,41.90473]]],[[[8.58572,41.87433],[8.59398,41.8743],[8.59801,41.88211],[8.58572,41.87433]]],[[[9.25048,41.36858],[9.26147,41.36651],[9.2663,41.36237],[9.26755,41.36672],[9.27318,41.36575],[9.27437,41.36816],[9.27286,41.36973],[9.26564,41.36859],[9.26829,41.37284],[9.26399,41.37357],[9.2613,41.37077],[9.25892,41.3742],[9.25048,41.36858]]],[[[9.24885,41.33972],[9.25648,41.33849],[9.25978,41.33385],[9.26147,41.3399],[9.25637,41.34102],[9.25909,41.3476],[9.2501,41.34304],[9.24885,41.33972]]],[[[9.22648,41.37093],[9.22975,41.3731],[9.22816,41.3739],[9.22648,41.37093]]],[[[8.53468,42.37228],[8.54168,42.3664],[8.54155,42.37152],[8.53468,42.37228]]],[[[9.35845,41.54952],[9.36065,41.54829],[9.36461,41.55239],[9.36189,41.55377],[9.35845,41.54952]]],[[[9.37062,41.56233],[9.37439,41.55864],[9.37437,41.56209],[9.37062,41.56233]]],[[[9.38888,41.67057],[9.38954,41.66869],[9.39636,41.66996],[9.39412,41.67268],[9.38888,41.67057]]],[[[9.40414,43.02607],[9.40887,43.02236],[9.40634,43.02764],[9.40414,43.02607]]],[[[8.93018,42.64508],[8.93614,42.64281],[8.93488,42.6402],[8.93822,42.64171],[8.93679,42.6443],[8.93018,42.64508]]]]},"properties":{"code":"94","nom":"Corse"}},
{"type":"Feature","geometry":{"type":"MultiPolygon","coordinates":[[[[-56.3725,46.79333],[-56.36579,46.79959],[-56.3626,46.7995],[-56.35928,46.79522],[-56.35543,46.7964],[-56.3503,46.79439],[-56.34961,46.78254],[-56.34409,46.7848],[-56.33522,46.7918],[-56.32797,46.79227],[-56.31876,46.80259],[-56.29599,46.81349],[-56.29134,46.81873],[-56.27767,46.82165],[-56.25652,46.83394],[-56.24338,46.84367],[-56.23773,46.85374],[-56.24079,46.85759],[-56.23852,46.87054],[-56.24663,46.87627],[-56.24816,46.88373],[-56.24595,46.88616],[-56.2562,46.88521],[-56.26996,46.89515],[-56.28934,46.8906],[-56.29295,46.89172],[-56.29985,46.89861],[-56.31501,46.90233],[-56.32291,46.9152],[-56.32563,46.92671],[-56.32427,46.93734],[-56.31555,46.96327],[-56.30372,46.97818],[-56.29032,46.98719],[-56.27907,46.98988],[-56.27016,46.99923],[-56.25022,47.03975],[-56.2544,47.05993],[-56.27134,47.06716],[-56.30837,47.07623],[-56.33102,47.09083],[-56.34757,47.09837],[-56.35219,47.09882],[-56.36309,47.09471],[-56.36862,47.09589],[-56.37788,47.10252],[-56.38061,47.11605],[-56.36155,47.12211],[-56.35553,47.12901],[-56.34353,47.13295],[-56.34367,47.14395],[-56.36144,47.13755],[-56.36318,47.13443],[-56.37105,47.13174],[-56.38197,47.13217],[-56.39129,47.1267],[-56.39492,47.11616],[-56.40113,47.1105],[-56.40164,47.1047],[-56.39086,47.10039],[-56.38478,47.08149],[-56.38354,47.06522],[-56.3893,47.05556],[-56.38434,47.03982],[-56.38605,47.03302],[-56.38326,47.02089],[-56.37097,47.00939],[-56.36158,47.00702],[-56.35297,46.99569],[-56.33795,46.9656],[-56.32886,46.93462],[-56.32918,46.90178],[-56.33212,46.89539],[-56.33808,46.89431],[-56.34155,46.89002],[-56.34196,46.8774],[-56.3469,46.86979],[-56.35712,46.86303],[-56.38087,46.85749],[-56.38765,46.84925],[-56.40553,46.83598],[-56.40067,46.8279],[-56.40276,46.82125],[-56.40079,46.82536],[-56.38896,46.82866],[-56.37798,46.82816],[-56.37066,46.82409],[-56.37041,46.81463],[-56.37309,46.80464],[-56.37613,46.80306],[-56.3725,46.79333]]],[[[-56.12756,46.78843],[-56.12762,46.79332],[-56.13181,46.78782],[-56.12756,46.78843]]],[[[-56.16906,46.82026],[-56.15701,46.82291],[-56.16681,46.82516],[-56.17415,46.82142],[-56.16906,46.82026]]],[[[-56.14661,46.78466],[-56.14746,46.78717],[-56.13935,46.79251],[-56.1446,46.79156],[-56.1443,46.78983],[-56.14861,46.7904],[-56.14938,46.78697],[-56.15607,46.78364],[-56.15528,46.78172],[-56.14877,46.78089],[-56.14661,46.78466]]],[[[-56.17132,46.77921],[-56.16617,46.7838],[-56.16883,46.78409],[-56.16915,46.78725],[-56.15432,46.79737],[-56.15504,46.80784],[-56.16615,46.81584],[-56.19438,46.80956],[-56.19833,46.8032],[-56.21332,46.79493],[-56.23415,46.76668],[-56.24185,46.76573],[-56.24072,46.76275],[-56.22767,46.76203],[-56.22569,46.75846],[-56.22803,46.7558],[-56.223,46.75077],[-56.21666,46.75468],[-56.21711,46.75992],[-56.21376,46.7619],[-56.20179,46.76075],[-56.19472,46.76702],[-56.19051,46.76616],[-56.19316,46.76218],[-56.19086,46.75704],[-56.17671,46.7584],[-56.17272,46.76248],[-56.1682,46.7611],[-56.171,46.75956],[-56.16813,46.75822],[-56.16577,46.76068],[-56.15271,46.76348],[-56.15105,46.7683],[-56.15963,46.77008],[-56.15829,46.77548],[-56.16987,46.77519],[-56.16836,46.77822],[-56.17039,46.77471],[-56.17655,46.77485],[-56.17132,46.77921]]]]},"properties":{"code":"975","nom":"Saint-Pierre-et-Miquelon"}},
{"type":"Feature","geometry":{"type":"MultiPolygon","coordinates":[[[[-62.81938,17.94346],[-62.81757,17.94162],[-62.81727,17.94389],[-62.81938,17.94346]]],[[[-62.87422,17.95701],[-62.87413,17.95468],[-62.87247,17.95495],[-62.87422,17.95701]]],[[[-62.79819,17.91833],[-62.79642,17.91879],[-62.79843,17.92095],[-62.79997,17.91954],[-62.79819,17.91833]]],[[[-62.84971,17.93132],[-62.84763,17.93704],[-62.85468,17.93405],[-62.85476,17.93036],[-62.84971,17.93132]]],[[[-62.83689,17.93695],[-62.83019,17.94165],[-62.83641,17.94045],[-62.83689,17.93695]]],[[[-62.90307,17.95698],[-62.90475,17.95246],[-62.90267,17.95104],[-62.89831,17.9583],[-62.90556,17.96091],[-62.91027,17.9589],[-62.90942,17.95701],[-62.90307,17.95698]]],[[[-62.86625,17.91319],[-62.86072,17.90785],[-62.85689,17.90844],[-62.85304,17.90449],[-62.84864,17.89607],[-62.84976,17.89506],[-62.853,17.89873],[-62.85314,17.89526],[-62.84767,17.89221],[-62.8401,17.87986],[-62.8369,17.87823],[-62.83406,17.88411],[-62.83133,17.88507],[-62.82757,17.88019],[-62.8267,17.88355],[-62.82429,17.88287],[-62.82342,17.88655],[-62.8204,17.88781],[-62.8155,17.88608],[-62.81335,17.88182],[-62.81074,17.88308],[-62.80911,17.89109],[-62.79632,17.8974],[-62.79252,17.89413],[-62.79217,17.90137],[-62.78931,17.9051],[-62.78945,17.9106],[-62.79468,17.90545],[-62.79719,17.90663],[-62.79747,17.91234],[-62.80097,17.90835],[-62.8037,17.91064],[-62.80307,17.91307],[-62.80878,17.91031],[-62.80983,17.91169],[-62.807,17.91477],[-62.81261,17.91538],[-62.8147,17.91955],[-62.82118,17.908],[-62.82662,17.90693],[-62.82894,17.90957],[-62.83369,17.90594],[-62.83283,17.90388],[-62.83706,17.90302],[-62.84118,17.90633],[-62.83999,17.91016],[-62.84467,17.91263],[-62.84407,17.91678],[-62.84876,17.91739],[-62.8501,17.92207],[-62.85614,17.91923],[-62.86082,17.9215],[-62.86333,17.91974],[-62.86822,17.92903],[-62.87249,17.92718],[-62.8682,17.92486],[-62.86969,17.92151],[-62.8729,17.92051],[-62.86625,17.91319]]]]},"properties":{"code":"977","nom":"Saint-Barthélemy"}},
{"type":"Feature","geometry":{"type":"MultiPolygon","coordinates":[[[[-62.97763,18.12479],[-62.98768,18.11949],[-62.98926,18.11261],[-62.98414,18.11579],[-62.97379,18.11673],[-62.97175,18.1205],[-62.97426,18.12201],[-62.97325,18.12488],[-62.97763,18.12479]]],[[[-63.1374,18.05341],[-63.13308,18.0544],[-63.13265,18.05913],[-63.12827,18.06026],[-63.12647,18.06381],[-63.1202,18.06731],[-63.10889,18.05927],[-63.10915,18.0564],[-63.10602,18.05809],[-63.09961,18.05654],[-63.09315,18.0594],[-63.09629,18.0616],[-63.10587,18.06034],[-63.11405,18.06426],[-63.11671,18.06862],[-63.11365,18.07192],[-63.11627,18.07363],[-63.11295,18.07674],[-63.12575,18.06826],[-63.13935,18.07345],[-63.14779,18.07216],[-63.14698,18.06927],[-63.15334,18.06241],[-63.14214,18.05813],[-63.13899,18.05476],[-63.13991,18.05316],[-63.1374,18.05341]]],[[[-63.01641,18.1066],[-63.01409,18.10429],[-63.01174,18.10817],[-63.01641,18.1066]]],[[[-63.01877,18.05648],[-63.01031,18.05409],[-63.01365,18.06238],[-63.01226,18.06667],[-63.01621,18.06673],[-63.01995,18.07197],[-63.01837,18.07683],[-63.01489,18.07807],[-63.01426,18.07656],[-63.01086,18.0823],[-63.01868,18.08643],[-63.02272,18.09154],[-63.02386,18.09631],[-63.02204,18.1018],[-63.02498,18.10613],[-63.02245,18.10873],[-63.01906,18.10724],[-63.01722,18.10916],[-63.02047,18.1138],[-63.01953,18.12229],[-63.02506,18.12419],[-63.03813,18.12344],[-63.0404,18.11908],[-63.0388,18.11546],[-63.04123,18.11397],[-63.0443,18.11686],[-63.05231,18.11834],[-63.0532,18.10679],[-63.05942,18.10021],[-63.07172,18.10195],[-63.07417,18.09479],[-63.0851,18.08702],[-63.08089,18.0787],[-63.08417,18.07303],[-63.08946,18.07102],[-63.09016,18.0693],[-63.08655,18.06774],[-63.09618,18.06272],[-63.09304,18.06032],[-63.08663,18.06482],[-63.09048,18.05077],[-63.09453,18.05286],[-63.09564,18.05084],[-63.08829,18.04659],[-63.07729,18.04931],[-63.07504,18.05511],[-63.06694,18.05785],[-63.06309,18.06376],[-63.05233,18.06385],[-63.0401,18.05576],[-63.03683,18.05787],[-63.02879,18.05458],[-63.02341,18.05776],[-63.01877,18.05648]]]]},"properties":{"code":"978","nom":"Saint-Martin"}},
{"type":"Feature","geometry":{"type":"MultiPolygon","coordinates":[[[[77.52223,-38.71978],[77.52277,-38.71725],[77.53213,-38.71292],[77.51999,-38.70411],[77.50847,-38.70251],[77.50538,-38.70564],[77.50445,-38.71321],[77.50896,-38.72174],[77.5117,-38.73613],[77.5207,-38.7355],[77.53679,-38.73875],[77.54146,-38.73525],[77.54809,-38.73536],[77.54606,-38.72741],[77.53602,-38.71883],[77.53505,-38.72291],[77.5311,-38.72525],[77.52355,-38.72299],[77.52223,-38.71978]]],[[[77.54783,-37.79672],[77.52912,-37.80037],[77.52801,-37.80884],[77.51278,-37.83654],[77.51864,-37.85242],[77.53491,-37.86615],[77.53613,-37.8724],[77.54512,-37.87756],[77.55866,-37.88056],[77.57094,-37.87624],[77.59164,-37.86126],[77.596,-37.85645],[77.59707,-37.8484],[77.58963,-37.81427],[77.57585,-37.79584],[77.55955,-37.79253],[77.54783,-37.79672]]],[[[68.74383,-49.69254],[68.75321,-49.69211],[68.74429,-49.69059],[68.74383,-49.69254]]],[[[68.7378,-49.66894],[68.74114,-49.66936],[68.73763,-49.66407],[68.73023,-49.6641],[68.7378,-49.66894]]],[[[68.76215,-49.37158],[68.7705,-49.37376],[68.75555,-49.364],[68.74989,-49.3655],[68.74941,-49.36759],[68.75711,-49.36874],[68.75681,-49.37313],[68.76215,-49.37158]]],[[[68.64947,-49.35516],[68.64755,-49.35674],[68.66376,-49.35861],[68.66821,-49.35666],[68.68122,-49.36061],[68.68362,-49.35843],[68.69089,-49.36318],[68.7077,-49.35905],[68.71801,-49.36188],[68.72126,-49.35895],[68.7341,-49.35953],[68.74387,-49.36494],[68.74868,-49.36294],[68.74279,-49.35905],[68.74498,-49.35777],[68.75296,-49.36085],[68.76204,-49.35656],[68.76313,-49.3651],[68.7755,-49.37225],[68.77914,-49.36279],[68.78303,-49.36597],[68.78683,-49.36507],[68.78719,-49.37098],[68.79043,-49.37109],[68.79136,-49.36182],[68.79986,-49.36043],[68.80018,-49.35587],[68.79668,-49.35265],[68.79877,-49.34994],[68.80324,-49.35237],[68.80435,-49.35006],[68.79942,-49.34704],[68.79844,-49.34187],[68.78286,-49.34779],[68.78927,-49.33974],[68.79519,-49.33773],[68.78705,-49.32923],[68.78282,-49.32931],[68.78342,-49.33379],[68.77908,-49.33415],[68.77788,-49.33671],[68.77152,-49.33374],[68.76437,-49.33584],[68.76251,-49.3397],[68.75662,-49.33827],[68.75217,-49.3442],[68.74614,-49.34612],[68.74483,-49.34275],[68.75003,-49.341],[68.74772,-49.33772],[68.74011,-49.33802],[68.7365,-49.34202],[68.7317,-49.34254],[68.7212,-49.33897],[68.71602,-49.34238],[68.70752,-49.33416],[68.69197,-49.32737],[68.67634,-49.32668],[68.66545,-49.32202],[68.65774,-49.32532],[68.65434,-49.33495],[68.66298,-49.33496],[68.67558,-49.33865],[68.6583,-49.34007],[68.6559,-49.33859],[68.6479,-49.34161],[68.64279,-49.34744],[68.64858,-49.35045],[68.64582,-49.3536],[68.64947,-49.35516]]],[[[68.79864,-49.3035],[68.79956,-49.30513],[68.80291,-49.3042],[68.8002,-49.29906],[68.79769,-49.29979],[68.79864,-49.3035]]],[[[68.71356,-48.75702],[68.71674,-48.756],[68.71952,-48.75876],[68.72105,-48.75583],[68.72052,-48.7505],[68.71605,-48.74743],[68.71339,-48.75277],[68.70658,-48.75627],[68.71356,-48.75702]]],[[[68.77379,-48.65579],[68.77235,-48.65804],[68.77591,-48.65749],[68.77379,-48.65579]]],[[[68.67085,-48.6388],[68.67314,-48.6414],[68.67568,-48.64029],[68.67406,-48.63604],[68.67085,-48.6388]]],[[[68.7277,-48.63448],[68.73487,-48.64601],[68.73947,-48.64018],[68.73825,-48.63756],[68.73313,-48.63613],[68.73284,-48.63095],[68.7277,-48.63448]]],[[[68.60533,-48.64113],[68.60708,-48.64785],[68.61462,-48.64842],[68.61652,-48.64612],[68.62374,-48.64505],[68.63741,-48.65269],[68.64625,-48.65246],[68.65979,-48.64615],[68.65877,-48.64258],[68.66158,-48.64048],[68.66995,-48.63897],[68.665,-48.63613],[68.66964,-48.63638],[68.6753,-48.62772],[68.67059,-48.6243],[68.66153,-48.62692],[68.65635,-48.62231],[68.65365,-48.6247],[68.64641,-48.62479],[68.64771,-48.62715],[68.64351,-48.63045],[68.63451,-48.63069],[68.62983,-48.6297],[68.62475,-48.62208],[68.62145,-48.62204],[68.61586,-48.63141],[68.6023,-48.63314],[68.59965,-48.63954],[68.60533,-48.64113]]],[[[68.7139,-48.64096],[68.72546,-48.63698],[68.72339,-48.63293],[68.71582,-48.63083],[68.7139,-48.64096]]],[[[68.74856,-48.62784],[68.74582,-48.62873],[68.74797,-48.63028],[68.74856,-48.62784]]],[[[68.75196,-48.62361],[68.7538,-48.62588],[68.75582,-48.62496],[68.75196,-48.62361]]],[[[68.7502,-48.59447],[68.75131,-48.59662],[68.75729,-48.59715],[68.757,-48.59513],[68.7502,-48.59447]]],[[[68.7628,-48.59916],[68.75914,-48.60202],[68.76364,-48.60483],[68.7636,-48.6092],[68.77293,-48.60648],[68.78023,-48.61258],[68.7839,-48.61198],[68.78637,-48.60912],[68.79467,-48.60697],[68.80164,-48.60005],[68.81007,-48.59787],[68.81113,-48.59021],[68.80442,-48.584],[68.81126,-48.58345],[68.81043,-48.58188],[68.80434,-48.58251],[68.80101,-48.58064],[68.80087,-48.57509],[68.79644,-48.57192],[68.77822,-48.57166],[68.77155,-48.58297],[68.77128,-48.59096],[68.77669,-48.59469],[68.77611,-48.5978],[68.76966,-48.60019],[68.7628,-48.59916]]],[[[68.80213,-48.45334],[68.80133,-48.45173],[68.79871,-48.45423],[68.80213,-48.45334]]],[[[68.80304,-49.82904],[68.808,-49.82994],[68.80887,-49.82764],[68.80614,-49.82617],[68.80304,-49.82904]]],[[[68.82614,-49.73501],[68.82443,-49.73355],[68.82284,-49.73752],[68.82614,-49.73501]]],[[[68.82964,-49.47789],[68.82897,-49.47926],[68.83315,-49.47787],[68.82964,-49.47789]]],[[[68.83781,-49.47297],[68.83585,-49.4761],[68.84067,-49.47419],[68.83781,-49.47297]]],[[[68.82892,-49.31624],[68.82786,-49.31286],[68.8207,-49.31335],[68.82629,-49.31746],[68.82892,-49.31624]]],[[[68.81078,-49.30726],[68.8086,-49.30413],[68.80682,-49.30607],[68.81078,-49.30726]]],[[[68.83908,-48.95616],[68.83606,-48.95725],[68.83906,-48.95787],[68.83908,-48.95616]]],[[[68.80788,-48.95574],[68.81061,-48.9563],[68.80512,-48.95111],[68.80474,-48.95456],[68.80788,-48.95574]]],[[[68.8357,-48.95062],[68.83343,-48.95162],[68.83663,-48.95202],[68.8357,-48.95062]]],[[[69.16305,-49.60463],[69.16432,-49.60192],[69.16073,-49.6006],[69.16305,-49.60463]]],[[[69.07831,-49.55014],[69.07905,-49.54331],[69.07429,-49.54125],[69.07546,-49.54436],[69.07162,-49.54908],[69.07303,-49.55189],[69.07831,-49.55014]]],[[[68.86232,-49.42095],[68.86147,-49.42414],[68.86386,-49.42442],[68.86723,-49.42117],[68.86232,-49.42095]]],[[[68.85758,-49.42332],[68.85969,-49.42406],[68.86012,-49.42009],[68.85602,-49.41826],[68.85314,-49.42084],[68.85758,-49.42332]]],[[[69.2052,-49.12221],[69.2066,-49.12427],[69.20941,-49.12232],[69.20617,-49.12068],[69.2052,-49.12221]]],[[[69.01934,-49.01996],[69.02128,-49.02178],[69.02462,-49.01855],[69.01934,-49.01996]]],[[[69.13371,-48.93426],[69.13401,-48.93569],[69.13844,-48.9335],[69.13371,-48.93426]]],[[[69.13942,-48.98061],[69.14222,-48.98292],[69.15086,-48.98365],[69.16977,-48.97935],[69.18199,-48.97044],[69.19435,-48.95438],[69.21049,-48.94598],[69.20395,-48.93745],[69.20463,-48.93346],[69.20644,-48.93191],[69.21724,-48.93408],[69.2206,-48.92868],[69.2216,-48.9207],[69.2178,-48.9149],[69.20271,-48.91806],[69.20159,-48.91516],[69.20868,-48.91124],[69.21008,-48.90611],[69.21677,-48.90534],[69.21935,-48.90694],[69.21752,-48.90894],[69.224,-48.90634],[69.22681,-48.8959],[69.23308,-48.89364],[69.24343,-48.88469],[69.23866,-48.88012],[69.23309,-48.88096],[69.22057,-48.89388],[69.21549,-48.89376],[69.20799,-48.88578],[69.20778,-48.87844],[69.21143,-48.87421],[69.20978,-48.87036],[69.20235,-48.86628],[69.20211,-48.86021],[69.21656,-48.85214],[69.215,-48.84895],[69.19703,-48.85548],[69.16584,-48.89536],[69.16457,-48.90142],[69.16105,-48.90258],[69.16278,-48.90749],[69.15525,-48.92042],[69.15237,-48.92384],[69.14257,-48.92609],[69.15066,-48.93717],[69.14838,-48.94744],[69.15136,-48.95836],[69.13942,-48.98061]]],[[[69.12601,-48.83053],[69.12852,-48.82622],[69.12518,-48.82719],[69.12601,-48.83053]]],[[[69.18702,-48.71591],[69.185,-48.72316],[69.18903,-48.72044],[69.18702,-48.71591]]],[[[69.18155,-48.71304],[69.17874,-48.71511],[69.18286,-48.71417],[69.18155,-48.71304]]],[[[69.18653,-48.70519],[69.18447,-48.70267],[69.18415,-48.70536],[69.18653,-48.70519]]],[[[69.23863,-49.6008],[69.23758,-49.60587],[69.23549,-49.60751],[69.2293,-49.60671],[69.22403,-49.61285],[69.23273,-49.61895],[69.2311,-49.6272],[69.23241,-49.62529],[69.23804,-49.62581],[69.24852,-49.6157],[69.23863,-49.6008]]],[[[69.29615,-49.61487],[69.29179,-49.61143],[69.29176,-49.6063],[69.28916,-49.60651],[69.28962,-49.61246],[69.29615,-49.61487]]],[[[69.28616,-49.60967],[69.2863,-49.6069],[69.28164,-49.61246],[69.28665,-49.61306],[69.28616,-49.60967]]],[[[69.28546,-49.60512],[69.28782,-49.60293],[69.28278,-49.6009],[69.28171,-49.60404],[69.28546,-49.60512]]],[[[69.22043,-49.59217],[69.22172,-49.5967],[69.22385,-49.59357],[69.22043,-49.59217]]],[[[69.23643,-49.60083],[69.23924,-49.5974],[69.22852,-49.59219],[69.22585,-49.58709],[69.22805,-49.59601],[69.23643,-49.60083]]],[[[69.29718,-49.58962],[69.29433,-49.59171],[69.30422,-49.59753],[69.30611,-49.59123],[69.29718,-49.58962]]],[[[69.2762,-49.58894],[69.27624,-49.59691],[69.28423,-49.59644],[69.28563,-49.59167],[69.2762,-49.58894]]],[[[69.21321,-48.97298],[69.19236,-48.99472],[69.19983,-49.01555],[69.19865,-49.02755],[69.20195,-49.04068],[69.21298,-49.0526],[69.21606,-49.06305],[69.21543,-49.07254],[69.20455,-49.08382],[69.206,-49.09249],[69.20002,-49.10166],[69.20401,-49.11208],[69.21271,-49.11752],[69.21797,-49.11505],[69.22677,-49.10365],[69.24135,-49.09776],[69.25079,-49.09878],[69.26867,-49.0954],[69.28503,-49.09721],[69.31043,-49.09333],[69.31751,-49.09053],[69.31521,-49.0892],[69.30769,-49.09089],[69.30664,-49.0893],[69.34696,-49.08134],[69.34686,-49.07849],[69.34485,-49.08014],[69.33586,-49.07974],[69.32845,-49.07645],[69.33092,-49.06981],[69.32111,-49.07016],[69.32031,-49.06461],[69.29423,-49.07119],[69.27924,-49.07299],[69.27821,-49.07013],[69.32599,-49.05875],[69.3447,-49.04788],[69.33735,-49.04627],[69.34051,-49.04381],[69.33893,-49.04134],[69.3301,-49.04438],[69.32844,-49.04826],[69.32445,-49.04539],[69.3288,-49.04124],[69.32413,-49.03908],[69.32725,-49.03614],[69.33718,-49.03405],[69.34276,-49.02708],[69.33956,-49.02117],[69.33374,-49.02167],[69.32319,-49.01796],[69.32214,-49.02027],[69.31316,-49.01423],[69.31594,-49.01173],[69.33983,-49.01005],[69.35647,-49.005],[69.35924,-49.00151],[69.35756,-48.99969],[69.35265,-49.00034],[69.35103,-48.99569],[69.36298,-48.98805],[69.37064,-48.9882],[69.3661,-48.98736],[69.37716,-48.98305],[69.37626,-48.97845],[69.38361,-48.97507],[69.39262,-48.96426],[69.40883,-48.95643],[69.40555,-48.95023],[69.41257,-48.94153],[69.41182,-48.93532],[69.40312,-48.92862],[69.38586,-48.93387],[69.37057,-48.93415],[69.35745,-48.94191],[69.34894,-48.94416],[69.33594,-48.94248],[69.32069,-48.94896],[69.31882,-48.95205],[69.3136,-48.95224],[69.30127,-48.96299],[69.29876,-48.9609],[69.30609,-48.95105],[69.32347,-48.93974],[69.34265,-48.93312],[69.34973,-48.9278],[69.35701,-48.92662],[69.36009,-48.92907],[69.37655,-48.92138],[69.37344,-48.91453],[69.36437,-48.91715],[69.36217,-48.91568],[69.37524,-48.90915],[69.3712,-48.89569],[69.36472,-48.88926],[69.34999,-48.88374],[69.32811,-48.89243],[69.32011,-48.90283],[69.31409,-48.90322],[69.31184,-48.90608],[69.31571,-48.91277],[69.31339,-48.9156],[69.30936,-48.91491],[69.30831,-48.91018],[69.30376,-48.9078],[69.30082,-48.90897],[69.3019,-48.91522],[69.29637,-48.92211],[69.29202,-48.9205],[69.27269,-48.92544],[69.25993,-48.94484],[69.24088,-48.9546],[69.23866,-48.95756],[69.24227,-48.96362],[69.23997,-48.96517],[69.23489,-48.9611],[69.22909,-48.961],[69.21321,-48.97298]]],[[[69.21158,-48.83625],[69.20629,-48.83739],[69.2088,-48.83861],[69.21158,-48.83625]]],[[[69.40052,-49.62754],[69.39579,-49.62662],[69.39579,-49.62913],[69.40346,-49.63057],[69.40052,-49.62754]]],[[[69.44902,-49.2119],[69.44674,-49.20999],[69.44106,-49.2108],[69.44902,-49.2119]]],[[[69.42958,-49.20863],[69.4344,-49.206],[69.43065,-49.20795],[69.42527,-49.2063],[69.42144,-49.2077],[69.42958,-49.20863]]],[[[69.44442,-49.20581],[69.44265,-49.20662],[69.44726,-49.20849],[69.44859,-49.20679],[69.44442,-49.20581]]],[[[69.43015,-49.19365],[69.42857,-49.19263],[69.42859,-49.19468],[69.43015,-49.19365]]],[[[69.42607,-49.18359],[69.42938,-49.18094],[69.42692,-49.17955],[69.4157,-49.18007],[69.42607,-49.18359]]],[[[69.38084,-49.18234],[69.38468,-49.18103],[69.38226,-49.17877],[69.37785,-49.18032],[69.38084,-49.18234]]],[[[69.40745,-49.18052],[69.41231,-49.18026],[69.40613,-49.17908],[69.40745,-49.18052]]],[[[69.43182,-49.1412],[69.43006,-49.14307],[69.43732,-49.13926],[69.43182,-49.1412]]],[[[69.3328,-49.04014],[69.33716,-49.04075],[69.34034,-49.03774],[69.3328,-49.04014]]],[[[69.37452,-48.99785],[69.37531,-48.99557],[69.37156,-48.99705],[69.37452,-48.99785]]],[[[69.34917,-48.93582],[69.35333,-48.93475],[69.35389,-48.93083],[69.34811,-48.93377],[69.34917,-48.93582]]],[[[69.42956,-48.90977],[69.43276,-48.91516],[69.44273,-48.91324],[69.44779,-48.90915],[69.44614,-48.89912],[69.43755,-48.89978],[69.42956,-48.90977]]],[[[69.40914,-48.88239],[69.40593,-48.88329],[69.40225,-48.90513],[69.40971,-48.9172],[69.41641,-48.91025],[69.41647,-48.90562],[69.42655,-48.90908],[69.43708,-48.89661],[69.43124,-48.89091],[69.41974,-48.88763],[69.41978,-48.88425],[69.40914,-48.88239]]],[[[69.39502,-48.84147],[69.39504,-48.84811],[69.4043,-48.86173],[69.42121,-48.86963],[69.42315,-48.8745],[69.42923,-48.87567],[69.43165,-48.87983],[69.43475,-48.87899],[69.43893,-48.88931],[69.44418,-48.88435],[69.44752,-48.88437],[69.44631,-48.89348],[69.45493,-48.89583],[69.50167,-48.86663],[69.49876,-48.86363],[69.502,-48.85797],[69.49325,-48.85345],[69.48882,-48.85609],[69.48716,-48.85404],[69.48394,-48.85816],[69.47608,-48.85836],[69.47167,-48.86111],[69.47695,-48.84857],[69.4708,-48.84997],[69.46991,-48.84808],[69.46195,-48.84925],[69.4528,-48.84749],[69.44658,-48.85107],[69.44344,-48.84967],[69.44427,-48.84442],[69.44949,-48.84403],[69.44589,-48.84285],[69.45155,-48.83875],[69.45013,-48.83618],[69.45384,-48.83095],[69.45221,-48.8273],[69.44102,-48.82332],[69.4036,-48.83024],[69.39673,-48.83401],[69.39502,-48.84147]]],[[[69.46373,-49.26576],[69.49858,-49.25993],[69.47851,-49.26011],[69.46341,-49.26392],[69.46373,-49.26576]]],[[[69.46193,-49.24389],[69.45736,-49.24223],[69.45154,-49.24331],[69.45535,-49.24336],[69.45559,-49.2454],[69.46193,-49.24389]]],[[[69.48579,-49.23885],[69.48639,-49.23685],[69.48338,-49.23714],[69.48579,-49.23885]]],[[[69.45971,-49.23409],[69.46277,-49.23593],[69.47357,-49.23205],[69.46477,-49.23169],[69.45971,-49.23409]]],[[[69.49308,-49.23205],[69.48901,-49.22942],[69.48188,-49.23006],[69.48369,-49.23185],[69.49308,-49.23205]]],[[[69.46234,-49.22065],[69.46543,-49.22242],[69.47351,-49.21902],[69.48976,-49.21814],[69.48475,-49.21529],[69.46244,-49.21659],[69.45237,-49.22052],[69.46234,-49.22065]]],[[[69.45421,-49.20862],[69.45636,-49.20888],[69.45509,-49.20617],[69.45178,-49.20738],[69.45421,-49.20862]]],[[[69.45763,-49.20347],[69.45262,-49.20387],[69.45892,-49.20482],[69.45763,-49.20347]]],[[[69.44699,-49.19634],[69.4512,-49.19996],[69.45864,-49.20041],[69.47315,-49.19933],[69.47347,-49.19731],[69.47894,-49.1962],[69.47684,-49.19374],[69.47002,-49.19359],[69.46422,-49.19618],[69.46412,-49.19139],[69.45545,-49.19191],[69.44699,-49.19634]]],[[[69.4921,-49.18058],[69.49081,-49.17796],[69.46678,-49.18496],[69.48377,-49.18774],[69.49286,-49.18417],[69.4921,-49.18058]]],[[[69.47028,-49.18265],[69.47289,-49.18019],[69.4553,-49.17728],[69.46447,-49.17645],[69.46744,-49.17348],[69.45934,-49.17068],[69.44815,-49.17298],[69.45116,-49.18278],[69.46202,-49.18423],[69.47028,-49.18265]]],[[[69.49429,-49.02957],[69.49108,-49.02883],[69.49249,-49.03068],[69.49429,-49.02957]]],[[[69.4924,-49.02649],[69.48895,-49.02564],[69.49104,-49.02853],[69.4924,-49.02649]]],[[[69.49624,-49.0257],[69.50033,-49.02502],[69.49945,-49.02195],[69.49624,-49.0257]]],[[[69.45836,-49.01527],[69.46345,-49.01385],[69.4742,-49.01605],[69.47502,-49.00495],[69.48342,-49.0022],[69.48206,-48.99624],[69.48763,-48.98993],[69.47782,-48.98828],[69.46608,-48.99213],[69.4564,-49.00983],[69.45836,-49.01527]]],[[[69.44862,-48.8997],[69.45247,-48.90203],[69.45407,-48.9008],[69.45232,-48.89737],[69.44801,-48.89714],[69.44862,-48.8997]]],[[[69.50042,-48.8898],[69.4983,-48.88675],[69.49738,-48.89005],[69.4921,-48.88805],[69.48857,-48.89064],[69.49348,-48.8913],[69.49505,-48.89587],[69.50042,-48.8898]]],[[[69.4575,-48.72283],[69.4616,-48.72724],[69.46866,-48.72366],[69.48273,-48.72235],[69.48614,-48.71835],[69.47885,-48.71482],[69.46606,-48.71573],[69.4575,-48.72283]]],[[[69.46345,-48.69537],[69.45918,-48.69436],[69.45747,-48.6977],[69.46193,-48.69781],[69.46345,-48.69537]]],[[[69.47724,-48.67016],[69.4725,-48.66931],[69.46833,-48.67139],[69.46775,-48.67521],[69.47568,-48.67789],[69.48097,-48.68479],[69.47215,-48.69406],[69.47623,-48.69455],[69.47626,-48.69788],[69.48167,-48.69658],[69.48712,-48.69976],[69.50416,-48.69918],[69.50837,-48.69441],[69.49171,-48.69138],[69.4844,-48.68683],[69.48957,-48.68485],[69.48696,-48.68129],[69.50908,-48.66974],[69.47724,-48.67016]]],[[[69.59739,-49.25981],[69.58583,-49.25962],[69.59094,-49.26126],[69.59739,-49.25981]]],[[[69.57395,-49.25009],[69.57613,-49.24885],[69.58059,-49.25199],[69.5901,-49.25349],[69.59704,-49.25165],[69.58463,-49.24712],[69.58927,-49.24349],[69.57975,-49.24128],[69.58038,-49.23979],[69.5725,-49.24148],[69.56443,-49.23834],[69.55387,-49.23856],[69.54569,-49.24264],[69.54442,-49.2467],[69.54848,-49.25157],[69.57903,-49.25185],[69.57395,-49.25009]]],[[[69.60293,-49.2409],[69.61643,-49.24394],[69.62233,-49.24281],[69.62324,-49.24065],[69.61572,-49.23767],[69.59426,-49.23807],[69.60293,-49.2409]]],[[[69.53965,-49.22229],[69.5463,-49.22208],[69.54663,-49.21916],[69.54013,-49.21668],[69.5317,-49.21725],[69.53511,-49.21951],[69.53282,-49.22113],[69.53965,-49.22229]]],[[[69.52122,-49.21654],[69.508,-49.21728],[69.51921,-49.2193],[69.52122,-49.21654]]],[[[69.5619,-49.21859],[69.58262,-49.21852],[69.55385,-49.2117],[69.53254,-49.21418],[69.5619,-49.21859]]],[[[69.52339,-49.2112],[69.53546,-49.21132],[69.53068,-49.20733],[69.51526,-49.20752],[69.52339,-49.2112]]],[[[69.60227,-49.16198],[69.59464,-49.16147],[69.57214,-49.17278],[69.52242,-49.18708],[69.51532,-49.19645],[69.50901,-49.19893],[69.51141,-49.2007],[69.53556,-49.20218],[69.53902,-49.20537],[69.56128,-49.20832],[69.57415,-49.21286],[69.61393,-49.21448],[69.62639,-49.21323],[69.62502,-49.21041],[69.61682,-49.21102],[69.61552,-49.20923],[69.63316,-49.2091],[69.64392,-49.20609],[69.638,-49.20599],[69.63175,-49.20237],[69.64275,-49.20362],[69.64271,-49.19931],[69.65035,-49.19828],[69.64633,-49.20104],[69.65154,-49.20232],[69.66156,-49.19825],[69.64945,-49.19391],[69.65284,-49.19247],[69.64226,-49.18773],[69.64418,-49.18436],[69.65207,-49.18471],[69.65093,-49.18338],[69.64503,-49.18056],[69.63574,-49.18065],[69.63602,-49.17687],[69.64819,-49.1753],[69.64359,-49.16956],[69.65204,-49.16582],[69.6507,-49.1637],[69.63916,-49.1624],[69.63748,-49.15921],[69.63882,-49.1569],[69.65082,-49.15808],[69.65375,-49.15412],[69.65949,-49.15477],[69.65445,-49.15186],[69.6649,-49.15251],[69.66809,-49.1494],[69.65174,-49.14557],[69.63532,-49.14538],[69.60494,-49.15405],[69.59707,-49.15859],[69.63559,-49.16898],[69.62005,-49.16789],[69.60227,-49.16198]]],[[[69.60035,-49.03493],[69.59522,-49.03539],[69.60014,-49.04106],[69.61527,-49.04239],[69.63547,-49.03758],[69.64791,-49.03693],[69.65627,-49.02807],[69.65015,-49.02661],[69.60035,-49.03493]]],[[[69.61843,-49.01722],[69.61702,-49.01471],[69.61373,-49.01626],[69.61843,-49.01722]]],[[[69.5025,-49.00845],[69.50654,-49.01256],[69.50677,-49.00154],[69.5025,-49.00845]]],[[[69.62735,-48.97284],[69.62437,-48.9713],[69.62203,-48.97338],[69.62409,-48.9746],[69.62735,-48.97284]]],[[[69.57358,-48.94182],[69.56987,-48.94035],[69.56708,-48.94183],[69.56998,-48.94375],[69.57358,-48.94182]]],[[[69.57902,-48.93277],[69.57688,-48.93537],[69.58023,-48.93489],[69.57902,-48.93277]]],[[[69.61317,-48.91751],[69.60577,-48.92917],[69.61639,-48.93526],[69.62281,-48.92896],[69.61229,-48.92549],[69.61673,-48.92404],[69.62171,-48.91538],[69.61317,-48.91751]]],[[[69.59809,-48.91507],[69.59362,-48.91609],[69.59862,-48.91729],[69.59809,-48.91507]]],[[[69.54757,-48.84474],[69.54857,-48.84232],[69.54499,-48.84206],[69.53674,-48.84783],[69.54227,-48.84827],[69.54757,-48.84474]]],[[[69.63263,-49.2685],[69.63921,-49.26931],[69.637,-49.26738],[69.63263,-49.2685]]],[[[69.69861,-49.21453],[69.69699,-49.21241],[69.69163,-49.21414],[69.688,-49.21296],[69.6908,-49.20976],[69.70049,-49.20808],[69.69442,-49.20467],[69.68248,-49.20847],[69.6794,-49.21249],[69.68296,-49.21319],[69.66718,-49.21606],[69.68958,-49.22214],[69.69866,-49.21727],[69.69861,-49.21453]]],[[[69.63947,-49.21366],[69.64747,-49.21191],[69.63095,-49.21257],[69.63947,-49.21366]]],[[[69.70285,-49.19743],[69.70008,-49.19527],[69.69032,-49.19674],[69.69974,-49.19886],[69.70285,-49.19743]]],[[[68.73511,-49.06816],[68.72964,-49.06931],[68.73676,-49.07137],[68.73617,-49.07451],[68.72825,-49.07818],[68.73443,-49.08141],[68.7289,-49.08307],[68.72616,-49.08684],[68.74158,-49.07883],[68.7458,-49.08064],[68.74588,-49.08399],[68.73725,-49.08778],[68.74184,-49.09057],[68.74111,-49.09302],[68.75141,-49.0957],[68.76811,-49.09276],[68.78109,-49.0951],[68.76578,-49.10345],[68.76299,-49.11379],[68.76639,-49.11162],[68.76819,-49.11411],[68.77521,-49.11282],[68.77738,-49.11448],[68.79229,-49.10888],[68.7981,-49.11067],[68.80493,-49.10841],[68.81907,-49.11661],[68.83079,-49.11696],[68.84463,-49.11456],[68.85065,-49.11015],[68.85635,-49.11185],[68.84828,-49.12046],[68.83579,-49.12073],[68.82451,-49.12499],[68.81331,-49.12607],[68.7951,-49.12391],[68.78677,-49.1335],[68.79412,-49.13806],[68.79554,-49.14035],[68.79286,-49.14191],[68.8067,-49.14483],[68.80903,-49.15127],[68.83153,-49.1567],[68.83277,-49.15213],[68.84147,-49.15044],[68.83632,-49.15333],[68.84025,-49.15823],[68.85252,-49.16048],[68.87627,-49.14668],[68.8992,-49.14502],[68.91886,-49.13963],[68.92481,-49.14215],[68.92433,-49.14577],[68.91928,-49.14573],[68.90828,-49.15088],[68.89948,-49.15138],[68.88638,-49.15684],[68.87763,-49.16424],[68.86032,-49.16907],[68.86252,-49.17689],[68.87698,-49.17812],[68.88793,-49.18412],[68.88989,-49.18836],[68.87773,-49.18977],[68.8725,-49.18757],[68.86227,-49.18835],[68.85565,-49.1836],[68.8506,-49.18334],[68.84596,-49.18461],[68.84753,-49.19049],[68.84401,-49.1921],[68.83863,-49.18914],[68.83986,-49.18233],[68.83109,-49.17714],[68.81659,-49.17261],[68.80437,-49.17165],[68.7976,-49.175],[68.79625,-49.17039],[68.77765,-49.17052],[68.7858,-49.17576],[68.78664,-49.17929],[68.77615,-49.18353],[68.79004,-49.19913],[68.79898,-49.20226],[68.7995,-49.20659],[68.79203,-49.2097],[68.7799,-49.19803],[68.77348,-49.1955],[68.77154,-49.18907],[68.76407,-49.18573],[68.76364,-49.18811],[68.75798,-49.18825],[68.76487,-49.19015],[68.77173,-49.19713],[68.76025,-49.2023],[68.75467,-49.20208],[68.76021,-49.21366],[68.75626,-49.22085],[68.76214,-49.22197],[68.76448,-49.22944],[68.76768,-49.23003],[68.76452,-49.236],[68.78291,-49.23861],[68.77628,-49.24734],[68.78227,-49.25292],[68.7871,-49.25191],[68.78735,-49.24456],[68.7914,-49.24357],[68.80266,-49.25691],[68.80116,-49.26181],[68.8075,-49.26223],[68.81658,-49.27039],[68.82079,-49.26675],[68.82152,-49.25642],[68.83766,-49.25614],[68.84515,-49.26143],[68.84338,-49.26507],[68.81796,-49.2702],[68.83354,-49.27504],[68.8496,-49.27049],[68.85101,-49.27316],[68.85071,-49.27595],[68.8471,-49.2757],[68.84817,-49.28066],[68.84446,-49.28229],[68.83555,-49.27973],[68.83263,-49.28222],[68.8198,-49.28229],[68.81081,-49.27952],[68.81044,-49.28183],[68.80693,-49.28205],[68.812,-49.28467],[68.81014,-49.28613],[68.81287,-49.28866],[68.80438,-49.28668],[68.80649,-49.28975],[68.80396,-49.29312],[68.81145,-49.29464],[68.80823,-49.29617],[68.8105,-49.30294],[68.81754,-49.30797],[68.8221,-49.30907],[68.82556,-49.30566],[68.8306,-49.30547],[68.83436,-49.3091],[68.83204,-49.31379],[68.84863,-49.32373],[68.85107,-49.31956],[68.85933,-49.32325],[68.87791,-49.32214],[68.89184,-49.30723],[68.8938,-49.29645],[68.90444,-49.29577],[68.91619,-49.29028],[68.91716,-49.29499],[68.92219,-49.29444],[68.91717,-49.2994],[68.92174,-49.30487],[68.91187,-49.31071],[68.89969,-49.3131],[68.90296,-49.32327],[68.9088,-49.32525],[68.92226,-49.32328],[68.92259,-49.32731],[68.89835,-49.3289],[68.89189,-49.33167],[68.88367,-49.33082],[68.87332,-49.33443],[68.85257,-49.33044],[68.83793,-49.3323],[68.83688,-49.33972],[68.83331,-49.34253],[68.82688,-49.34031],[68.81783,-49.34332],[68.80942,-49.34116],[68.80484,-49.34955],[68.80925,-49.35094],[68.81407,-49.36315],[68.81051,-49.35986],[68.80741,-49.36251],[68.8053,-49.36122],[68.80475,-49.36553],[68.80047,-49.36838],[68.80399,-49.37284],[68.8017,-49.37621],[68.80488,-49.37749],[68.80779,-49.37395],[68.81621,-49.37889],[68.81228,-49.38566],[68.81622,-49.38504],[68.81696,-49.38106],[68.82041,-49.38024],[68.82328,-49.3814],[68.81999,-49.38291],[68.82183,-49.38647],[68.82697,-49.38646],[68.8334,-49.37533],[68.83696,-49.37405],[68.83492,-49.37168],[68.84581,-49.37649],[68.86925,-49.36056],[68.86982,-49.36436],[68.87911,-49.36396],[68.88799,-49.3677],[68.88915,-49.36977],[68.872,-49.37505],[68.85499,-49.3747],[68.84429,-49.37975],[68.85224,-49.38263],[68.85224,-49.38548],[68.83998,-49.389],[68.83748,-49.39337],[68.83929,-49.39466],[68.84049,-49.39181],[68.846,-49.39021],[68.84473,-49.39413],[68.84842,-49.39326],[68.84918,-49.39695],[68.84544,-49.39655],[68.838,-49.40171],[68.84882,-49.40441],[68.85005,-49.40083],[68.85788,-49.39806],[68.857,-49.40374],[68.86253,-49.40065],[68.86108,-49.40355],[68.868,-49.40363],[68.87061,-49.41095],[68.87491,-49.40927],[68.87551,-49.41216],[68.87785,-49.41182],[68.88713,-49.3935],[68.89385,-49.39328],[68.893,-49.39938],[68.88161,-49.41069],[68.8868,-49.41306],[68.88718,-49.42046],[68.89689,-49.42958],[68.88726,-49.4398],[68.89542,-49.44575],[68.89918,-49.45685],[68.90408,-49.45825],[68.89661,-49.46352],[68.89095,-49.46093],[68.88647,-49.46193],[68.88534,-49.45914],[68.88053,-49.4612],[68.87581,-49.45811],[68.873,-49.4621],[68.86291,-49.46271],[68.8677,-49.46427],[68.85775,-49.4678],[68.85536,-49.47471],[68.85233,-49.47348],[68.85649,-49.46911],[68.84919,-49.47369],[68.84366,-49.47302],[68.84335,-49.47566],[68.85147,-49.47881],[68.86073,-49.47783],[68.85771,-49.47504],[68.86135,-49.47426],[68.87212,-49.48003],[68.87002,-49.48205],[68.85485,-49.48207],[68.84533,-49.47731],[68.84203,-49.48166],[68.82711,-49.48127],[68.82704,-49.47923],[68.81752,-49.48434],[68.82163,-49.48569],[68.82022,-49.48873],[68.81448,-49.49245],[68.81444,-49.49639],[68.81059,-49.49723],[68.8126,-49.50274],[68.83576,-49.50157],[68.84373,-49.50477],[68.84422,-49.50657],[68.83669,-49.50937],[68.84063,-49.5106],[68.83917,-49.51414],[68.83132,-49.51504],[68.82096,-49.52259],[68.83505,-49.52765],[68.83731,-49.53236],[68.83251,-49.53683],[68.82194,-49.53652],[68.82819,-49.5404],[68.82557,-49.54054],[68.82635,-49.54458],[68.82205,-49.5456],[68.81793,-49.54308],[68.81312,-49.54446],[68.81195,-49.55272],[68.80669,-49.55361],[68.80542,-49.55705],[68.81241,-49.56247],[68.79122,-49.56889],[68.79187,-49.57967],[68.76778,-49.60033],[68.76247,-49.60868],[68.77581,-49.6248],[68.77416,-49.62964],[68.78139,-49.63239],[68.77853,-49.63554],[68.78388,-49.63958],[68.78274,-49.64679],[68.77069,-49.65479],[68.7673,-49.66155],[68.75238,-49.65977],[68.74163,-49.66806],[68.74082,-49.67864],[68.75002,-49.68385],[68.75444,-49.69094],[68.76969,-49.68844],[68.77,-49.69585],[68.76151,-49.69918],[68.76108,-49.70584],[68.77158,-49.71009],[68.77297,-49.71824],[68.78314,-49.72287],[68.77287,-49.72748],[68.77489,-49.73057],[68.77726,-49.72663],[68.78752,-49.72593],[68.78654,-49.72807],[68.79324,-49.73128],[68.80285,-49.72822],[68.80187,-49.73101],[68.81018,-49.73406],[68.81702,-49.728],[68.82454,-49.7304],[68.82949,-49.72244],[68.83874,-49.72666],[68.8387,-49.72347],[68.84462,-49.72016],[68.86046,-49.72202],[68.86133,-49.71899],[68.87968,-49.72129],[68.87983,-49.7262],[68.89481,-49.7289],[68.90524,-49.72818],[68.91013,-49.73233],[68.91836,-49.72988],[68.9214,-49.72637],[68.9219,-49.72797],[68.92465,-49.72697],[68.92066,-49.72087],[68.93158,-49.71574],[68.94184,-49.71645],[68.94673,-49.72095],[68.96157,-49.72049],[68.96739,-49.72307],[69.0014,-49.71786],[69.00609,-49.72021],[69.01113,-49.70942],[69.01471,-49.70797],[69.02458,-49.70994],[69.02877,-49.70748],[69.04091,-49.70694],[69.05373,-49.70196],[69.06757,-49.69169],[69.08301,-49.68866],[69.08521,-49.69012],[69.08779,-49.67787],[69.08497,-49.66835],[69.08961,-49.66469],[69.08601,-49.66121],[69.0897,-49.65719],[69.09451,-49.65646],[69.09522,-49.65351],[69.09178,-49.65044],[69.09124,-49.63796],[69.0866,-49.63591],[69.08578,-49.62879],[69.07632,-49.62458],[69.07305,-49.61489],[69.06753,-49.61296],[69.06744,-49.60576],[69.05547,-49.59107],[69.05538,-49.58696],[69.06121,-49.58193],[69.05944,-49.57752],[69.06299,-49.57174],[69.05869,-49.56746],[69.06203,-49.56064],[69.05508,-49.55559],[69.05095,-49.55644],[69.05116,-49.55354],[69.05706,-49.55316],[69.05661,-49.5495],[69.05923,-49.54968],[69.06489,-49.53986],[69.07353,-49.53814],[69.08745,-49.53983],[69.09028,-49.54392],[69.08753,-49.54783],[69.08342,-49.54862],[69.08578,-49.55308],[69.07991,-49.55915],[69.08277,-49.56566],[69.07845,-49.57514],[69.08414,-49.58152],[69.08135,-49.59197],[69.08764,-49.59818],[69.08513,-49.60447],[69.09481,-49.60666],[69.09465,-49.61008],[69.09965,-49.61366],[69.10236,-49.61434],[69.10623,-49.60994],[69.10957,-49.61416],[69.11262,-49.61371],[69.11143,-49.62275],[69.11302,-49.62144],[69.11955,-49.62337],[69.12249,-49.62647],[69.11821,-49.62996],[69.11886,-49.63654],[69.11426,-49.63701],[69.11399,-49.63894],[69.11819,-49.64006],[69.11782,-49.64425],[69.11934,-49.64223],[69.12261,-49.64325],[69.12185,-49.64648],[69.12744,-49.64232],[69.12927,-49.6443],[69.13101,-49.64041],[69.13255,-49.64265],[69.13828,-49.64105],[69.14266,-49.63558],[69.14281,-49.62821],[69.14629,-49.62754],[69.13998,-49.62687],[69.13513,-49.6216],[69.1463,-49.61635],[69.14134,-49.61236],[69.14037,-49.60636],[69.13314,-49.60375],[69.12238,-49.60375],[69.12241,-49.60031],[69.13187,-49.60028],[69.13063,-49.59749],[69.1337,-49.59629],[69.14716,-49.60566],[69.14784,-49.61054],[69.15329,-49.61022],[69.1563,-49.60475],[69.15427,-49.60253],[69.15876,-49.60325],[69.15504,-49.59862],[69.16323,-49.5999],[69.16362,-49.59638],[69.16721,-49.59699],[69.17416,-49.5909],[69.18094,-49.59223],[69.1819,-49.58958],[69.17244,-49.58252],[69.16654,-49.58143],[69.15377,-49.58655],[69.14081,-49.58845],[69.12908,-49.58611],[69.12091,-49.58148],[69.11916,-49.57541],[69.12499,-49.56697],[69.1321,-49.57032],[69.13227,-49.57813],[69.13794,-49.57982],[69.14975,-49.57992],[69.16153,-49.57569],[69.16709,-49.57092],[69.16819,-49.56495],[69.16211,-49.56078],[69.16669,-49.55796],[69.16713,-49.55332],[69.15549,-49.54036],[69.13877,-49.53511],[69.13445,-49.52853],[69.1161,-49.52168],[69.09942,-49.50987],[69.1184,-49.51966],[69.12845,-49.5187],[69.14741,-49.53012],[69.15303,-49.53145],[69.16167,-49.52818],[69.16742,-49.53935],[69.17286,-49.54248],[69.17676,-49.54211],[69.18596,-49.54933],[69.18946,-49.57268],[69.19475,-49.57747],[69.20042,-49.57789],[69.20764,-49.58244],[69.21398,-49.58412],[69.21495,-49.58173],[69.21044,-49.57534],[69.21486,-49.56513],[69.2093,-49.56173],[69.21115,-49.55616],[69.20878,-49.55741],[69.2018,-49.55325],[69.20127,-49.54671],[69.19322,-49.53972],[69.192,-49.53486],[69.19685,-49.5335],[69.20348,-49.54086],[69.20104,-49.52935],[69.19752,-49.52862],[69.19241,-49.53207],[69.16664,-49.52706],[69.16512,-49.5178],[69.14705,-49.50829],[69.14856,-49.50642],[69.15924,-49.50859],[69.16421,-49.51089],[69.1739,-49.52292],[69.18319,-49.52604],[69.1884,-49.52491],[69.18938,-49.5196],[69.18645,-49.51745],[69.19407,-49.51098],[69.18549,-49.49854],[69.1663,-49.49442],[69.15497,-49.4963],[69.14327,-49.49352],[69.13041,-49.48715],[69.12586,-49.48117],[69.11489,-49.47853],[69.10804,-49.48429],[69.10347,-49.48443],[69.09895,-49.48975],[69.08619,-49.4842],[69.08898,-49.48187],[69.10073,-49.48477],[69.10131,-49.48187],[69.11375,-49.47427],[69.12445,-49.47387],[69.13511,-49.48399],[69.14696,-49.4841],[69.15359,-49.49145],[69.16857,-49.48931],[69.1827,-49.49334],[69.19431,-49.48648],[69.20931,-49.48573],[69.22671,-49.48832],[69.22631,-49.48417],[69.23052,-49.48401],[69.23555,-49.49636],[69.2331,-49.52195],[69.25216,-49.55424],[69.25501,-49.56964],[69.26424,-49.57176],[69.26568,-49.57593],[69.2761,-49.5807],[69.27796,-49.57352],[69.2852,-49.57041],[69.28512,-49.56665],[69.30144,-49.58123],[69.30692,-49.58106],[69.30641,-49.56637],[69.29579,-49.55588],[69.28818,-49.55312],[69.28575,-49.54785],[69.29297,-49.54223],[69.29054,-49.53315],[69.29551,-49.53413],[69.29594,-49.53257],[69.28787,-49.52871],[69.2877,-49.52408],[69.29608,-49.521],[69.29526,-49.51084],[69.30176,-49.50859],[69.30128,-49.50212],[69.30597,-49.49946],[69.29676,-49.4842],[69.2838,-49.47647],[69.2852,-49.47317],[69.28166,-49.46865],[69.28869,-49.46533],[69.30411,-49.46957],[69.31722,-49.48354],[69.32194,-49.49657],[69.32082,-49.50217],[69.31027,-49.50684],[69.3037,-49.51676],[69.30319,-49.52682],[69.29951,-49.53084],[69.29839,-49.53998],[69.29526,-49.54077],[69.29713,-49.54476],[69.30138,-49.54586],[69.30878,-49.55448],[69.31334,-49.56438],[69.32027,-49.56768],[69.3251,-49.56894],[69.32486,-49.56626],[69.33298,-49.56588],[69.34005,-49.57174],[69.35136,-49.57054],[69.36408,-49.57273],[69.36585,-49.57529],[69.36277,-49.57683],[69.36928,-49.57845],[69.37283,-49.58196],[69.36993,-49.5842],[69.37979,-49.58872],[69.3896,-49.60015],[69.38792,-49.60329],[69.39488,-49.60405],[69.40108,-49.61341],[69.40728,-49.61647],[69.41275,-49.62869],[69.4188,-49.6329],[69.41673,-49.63535],[69.42673,-49.63517],[69.42387,-49.6379],[69.42807,-49.63831],[69.42847,-49.64254],[69.44076,-49.64273],[69.45089,-49.64787],[69.459,-49.64281],[69.46903,-49.64291],[69.47617,-49.64746],[69.48446,-49.64595],[69.48481,-49.64915],[69.4884,-49.64821],[69.49027,-49.65],[69.52412,-49.64375],[69.52693,-49.64694],[69.54536,-49.64455],[69.55421,-49.6488],[69.56026,-49.64863],[69.574,-49.64329],[69.58918,-49.64112],[69.61521,-49.65271],[69.6199,-49.66759],[69.63399,-49.67051],[69.63596,-49.67286],[69.66309,-49.67159],[69.66952,-49.66639],[69.6854,-49.65988],[69.68905,-49.65465],[69.68706,-49.65074],[69.69118,-49.64998],[69.69066,-49.64631],[69.6939,-49.64689],[69.69496,-49.63692],[69.69752,-49.63588],[69.69558,-49.62525],[69.70197,-49.61852],[69.69693,-49.61511],[69.69128,-49.60258],[69.70025,-49.59356],[69.69854,-49.58845],[69.68811,-49.57505],[69.68958,-49.56939],[69.68526,-49.56897],[69.67383,-49.5586],[69.67557,-49.55594],[69.67019,-49.55325],[69.67169,-49.54981],[69.66287,-49.54452],[69.64252,-49.53982],[69.62455,-49.52862],[69.6285,-49.523],[69.62514,-49.51752],[69.62218,-49.51838],[69.62417,-49.51425],[69.6199,-49.51078],[69.62705,-49.50483],[69.63705,-49.50267],[69.64733,-49.52182],[69.6695,-49.53076],[69.68333,-49.54486],[69.68934,-49.54644],[69.69556,-49.54152],[69.70363,-49.54121],[69.70585,-49.53146],[69.69942,-49.52396],[69.69823,-49.51498],[69.67089,-49.50612],[69.67374,-49.50403],[69.66816,-49.49928],[69.65887,-49.4989],[69.6601,-49.49596],[69.66899,-49.49824],[69.67606,-49.49803],[69.67745,-49.49602],[69.67084,-49.49167],[69.65746,-49.48864],[69.66536,-49.48311],[69.67351,-49.49115],[69.68547,-49.49738],[69.68598,-49.50148],[69.69113,-49.50474],[69.70797,-49.5091],[69.71696,-49.51643],[69.72057,-49.51231],[69.7191,-49.50805],[69.70068,-49.50205],[69.69743,-49.49815],[69.702,-49.49565],[69.70692,-49.50258],[69.70867,-49.50058],[69.72302,-49.50687],[69.73896,-49.50851],[69.74071,-49.52102],[69.75458,-49.53005],[69.76181,-49.52848],[69.77607,-49.55012],[69.76591,-49.55157],[69.76237,-49.55673],[69.76146,-49.57082],[69.76838,-49.57862],[69.76656,-49.59091],[69.78688,-49.6228],[69.79729,-49.63238],[69.79517,-49.63535],[69.79938,-49.64196],[69.80601,-49.64459],[69.81925,-49.6453],[69.82235,-49.6484],[69.82075,-49.65116],[69.82615,-49.65561],[69.81845,-49.65944],[69.82375,-49.67593],[69.82799,-49.67322],[69.82887,-49.67548],[69.83426,-49.6756],[69.83286,-49.68197],[69.83629,-49.68824],[69.84337,-49.69287],[69.84751,-49.69301],[69.85149,-49.68985],[69.85235,-49.69332],[69.85682,-49.68989],[69.85846,-49.69217],[69.86028,-49.6906],[69.86217,-49.69205],[69.86366,-49.69741],[69.8669,-49.69596],[69.86629,-49.70125],[69.86956,-49.70409],[69.85881,-49.70776],[69.85626,-49.70985],[69.85821,-49.71197],[69.87145,-49.7065],[69.87456,-49.70969],[69.88131,-49.70849],[69.88293,-49.71151],[69.89263,-49.70772],[69.89506,-49.70998],[69.89849,-49.70823],[69.89639,-49.70578],[69.89977,-49.7004],[69.91827,-49.6947],[69.92293,-49.69099],[69.93586,-49.69208],[69.93997,-49.69735],[69.95029,-49.6932],[69.95889,-49.69978],[69.96626,-49.69622],[69.97411,-49.69867],[69.98486,-49.70967],[69.98953,-49.70979],[69.99392,-49.71713],[69.99217,-49.72035],[69.99526,-49.72225],[70.00341,-49.71462],[70.01253,-49.71511],[70.01811,-49.71217],[70.01981,-49.71499],[70.02504,-49.71566],[70.02468,-49.71384],[70.03345,-49.71423],[70.03701,-49.71165],[70.03704,-49.71508],[70.04126,-49.7158],[70.04023,-49.71982],[70.04359,-49.72126],[70.04881,-49.71954],[70.06675,-49.72394],[70.06969,-49.73283],[70.07695,-49.73362],[70.08234,-49.73065],[70.08385,-49.7334],[70.0979,-49.72905],[70.09867,-49.72603],[70.10983,-49.7236],[70.11346,-49.719],[70.12227,-49.7152],[70.12584,-49.70927],[70.12389,-49.70732],[70.13126,-49.70421],[70.11979,-49.69447],[70.12635,-49.68918],[70.13814,-49.69498],[70.14375,-49.69402],[70.15582,-49.70348],[70.17034,-49.69765],[70.17082,-49.69464],[70.17815,-49.69078],[70.18478,-49.68983],[70.18926,-49.69256],[70.19803,-49.68744],[70.2038,-49.68846],[70.21402,-49.68462],[70.21771,-49.68967],[70.21592,-49.69422],[70.2218,-49.70078],[70.22444,-49.69539],[70.23575,-49.69376],[70.23749,-49.69078],[70.24326,-49.69134],[70.25127,-49.67367],[70.24845,-49.66408],[70.2225,-49.64161],[70.20784,-49.63801],[70.20835,-49.63579],[70.19897,-49.63183],[70.17618,-49.62991],[70.17265,-49.63341],[70.16248,-49.63558],[70.15241,-49.63439],[70.14145,-49.63963],[70.13788,-49.63691],[70.13979,-49.63215],[70.14802,-49.62683],[70.16064,-49.62329],[70.16538,-49.62671],[70.16837,-49.6197],[70.1849,-49.61937],[70.19101,-49.6172],[70.214,-49.62119],[70.23367,-49.61906],[70.23491,-49.62123],[70.23725,-49.61992],[70.25157,-49.62438],[70.26433,-49.63207],[70.27247,-49.62913],[70.2764,-49.63101],[70.28121,-49.62746],[70.29004,-49.62883],[70.28804,-49.62265],[70.29099,-49.6191],[70.2888,-49.61589],[70.29198,-49.61476],[70.2916,-49.60638],[70.29559,-49.6052],[70.29896,-49.59917],[70.31219,-49.59847],[70.30959,-49.58712],[70.31868,-49.57433],[70.31668,-49.56448],[70.29854,-49.55068],[70.26576,-49.54349],[70.25171,-49.53322],[70.24347,-49.53647],[70.22785,-49.53672],[70.21764,-49.53438],[70.21578,-49.52739],[70.20793,-49.52648],[70.20457,-49.52942],[70.19862,-49.53005],[70.18582,-49.52698],[70.16517,-49.51516],[70.15207,-49.51504],[70.14344,-49.5106],[70.13183,-49.50974],[70.11018,-49.5137],[70.10148,-49.52005],[70.07981,-49.52323],[70.04884,-49.53419],[70.03894,-49.53646],[70.03264,-49.53501],[70.00902,-49.54176],[70.00583,-49.54467],[70.0068,-49.5523],[70.02212,-49.58143],[70.03335,-49.58757],[70.06332,-49.59435],[70.11151,-49.62452],[70.12018,-49.62842],[70.13332,-49.63034],[70.13232,-49.63654],[70.11663,-49.63955],[70.10034,-49.63406],[70.05487,-49.60659],[70.02328,-49.60182],[70.00817,-49.5901],[69.99356,-49.59489],[69.97866,-49.59343],[69.94038,-49.5973],[69.92151,-49.57878],[69.90341,-49.56993],[69.8871,-49.56727],[69.87215,-49.56032],[69.86739,-49.56141],[69.86098,-49.55866],[69.84428,-49.56059],[69.81245,-49.54881],[69.78117,-49.54943],[69.78163,-49.54585],[69.78706,-49.54802],[69.79427,-49.54452],[69.80375,-49.54576],[69.80647,-49.54347],[69.79906,-49.54035],[69.7977,-49.53597],[69.80018,-49.53443],[69.79558,-49.53239],[69.78544,-49.53349],[69.78008,-49.53101],[69.79181,-49.53057],[69.79442,-49.52603],[69.80056,-49.52624],[69.79951,-49.52389],[69.79426,-49.52128],[69.77777,-49.52098],[69.7703,-49.51392],[69.78568,-49.51808],[69.78701,-49.5144],[69.80032,-49.5141],[69.79662,-49.50877],[69.79992,-49.50266],[69.79317,-49.49648],[69.76587,-49.48854],[69.76813,-49.48544],[69.77581,-49.48575],[69.78008,-49.4833],[69.78625,-49.48534],[69.79057,-49.4829],[69.78577,-49.47659],[69.77235,-49.47864],[69.76723,-49.4714],[69.75172,-49.46729],[69.74279,-49.46769],[69.73655,-49.46461],[69.72953,-49.46544],[69.7275,-49.46159],[69.74122,-49.46179],[69.74397,-49.45995],[69.75434,-49.46276],[69.76023,-49.46116],[69.74306,-49.44167],[69.7107,-49.43411],[69.70519,-49.4254],[69.69353,-49.42106],[69.68188,-49.41178],[69.66982,-49.40943],[69.66505,-49.41262],[69.65841,-49.41266],[69.64725,-49.40918],[69.63091,-49.40016],[69.62945,-49.3948],[69.61753,-49.39037],[69.61706,-49.38678],[69.61025,-49.38756],[69.60633,-49.38468],[69.6093,-49.38316],[69.62619,-49.38769],[69.64805,-49.40304],[69.66036,-49.40743],[69.66772,-49.40469],[69.66781,-49.40066],[69.69246,-49.40865],[69.70018,-49.41516],[69.69693,-49.41641],[69.69881,-49.41869],[69.72351,-49.43298],[69.72824,-49.43404],[69.73174,-49.43005],[69.73238,-49.42796],[69.72754,-49.42647],[69.7306,-49.42477],[69.72939,-49.42081],[69.73345,-49.41999],[69.73746,-49.42904],[69.75824,-49.44016],[69.75489,-49.44383],[69.75006,-49.44202],[69.75952,-49.45255],[69.76463,-49.45259],[69.77159,-49.45743],[69.77234,-49.45321],[69.77658,-49.45234],[69.77412,-49.45007],[69.77951,-49.44618],[69.78632,-49.4496],[69.78904,-49.45728],[69.79465,-49.45756],[69.79731,-49.46522],[69.8047,-49.47062],[69.80724,-49.46708],[69.81355,-49.4668],[69.80677,-49.46115],[69.80539,-49.45202],[69.79064,-49.43882],[69.77876,-49.43408],[69.77669,-49.43171],[69.77962,-49.42728],[69.77011,-49.42213],[69.78776,-49.42852],[69.79065,-49.4248],[69.78425,-49.41769],[69.76945,-49.41266],[69.76281,-49.40623],[69.75549,-49.40444],[69.7582,-49.39961],[69.74829,-49.39421],[69.74962,-49.39101],[69.75698,-49.39274],[69.76237,-49.40056],[69.77326,-49.40572],[69.7759,-49.41101],[69.78183,-49.41171],[69.791,-49.41777],[69.79463,-49.41701],[69.79885,-49.42419],[69.80542,-49.42177],[69.80942,-49.42281],[69.80778,-49.41935],[69.81159,-49.41541],[69.8168,-49.41478],[69.81055,-49.40927],[69.81607,-49.40861],[69.80149,-49.40373],[69.80755,-49.39839],[69.79835,-49.3946],[69.78216,-49.39371],[69.78241,-49.3914],[69.79119,-49.38888],[69.80655,-49.39581],[69.81457,-49.39695],[69.81551,-49.40421],[69.83227,-49.41027],[69.83758,-49.41739],[69.85261,-49.41973],[69.84419,-49.42379],[69.85477,-49.43214],[69.86606,-49.43705],[69.88404,-49.45112],[69.89688,-49.45338],[69.89015,-49.4491],[69.88911,-49.44507],[69.88066,-49.44067],[69.88212,-49.43233],[69.88568,-49.43164],[69.90094,-49.44533],[69.89891,-49.4491],[69.90264,-49.45207],[69.91062,-49.45231],[69.90892,-49.44626],[69.92104,-49.44851],[69.92286,-49.44592],[69.913,-49.44343],[69.91547,-49.43957],[69.9148,-49.43369],[69.90994,-49.43123],[69.91199,-49.42703],[69.90623,-49.42509],[69.90012,-49.42671],[69.89507,-49.42171],[69.88199,-49.41859],[69.87918,-49.40551],[69.87578,-49.40343],[69.87923,-49.40306],[69.87912,-49.40108],[69.87523,-49.39978],[69.87849,-49.39877],[69.88639,-49.4082],[69.89423,-49.41225],[69.89576,-49.40951],[69.88751,-49.40794],[69.8868,-49.4034],[69.89074,-49.402],[69.90808,-49.40545],[69.92289,-49.40053],[69.92151,-49.39718],[69.90571,-49.38797],[69.88826,-49.38422],[69.88373,-49.3809],[69.87782,-49.38121],[69.87877,-49.3785],[69.87362,-49.38339],[69.86174,-49.38403],[69.86008,-49.38083],[69.86337,-49.37977],[69.8628,-49.37709],[69.87032,-49.37796],[69.86826,-49.37218],[69.86092,-49.37459],[69.8557,-49.37093],[69.84927,-49.37075],[69.84728,-49.36348],[69.8084,-49.34323],[69.80481,-49.33833],[69.81564,-49.33764],[69.82387,-49.34067],[69.82851,-49.34896],[69.84116,-49.35267],[69.85442,-49.36212],[69.85988,-49.36046],[69.86178,-49.35545],[69.87532,-49.35447],[69.8714,-49.34963],[69.85427,-49.34278],[69.86011,-49.33899],[69.86912,-49.34185],[69.87873,-49.3488],[69.8861,-49.34882],[69.89753,-49.35579],[69.90686,-49.35169],[69.91597,-49.35268],[69.93818,-49.35839],[69.94233,-49.36212],[69.95737,-49.36725],[69.96885,-49.36861],[69.98057,-49.37384],[69.98442,-49.37431],[69.9877,-49.3717],[69.98636,-49.37474],[69.99159,-49.3749],[69.99635,-49.37051],[70.00137,-49.36977],[70.00314,-49.36538],[70.00907,-49.36626],[70.01603,-49.3702],[70.01604,-49.37317],[70.02216,-49.37437],[70.0231,-49.37098],[70.02675,-49.37126],[70.02346,-49.36962],[70.02539,-49.36753],[70.03541,-49.36672],[70.05313,-49.37038],[70.06502,-49.36714],[70.06458,-49.363],[70.06726,-49.36185],[70.08023,-49.36972],[70.08379,-49.36408],[70.07873,-49.35335],[70.08534,-49.34855],[70.09737,-49.34492],[70.11423,-49.34293],[70.12311,-49.34485],[70.12659,-49.34817],[70.1364,-49.34513],[70.16845,-49.34509],[70.18422,-49.34873],[70.18797,-49.35352],[70.19704,-49.35056],[70.20325,-49.35457],[70.21164,-49.35491],[70.22258,-49.35081],[70.22957,-49.35105],[70.22283,-49.35909],[70.24269,-49.36494],[70.24867,-49.36927],[70.25169,-49.3759],[70.24811,-49.38428],[70.25558,-49.38843],[70.25652,-49.39321],[70.26188,-49.39408],[70.28024,-49.4121],[70.28095,-49.42356],[70.26796,-49.4303],[70.27959,-49.43779],[70.28721,-49.43478],[70.35258,-49.44891],[70.38481,-49.4507],[70.38825,-49.44705],[70.4405,-49.44133],[70.44188,-49.43523],[70.43523,-49.42881],[70.42332,-49.42309],[70.39437,-49.41677],[70.38843,-49.41339],[70.36525,-49.41305],[70.35885,-49.40904],[70.34361,-49.40772],[70.33801,-49.40181],[70.33298,-49.40234],[70.3374,-49.40437],[70.33757,-49.40951],[70.32726,-49.41297],[70.32097,-49.41187],[70.31778,-49.39915],[70.31235,-49.39814],[70.30946,-49.39128],[70.30195,-49.3867],[70.30785,-49.38163],[70.31421,-49.38237],[70.3158,-49.37955],[70.32728,-49.3789],[70.33195,-49.38467],[70.33486,-49.38385],[70.3186,-49.36328],[70.32128,-49.35495],[70.33155,-49.34846],[70.34151,-49.34565],[70.35215,-49.34755],[70.35999,-49.3535],[70.36698,-49.34897],[70.37617,-49.34984],[70.3841,-49.35602],[70.38667,-49.36517],[70.39221,-49.36144],[70.4017,-49.36123],[70.41404,-49.36729],[70.41905,-49.37281],[70.41643,-49.37887],[70.42221,-49.38394],[70.42752,-49.38118],[70.4432,-49.38168],[70.44674,-49.37146],[70.46088,-49.36531],[70.46394,-49.35818],[70.48302,-49.35287],[70.4827,-49.34884],[70.4977,-49.33568],[70.49643,-49.32755],[70.52131,-49.31762],[70.52421,-49.30822],[70.53051,-49.30365],[70.53528,-49.30322],[70.53364,-49.29581],[70.53726,-49.2798],[70.55656,-49.2439],[70.55358,-49.22853],[70.55717,-49.22021],[70.5521,-49.19251],[70.52916,-49.17838],[70.51847,-49.16631],[70.51156,-49.15097],[70.50956,-49.1314],[70.52355,-49.11535],[70.52227,-49.09922],[70.49843,-49.08619],[70.46942,-49.07887],[70.45294,-49.06779],[70.43985,-49.07389],[70.42861,-49.07045],[70.41993,-49.06354],[70.39287,-49.05501],[70.38696,-49.05741],[70.38163,-49.05584],[70.36958,-49.05757],[70.35077,-49.05416],[70.32894,-49.055],[70.3264,-49.05201],[70.31958,-49.05098],[70.30247,-49.05893],[70.28884,-49.0606],[70.28697,-49.06344],[70.28229,-49.06375],[70.27829,-49.073],[70.27179,-49.0789],[70.26786,-49.07929],[70.26445,-49.07612],[70.25933,-49.07685],[70.25569,-49.08142],[70.24146,-49.08856],[70.23253,-49.10717],[70.2349,-49.10878],[70.23045,-49.12094],[70.23699,-49.13424],[70.22683,-49.1401],[70.22642,-49.15017],[70.22139,-49.15189],[70.21595,-49.15882],[70.21135,-49.15594],[70.20681,-49.15778],[70.20071,-49.15601],[70.1943,-49.16625],[70.19204,-49.16593],[70.19148,-49.16313],[70.1873,-49.16274],[70.18926,-49.15514],[70.18001,-49.15198],[70.18775,-49.14987],[70.18853,-49.14478],[70.18456,-49.14234],[70.18541,-49.14567],[70.18066,-49.14531],[70.1768,-49.15123],[70.17296,-49.15131],[70.17193,-49.14902],[70.16659,-49.15442],[70.15977,-49.15604],[70.14477,-49.17442],[70.138,-49.1761],[70.13603,-49.17473],[70.14615,-49.15799],[70.14711,-49.14029],[70.1337,-49.13253],[70.11164,-49.12686],[70.09897,-49.11797],[70.07519,-49.11759],[70.07238,-49.11366],[70.06638,-49.11843],[70.05563,-49.11784],[70.04004,-49.12725],[70.04368,-49.14184],[70.04128,-49.1431],[70.03765,-49.1434],[70.03214,-49.13951],[69.98898,-49.13994],[69.98038,-49.14505],[69.98569,-49.15714],[69.97591,-49.15657],[69.9708,-49.15301],[69.93769,-49.1674],[69.92794,-49.1781],[69.93416,-49.18948],[69.92953,-49.19503],[69.92619,-49.19573],[69.91588,-49.18812],[69.9112,-49.19101],[69.90796,-49.182],[69.8997,-49.19155],[69.90448,-49.1971],[69.90336,-49.19954],[69.89763,-49.19717],[69.8975,-49.19137],[69.87992,-49.193],[69.87679,-49.19629],[69.87371,-49.20161],[69.8818,-49.20682],[69.88849,-49.20626],[69.89503,-49.19959],[69.89792,-49.20096],[69.89418,-49.20968],[69.88396,-49.21488],[69.8809,-49.21066],[69.87584,-49.21068],[69.8626,-49.21611],[69.85165,-49.20774],[69.85591,-49.21803],[69.8515,-49.21877],[69.85408,-49.22085],[69.84771,-49.22582],[69.85231,-49.23378],[69.85092,-49.23861],[69.84313,-49.24168],[69.84139,-49.24532],[69.85061,-49.24795],[69.84937,-49.25563],[69.85437,-49.26455],[69.85058,-49.26702],[69.84567,-49.26749],[69.83889,-49.26139],[69.83341,-49.2604],[69.82815,-49.26249],[69.8231,-49.26963],[69.81435,-49.26938],[69.8095,-49.27322],[69.80694,-49.28629],[69.79541,-49.29548],[69.78873,-49.29089],[69.79855,-49.28603],[69.80092,-49.28061],[69.79824,-49.27701],[69.78882,-49.27377],[69.79074,-49.26275],[69.77746,-49.26528],[69.77209,-49.2679],[69.76651,-49.27958],[69.75788,-49.28613],[69.75761,-49.29102],[69.73794,-49.29502],[69.73248,-49.29933],[69.7339,-49.30097],[69.72539,-49.30307],[69.70753,-49.31293],[69.70763,-49.31671],[69.70104,-49.31696],[69.70308,-49.31847],[69.6978,-49.31702],[69.69662,-49.3143],[69.70503,-49.31284],[69.70886,-49.30993],[69.70498,-49.30805],[69.69629,-49.30809],[69.68902,-49.31233],[69.67337,-49.31363],[69.66204,-49.30961],[69.67155,-49.3107],[69.66669,-49.30836],[69.66749,-49.30534],[69.63042,-49.30142],[69.61671,-49.30587],[69.60447,-49.30703],[69.58158,-49.30202],[69.57112,-49.30499],[69.56458,-49.30267],[69.58149,-49.30063],[69.57924,-49.29758],[69.58162,-49.29361],[69.61307,-49.29767],[69.6215,-49.29511],[69.6418,-49.29645],[69.64769,-49.29434],[69.67879,-49.30302],[69.68236,-49.30579],[69.70857,-49.30374],[69.70245,-49.30079],[69.69441,-49.30061],[69.70289,-49.29821],[69.68937,-49.29248],[69.69166,-49.29043],[69.7113,-49.29149],[69.70294,-49.28665],[69.69474,-49.28527],[69.69071,-49.28126],[69.70941,-49.28357],[69.71529,-49.27745],[69.70595,-49.2767],[69.70558,-49.27466],[69.71591,-49.27349],[69.71819,-49.27252],[69.71562,-49.27121],[69.72837,-49.26787],[69.73137,-49.26109],[69.7267,-49.25489],[69.72201,-49.25381],[69.70342,-49.25194],[69.681,-49.26082],[69.66626,-49.26013],[69.66551,-49.26322],[69.65751,-49.26482],[69.65767,-49.26212],[69.65094,-49.2632],[69.65558,-49.26703],[69.6426,-49.27151],[69.6334,-49.26982],[69.6299,-49.27187],[69.61434,-49.27211],[69.59349,-49.27775],[69.549,-49.26844],[69.54303,-49.27036],[69.5447,-49.27301],[69.54115,-49.27387],[69.50791,-49.27739],[69.49994,-49.28009],[69.47762,-49.27971],[69.4666,-49.27554],[69.39963,-49.27604],[69.39897,-49.27139],[69.40264,-49.26791],[69.4498,-49.26844],[69.439,-49.26565],[69.4702,-49.26018],[69.47043,-49.25741],[69.47913,-49.25286],[69.47935,-49.24889],[69.49304,-49.25201],[69.48081,-49.2517],[69.47998,-49.25486],[69.47276,-49.25887],[69.47472,-49.25945],[69.49786,-49.25504],[69.49811,-49.25348],[69.51313,-49.25212],[69.51708,-49.24864],[69.52621,-49.25144],[69.5295,-49.24741],[69.52666,-49.24505],[69.5418,-49.2465],[69.54264,-49.24237],[69.53562,-49.24337],[69.53047,-49.23844],[69.4944,-49.24206],[69.48341,-49.24009],[69.47394,-49.24188],[69.47055,-49.24656],[69.45328,-49.24799],[69.44485,-49.24625],[69.44002,-49.24821],[69.43994,-49.24297],[69.44333,-49.24115],[69.43775,-49.23861],[69.45111,-49.23526],[69.45452,-49.23261],[69.44591,-49.23337],[69.45045,-49.23193],[69.45797,-49.23239],[69.46876,-49.22983],[69.46874,-49.22784],[69.47861,-49.22952],[69.47864,-49.22538],[69.48796,-49.22495],[69.49941,-49.22476],[69.5038,-49.23219],[69.50765,-49.23293],[69.52064,-49.23168],[69.52137,-49.22871],[69.51156,-49.22832],[69.49458,-49.22146],[69.48401,-49.2215],[69.46759,-49.2259],[69.45375,-49.22497],[69.44962,-49.22635],[69.44769,-49.23062],[69.43673,-49.23256],[69.43891,-49.22942],[69.44852,-49.22638],[69.43106,-49.2268],[69.43914,-49.22474],[69.44052,-49.22225],[69.43633,-49.22056],[69.44062,-49.21808],[69.43815,-49.21502],[69.43542,-49.21436],[69.42402,-49.222],[69.41254,-49.22428],[69.413,-49.22003],[69.42506,-49.21796],[69.4301,-49.21349],[69.42202,-49.20858],[69.41569,-49.20885],[69.42097,-49.20724],[69.41645,-49.20456],[69.40633,-49.21145],[69.39962,-49.21142],[69.41396,-49.20317],[69.42969,-49.20326],[69.44475,-49.19923],[69.42876,-49.20031],[69.42497,-49.19733],[69.42544,-49.19187],[69.40636,-49.18785],[69.40708,-49.18576],[69.39991,-49.18353],[69.38106,-49.18368],[69.38043,-49.18844],[69.37478,-49.19051],[69.37707,-49.19117],[69.37451,-49.19327],[69.36633,-49.19286],[69.37087,-49.19154],[69.35612,-49.18733],[69.35553,-49.18453],[69.36355,-49.18396],[69.36605,-49.18083],[69.37344,-49.18182],[69.37097,-49.17949],[69.37514,-49.17605],[69.37149,-49.17313],[69.38153,-49.17318],[69.39645,-49.17764],[69.41897,-49.17481],[69.43331,-49.17645],[69.44182,-49.17417],[69.43588,-49.16913],[69.42216,-49.16967],[69.43109,-49.16672],[69.43564,-49.16095],[69.45136,-49.16011],[69.4643,-49.15364],[69.46249,-49.14589],[69.45784,-49.14252],[69.4484,-49.13932],[69.44096,-49.1406],[69.41454,-49.1634],[69.40906,-49.16195],[69.4177,-49.1571],[69.41973,-49.15012],[69.41723,-49.14559],[69.42096,-49.14346],[69.42459,-49.14512],[69.42619,-49.14316],[69.42215,-49.14277],[69.43496,-49.13678],[69.43528,-49.13337],[69.43128,-49.13141],[69.41577,-49.13007],[69.40444,-49.13184],[69.38836,-49.13711],[69.37996,-49.14517],[69.37227,-49.14411],[69.37828,-49.13759],[69.36378,-49.13903],[69.35883,-49.14196],[69.36122,-49.14642],[69.37245,-49.15083],[69.37728,-49.14735],[69.37997,-49.14842],[69.37179,-49.15482],[69.3635,-49.15611],[69.35793,-49.15992],[69.35781,-49.17095],[69.35236,-49.17403],[69.35233,-49.17688],[69.3365,-49.177],[69.32133,-49.17276],[69.31366,-49.18167],[69.3085,-49.18287],[69.30374,-49.17948],[69.30345,-49.17178],[69.30894,-49.16982],[69.30784,-49.16685],[69.316,-49.16095],[69.32636,-49.15922],[69.33209,-49.15264],[69.33115,-49.14874],[69.33548,-49.14747],[69.33164,-49.145],[69.33187,-49.14149],[69.34994,-49.13223],[69.35351,-49.12379],[69.3487,-49.12059],[69.34821,-49.11668],[69.33289,-49.10837],[69.33858,-49.10902],[69.34098,-49.10672],[69.35075,-49.10898],[69.35863,-49.11536],[69.35826,-49.11787],[69.36173,-49.11621],[69.3693,-49.12006],[69.37213,-49.11819],[69.36947,-49.11637],[69.37505,-49.11435],[69.38754,-49.11414],[69.39822,-49.11042],[69.42822,-49.11275],[69.45278,-49.12502],[69.46119,-49.12431],[69.48681,-49.13248],[69.5058,-49.13245],[69.5328,-49.13669],[69.53631,-49.13426],[69.5795,-49.13342],[69.57902,-49.12859],[69.59456,-49.12797],[69.60279,-49.12543],[69.63069,-49.12569],[69.65647,-49.11879],[69.63648,-49.11693],[69.58715,-49.12428],[69.57871,-49.12349],[69.56698,-49.13013],[69.56387,-49.12777],[69.56643,-49.12188],[69.56129,-49.11591],[69.56929,-49.11051],[69.5968,-49.10588],[69.60332,-49.10941],[69.61556,-49.11085],[69.6225,-49.10799],[69.64786,-49.10598],[69.65484,-49.1016],[69.65187,-49.09852],[69.64256,-49.09713],[69.64666,-49.09417],[69.63089,-49.09073],[69.61933,-49.09492],[69.60887,-49.09491],[69.59676,-49.09819],[69.58363,-49.09379],[69.57025,-49.09716],[69.56767,-49.09554],[69.57037,-49.09049],[69.57669,-49.08752],[69.59323,-49.08921],[69.60373,-49.08668],[69.61122,-49.08166],[69.61009,-49.07892],[69.61415,-49.07994],[69.61823,-49.07794],[69.61661,-49.07539],[69.63906,-49.0763],[69.64125,-49.07502],[69.63256,-49.07152],[69.63284,-49.06968],[69.62487,-49.06798],[69.62689,-49.06549],[69.63627,-49.06714],[69.6522,-49.07526],[69.66132,-49.07566],[69.65958,-49.06836],[69.66268,-49.06885],[69.66402,-49.06515],[69.65216,-49.06109],[69.66034,-49.05417],[69.65555,-49.05502],[69.65354,-49.05334],[69.65315,-49.04775],[69.64907,-49.04883],[69.64772,-49.04623],[69.63398,-49.0517],[69.62483,-49.06108],[69.62151,-49.0577],[69.62843,-49.05287],[69.62616,-49.04953],[69.63037,-49.04505],[69.62588,-49.04381],[69.60965,-49.04732],[69.60298,-49.04412],[69.59616,-49.04408],[69.5955,-49.04084],[69.58146,-49.03827],[69.57297,-49.03938],[69.57366,-49.0446],[69.56849,-49.04662],[69.5566,-49.03743],[69.57828,-49.0295],[69.58744,-49.03078],[69.60443,-49.02792],[69.60823,-49.0262],[69.60866,-49.02272],[69.60859,-49.0202],[69.60251,-49.01981],[69.60278,-49.01664],[69.59513,-49.01463],[69.59497,-49.01638],[69.59024,-49.01552],[69.57015,-49.02557],[69.56156,-49.02323],[69.56358,-49.02024],[69.55535,-49.01952],[69.55756,-49.01736],[69.56935,-49.01916],[69.58587,-49.01083],[69.6002,-49.01272],[69.60932,-49.00975],[69.60193,-49.00541],[69.60212,-49.00251],[69.59288,-49.00522],[69.59255,-49.0072],[69.58612,-49.00645],[69.58631,-49.00461],[69.58278,-49.00729],[69.57173,-49.00609],[69.55558,-49.01494],[69.54853,-49.00748],[69.58313,-49.00173],[69.59286,-48.9959],[69.60841,-48.99369],[69.61171,-48.98874],[69.6175,-48.9874],[69.62505,-48.98054],[69.62107,-48.97779],[69.62345,-48.97488],[69.60426,-48.97162],[69.59856,-48.97607],[69.59818,-48.98241],[69.59098,-48.98587],[69.58324,-48.98639],[69.57919,-48.98999],[69.57182,-48.98407],[69.54719,-48.98831],[69.55527,-48.98082],[69.57708,-48.97632],[69.56992,-48.97526],[69.56933,-48.97295],[69.58915,-48.96666],[69.58507,-48.963],[69.58937,-48.95571],[69.57692,-48.95774],[69.57376,-48.95427],[69.58122,-48.95152],[69.58225,-48.94817],[69.57587,-48.94429],[69.57119,-48.94392],[69.56769,-48.94746],[69.56328,-48.94591],[69.55891,-48.95115],[69.5411,-48.95558],[69.53031,-48.96669],[69.52659,-48.98369],[69.52204,-48.9882],[69.52888,-48.99596],[69.52121,-48.99663],[69.51726,-49.00681],[69.50729,-49.01661],[69.51057,-49.02384],[69.50782,-49.0281],[69.49972,-49.02655],[69.50033,-49.03103],[69.49208,-49.03498],[69.49554,-49.03897],[69.49211,-49.0381],[69.48674,-49.04072],[69.48939,-49.04109],[69.49505,-49.05147],[69.49703,-49.06016],[69.49308,-49.06259],[69.49286,-49.06811],[69.4803,-49.07565],[69.46832,-49.0774],[69.46866,-49.07992],[69.46299,-49.08121],[69.4601,-49.08632],[69.44937,-49.09052],[69.43441,-49.08965],[69.43858,-49.08453],[69.44729,-49.08148],[69.4534,-49.08263],[69.45286,-49.08036],[69.45665,-49.07888],[69.45939,-49.06969],[69.45706,-49.06578],[69.45195,-49.06759],[69.4555,-49.06461],[69.45045,-49.05848],[69.45879,-49.06317],[69.46793,-49.05474],[69.46322,-49.04682],[69.46356,-49.03941],[69.45435,-49.02849],[69.45696,-49.02128],[69.45129,-49.01591],[69.44803,-49.01693],[69.44103,-49.01391],[69.43602,-49.01619],[69.4339,-49.02438],[69.43858,-49.04416],[69.43392,-49.04206],[69.43082,-49.03369],[69.42437,-49.02934],[69.41273,-49.03135],[69.40772,-49.03645],[69.39582,-49.04165],[69.39121,-49.04453],[69.39363,-49.04659],[69.38952,-49.05766],[69.38286,-49.0624],[69.37657,-49.06289],[69.35347,-49.08636],[69.3379,-49.09068],[69.33934,-49.10587],[69.33656,-49.10501],[69.33719,-49.10006],[69.33105,-49.0975],[69.32239,-49.0994],[69.31483,-49.09699],[69.25796,-49.10625],[69.24122,-49.11527],[69.23686,-49.11088],[69.2307,-49.11533],[69.22784,-49.12503],[69.22163,-49.13256],[69.20624,-49.12977],[69.19775,-49.12591],[69.19741,-49.11613],[69.18795,-49.11569],[69.18448,-49.12485],[69.1821,-49.12482],[69.17761,-49.12276],[69.1749,-49.11239],[69.15424,-49.11379],[69.1543,-49.10692],[69.16872,-49.1032],[69.17411,-49.09786],[69.17679,-49.09887],[69.18402,-49.08225],[69.17188,-49.07647],[69.1871,-49.07175],[69.1909,-49.06565],[69.1832,-49.05637],[69.16628,-49.05015],[69.17345,-49.04843],[69.17222,-49.04503],[69.15956,-49.04712],[69.17222,-49.04229],[69.16943,-49.04105],[69.16956,-49.02858],[69.16117,-49.02822],[69.15206,-49.02405],[69.13942,-49.02464],[69.14018,-49.01657],[69.13164,-49.01975],[69.1297,-49.01702],[69.12596,-49.02105],[69.12382,-49.01956],[69.1277,-49.01362],[69.11478,-49.0007],[69.12366,-48.99087],[69.1171,-48.98715],[69.10144,-48.99184],[69.09752,-48.99105],[69.08476,-49.00803],[69.06774,-49.01685],[69.06981,-49.02417],[69.06338,-49.0262],[69.06236,-49.02171],[69.05887,-49.02073],[69.05394,-49.02535],[69.05001,-49.02533],[69.04026,-49.03529],[69.04011,-49.05495],[69.04671,-49.06501],[69.04353,-49.06522],[69.04411,-49.06978],[69.03485,-49.08004],[69.04688,-49.09514],[69.06347,-49.10132],[69.06045,-49.11117],[69.05489,-49.11357],[69.05896,-49.12099],[69.04799,-49.11431],[69.04424,-49.10388],[69.03157,-49.09586],[69.03061,-49.09009],[69.01489,-49.09021],[69.00709,-49.08612],[69.00211,-49.08867],[69.00209,-49.08565],[68.98975,-49.08824],[68.98682,-49.08268],[69.00751,-49.08075],[69.01343,-49.07385],[69.01523,-49.05929],[69.00914,-49.05351],[69.01002,-49.04961],[68.99901,-49.04833],[68.99607,-49.0441],[68.9927,-49.04527],[68.98995,-49.04362],[69.00222,-49.03622],[69.00128,-49.01516],[69.01428,-49.01627],[69.02809,-49.01184],[69.03126,-49.00663],[69.01518,-48.99192],[69.00128,-48.99165],[68.99665,-48.98869],[68.99659,-48.98544],[69.00054,-48.98489],[69.00932,-48.98939],[69.01514,-48.98771],[69.0366,-49.00258],[69.05342,-48.99708],[69.07434,-48.98001],[69.10301,-48.97412],[69.11734,-48.96032],[69.11341,-48.94742],[69.11044,-48.94794],[69.10687,-48.94355],[69.11273,-48.93711],[69.10764,-48.93823],[69.09838,-48.93574],[69.10847,-48.92646],[69.10345,-48.92237],[69.10406,-48.91666],[69.09994,-48.91336],[69.08786,-48.92949],[69.06147,-48.94441],[69.04433,-48.94707],[69.03862,-48.93764],[69.03408,-48.93813],[69.03733,-48.93155],[69.04682,-48.93434],[69.05886,-48.93264],[69.06707,-48.92013],[69.07442,-48.91543],[69.07264,-48.90697],[69.09514,-48.89058],[69.10961,-48.88527],[69.10375,-48.88158],[69.10935,-48.88016],[69.11894,-48.88503],[69.12236,-48.88059],[69.10629,-48.8719],[69.10784,-48.86863],[69.11377,-48.86461],[69.11633,-48.86832],[69.12538,-48.87131],[69.13684,-48.86333],[69.15004,-48.84612],[69.14709,-48.84127],[69.15048,-48.83728],[69.1483,-48.82701],[69.14362,-48.81937],[69.14858,-48.81571],[69.14334,-48.81591],[69.13324,-48.8244],[69.13204,-48.83139],[69.1227,-48.83723],[69.12586,-48.84122],[69.12009,-48.84948],[69.11622,-48.84406],[69.12021,-48.84029],[69.11881,-48.83694],[69.11729,-48.84151],[69.11142,-48.84084],[69.10587,-48.81873],[69.10778,-48.81527],[69.09618,-48.81349],[69.09748,-48.80796],[69.10465,-48.80035],[69.11614,-48.79663],[69.12659,-48.79661],[69.13899,-48.78938],[69.15329,-48.78503],[69.15864,-48.77947],[69.17457,-48.78428],[69.17985,-48.78161],[69.17857,-48.77784],[69.17566,-48.77908],[69.17224,-48.77496],[69.17007,-48.75852],[69.16648,-48.75753],[69.13898,-48.76],[69.12743,-48.75778],[69.11156,-48.76496],[69.09954,-48.76659],[69.07036,-48.78955],[69.06026,-48.7879],[69.04265,-48.79737],[69.02674,-48.80257],[69.01154,-48.81207],[69.02895,-48.82683],[69.02351,-48.8323],[69.02404,-48.8356],[69.01506,-48.84171],[69.01416,-48.85319],[69.01082,-48.85298],[69.00527,-48.84402],[69.01065,-48.83128],[69.00366,-48.81961],[68.98898,-48.82686],[68.97314,-48.82844],[68.96678,-48.83191],[68.96662,-48.83495],[68.93791,-48.84244],[68.93844,-48.85675],[68.96615,-48.86999],[68.96461,-48.88279],[68.96113,-48.88268],[68.95944,-48.87344],[68.93217,-48.864],[68.92843,-48.85793],[68.91851,-48.85577],[68.91438,-48.85737],[68.91078,-48.86088],[68.91214,-48.86657],[68.9058,-48.86962],[68.90769,-48.88303],[68.91197,-48.88751],[68.89987,-48.88997],[68.89627,-48.89485],[68.89821,-48.90107],[68.89519,-48.90195],[68.89184,-48.89478],[68.89666,-48.89259],[68.89949,-48.88552],[68.89345,-48.87647],[68.90199,-48.86913],[68.90305,-48.85803],[68.91134,-48.85468],[68.90845,-48.85085],[68.91141,-48.84591],[68.91847,-48.84424],[68.94685,-48.81973],[68.95493,-48.82121],[68.96096,-48.81871],[68.96648,-48.81091],[68.95725,-48.8105],[68.95974,-48.80538],[68.96719,-48.80637],[68.99722,-48.79802],[69.01963,-48.78305],[69.04812,-48.77105],[69.06755,-48.75161],[69.12401,-48.72999],[69.12096,-48.71983],[69.11263,-48.71879],[69.10981,-48.72315],[69.09879,-48.72482],[69.08725,-48.73135],[69.06149,-48.7372],[69.0177,-48.75899],[68.98931,-48.7661],[68.97822,-48.76604],[68.96838,-48.7697],[68.96708,-48.76596],[68.98314,-48.76299],[69.00093,-48.75489],[69.01063,-48.75358],[69.01807,-48.74415],[69.03741,-48.73749],[69.04211,-48.73223],[69.07524,-48.71945],[69.0702,-48.71433],[69.05911,-48.71317],[69.04038,-48.72072],[69.01242,-48.72331],[68.98972,-48.73329],[68.97214,-48.73418],[68.97187,-48.73266],[68.98585,-48.72965],[69.0069,-48.71724],[69.02455,-48.71715],[69.02734,-48.71055],[69.0403,-48.70821],[69.06911,-48.69478],[69.07141,-48.6912],[69.05903,-48.6966],[69.04996,-48.69686],[69.04216,-48.68473],[69.02422,-48.67985],[69.02431,-48.67645],[69.04064,-48.67881],[69.04901,-48.67634],[69.05437,-48.67747],[69.05751,-48.67499],[69.05826,-48.66941],[69.05198,-48.66981],[69.04347,-48.66316],[69.03333,-48.66],[69.02484,-48.65998],[69.02255,-48.66209],[69.0121,-48.6587],[69.01229,-48.66296],[69.00873,-48.66371],[69.01079,-48.66695],[69.00615,-48.67238],[69.00937,-48.67961],[69.00426,-48.68328],[68.9716,-48.67977],[68.96843,-48.67564],[68.97047,-48.67221],[68.95274,-48.66551],[68.93596,-48.67016],[68.94005,-48.68148],[68.93729,-48.68458],[68.94372,-48.69085],[68.96223,-48.69234],[68.96719,-48.69632],[68.94115,-48.70177],[68.92521,-48.69862],[68.92159,-48.70041],[68.92174,-48.70383],[68.92646,-48.70461],[68.92936,-48.71192],[68.93271,-48.71332],[68.95745,-48.71475],[68.93855,-48.7207],[68.93387,-48.72648],[68.92876,-48.72637],[68.91921,-48.72119],[68.9106,-48.72066],[68.90803,-48.7178],[68.90007,-48.72131],[68.91048,-48.72687],[68.91259,-48.73172],[68.92829,-48.73899],[68.92625,-48.74393],[68.95084,-48.75225],[68.94997,-48.75787],[68.93867,-48.75825],[68.9289,-48.76206],[68.93173,-48.76764],[68.92417,-48.77023],[68.93526,-48.77599],[68.928,-48.77836],[68.92361,-48.77708],[68.91343,-48.77881],[68.90222,-48.77605],[68.90916,-48.78107],[68.90435,-48.78593],[68.90629,-48.79156],[68.89633,-48.79315],[68.89747,-48.80067],[68.89246,-48.80426],[68.88599,-48.80243],[68.87958,-48.80587],[68.88214,-48.81402],[68.88979,-48.81913],[68.88901,-48.82372],[68.88221,-48.82393],[68.8698,-48.81994],[68.86724,-48.82343],[68.86134,-48.82352],[68.8613,-48.82583],[68.85462,-48.82981],[68.84701,-48.83059],[68.84531,-48.83348],[68.83689,-48.83105],[68.82973,-48.83188],[68.82713,-48.83759],[68.81181,-48.83551],[68.80881,-48.83152],[68.80443,-48.84014],[68.79561,-48.83783],[68.78096,-48.84591],[68.78717,-48.86308],[68.7829,-48.86742],[68.78982,-48.87877],[68.80209,-48.87431],[68.80757,-48.88017],[68.80857,-48.88837],[68.81635,-48.9019],[68.82237,-48.90269],[68.82133,-48.9071],[68.83498,-48.91577],[68.83979,-48.9154],[68.84213,-48.92597],[68.84628,-48.9288],[68.8617,-48.9333],[68.85923,-48.94125],[68.86273,-48.94352],[68.8612,-48.95302],[68.88033,-48.96314],[68.87602,-48.9693],[68.8869,-48.98274],[68.8834,-48.98738],[68.88864,-48.99566],[68.88459,-48.99685],[68.88144,-48.99348],[68.87536,-48.99244],[68.86682,-48.973],[68.84763,-48.95732],[68.84453,-48.9622],[68.83426,-48.96326],[68.83679,-48.96818],[68.83341,-48.96948],[68.8314,-48.96605],[68.82961,-48.96688],[68.83224,-48.97469],[68.82403,-48.97377],[68.81568,-48.96664],[68.81195,-48.96735],[68.8083,-48.96327],[68.80372,-48.96328],[68.80099,-48.9677],[68.79508,-48.96905],[68.79361,-48.97373],[68.7851,-48.97673],[68.78272,-48.9824],[68.79137,-48.9851],[68.78796,-48.99182],[68.79136,-48.99317],[68.79274,-48.99814],[68.79074,-48.99994],[68.78641,-48.99824],[68.78111,-49.0022],[68.78656,-49.01512],[68.79217,-49.01857],[68.7925,-49.02528],[68.80127,-49.03443],[68.81436,-49.04235],[68.82203,-49.04043],[68.81756,-49.05204],[68.82065,-49.05647],[68.81642,-49.05838],[68.80267,-49.04458],[68.79473,-49.04366],[68.79375,-49.03751],[68.78632,-49.03243],[68.78147,-49.03368],[68.78202,-49.03538],[68.77446,-49.03581],[68.76148,-49.02822],[68.76121,-49.03064],[68.74897,-49.03844],[68.75204,-49.04229],[68.74918,-49.04715],[68.75169,-49.05129],[68.74354,-49.04971],[68.74503,-49.05676],[68.75116,-49.06188],[68.7451,-49.06378],[68.73949,-49.05988],[68.73287,-49.06124],[68.73511,-49.06816]]],[[[69.65799,-49.19409],[69.65788,-49.19247],[69.65467,-49.1931],[69.65799,-49.19409]]],[[[69.65699,-49.11714],[69.66278,-49.12217],[69.68054,-49.1224],[69.68537,-49.12121],[69.68788,-49.117],[69.68378,-49.10974],[69.67538,-49.10567],[69.67442,-49.10279],[69.65533,-49.10971],[69.65699,-49.11714]]],[[[69.68303,-49.10584],[69.68656,-49.10661],[69.67913,-49.10385],[69.68303,-49.10584]]],[[[69.68912,-49.10051],[69.68832,-49.09786],[69.68038,-49.09775],[69.68912,-49.10051]]],[[[69.69819,-49.0967],[69.70371,-49.09636],[69.6967,-49.094],[69.69819,-49.0967]]],[[[69.65408,-49.03271],[69.65469,-49.03456],[69.65773,-49.03367],[69.65602,-49.03136],[69.65408,-49.03271]]],[[[69.63989,-49.01031],[69.63557,-49.01166],[69.63844,-49.01476],[69.64916,-49.01511],[69.66148,-49.01115],[69.6628,-49.0075],[69.64801,-49.00692],[69.63976,-49.01205],[69.63989,-49.01031]]],[[[69.62911,-48.99238],[69.62798,-48.99376],[69.63161,-48.99429],[69.63126,-48.99106],[69.62911,-48.99238]]],[[[69.62539,-48.94324],[69.62182,-48.94358],[69.62393,-48.94803],[69.63342,-48.94615],[69.63329,-48.94216],[69.6299,-48.94214],[69.62887,-48.94442],[69.62539,-48.94324]]],[[[69.76092,-49.66646],[69.77825,-49.67214],[69.78299,-49.67587],[69.7814,-49.6798],[69.78366,-49.68062],[69.78357,-49.67679],[69.78987,-49.6772],[69.7934,-49.67416],[69.79214,-49.66828],[69.7967,-49.66081],[69.79473,-49.65795],[69.78926,-49.65562],[69.78769,-49.65137],[69.77513,-49.64676],[69.76728,-49.63744],[69.75855,-49.64265],[69.75483,-49.64251],[69.75338,-49.65139],[69.74422,-49.65888],[69.75288,-49.6609],[69.75457,-49.66657],[69.75721,-49.66511],[69.76092,-49.66646]]],[[[69.75306,-49.62468],[69.74734,-49.61534],[69.74348,-49.6115],[69.7363,-49.61004],[69.73527,-49.60379],[69.72584,-49.59656],[69.71772,-49.60726],[69.71929,-49.60941],[69.72296,-49.60876],[69.72498,-49.61098],[69.72872,-49.60847],[69.73479,-49.61237],[69.73762,-49.61072],[69.74495,-49.61847],[69.7317,-49.64025],[69.73319,-49.64741],[69.73901,-49.6475],[69.74625,-49.63656],[69.75466,-49.63164],[69.75649,-49.62921],[69.75306,-49.62468]]],[[[69.71625,-49.53441],[69.70835,-49.53014],[69.72406,-49.56125],[69.7334,-49.57127],[69.73875,-49.56151],[69.72616,-49.53817],[69.71625,-49.53441]]],[[[69.73981,-49.534],[69.74861,-49.5473],[69.7572,-49.54546],[69.75408,-49.53784],[69.74203,-49.53191],[69.73981,-49.534]]],[[[69.72832,-49.52086],[69.72569,-49.51788],[69.71809,-49.51957],[69.72951,-49.52651],[69.72832,-49.52086]]],[[[69.80076,-49.49002],[69.7966,-49.48887],[69.80346,-49.49203],[69.80076,-49.49002]]],[[[69.77728,-49.46436],[69.77018,-49.46231],[69.7669,-49.46354],[69.77351,-49.46946],[69.77898,-49.46811],[69.77728,-49.46436]]],[[[69.72916,-49.43446],[69.7322,-49.43657],[69.73251,-49.4341],[69.72916,-49.43446]]],[[[69.79304,-49.42258],[69.79107,-49.42366],[69.79708,-49.42805],[69.79874,-49.42684],[69.79304,-49.42258]]],[[[69.69739,-49.29336],[69.69386,-49.29333],[69.70892,-49.30046],[69.71397,-49.30074],[69.70963,-49.29971],[69.70634,-49.29508],[69.69739,-49.29336]]],[[[69.73381,-49.24545],[69.73689,-49.24232],[69.72999,-49.24247],[69.7289,-49.24417],[69.73381,-49.24545]]],[[[69.71031,-49.19427],[69.70468,-49.19356],[69.71419,-49.19614],[69.71031,-49.19427]]],[[[69.69995,-49.17703],[69.70806,-49.17628],[69.7087,-49.17441],[69.70124,-49.17304],[69.69995,-49.17703]]],[[[69.70934,-49.16465],[69.71116,-49.16196],[69.70642,-49.16365],[69.70934,-49.16465]]],[[[69.81998,-49.49578],[69.81771,-49.4947],[69.81993,-49.49862],[69.81584,-49.49909],[69.82574,-49.50851],[69.82724,-49.51823],[69.83071,-49.51981],[69.83595,-49.51754],[69.84435,-49.52824],[69.85761,-49.5319],[69.8628,-49.53575],[69.86637,-49.53394],[69.8733,-49.53742],[69.8756,-49.53607],[69.88687,-49.53766],[69.90523,-49.54855],[69.92869,-49.54944],[69.95818,-49.56562],[69.96377,-49.57662],[69.96914,-49.58082],[69.98465,-49.58445],[69.99849,-49.58363],[70.00069,-49.58045],[69.99672,-49.56974],[69.97986,-49.5551],[69.96556,-49.54461],[69.93198,-49.5372],[69.92815,-49.52813],[69.91878,-49.52265],[69.9157,-49.51763],[69.90027,-49.51675],[69.89797,-49.51211],[69.8815,-49.51351],[69.84234,-49.50788],[69.8386,-49.50212],[69.84058,-49.49977],[69.83674,-49.49678],[69.81998,-49.49578]]],[[[69.94886,-49.51061],[69.94568,-49.51089],[69.94933,-49.51234],[69.94886,-49.51061]]],[[[69.97799,-49.50089],[69.97272,-49.50514],[69.99286,-49.51468],[69.99794,-49.51392],[69.99827,-49.51084],[70.00416,-49.50794],[69.99759,-49.50252],[69.9985,-49.49828],[69.99565,-49.49654],[69.99011,-49.49643],[69.97799,-49.50089]]],[[[69.956,-49.49104],[69.9507,-49.49336],[69.95115,-49.49738],[69.95568,-49.50285],[69.96193,-49.50395],[69.96474,-49.50104],[69.95802,-49.4998],[69.956,-49.49104]]],[[[69.91004,-49.48475],[69.90744,-49.48915],[69.92066,-49.49512],[69.92999,-49.50266],[69.94243,-49.50604],[69.93397,-49.49689],[69.93604,-49.49605],[69.9252,-49.49198],[69.92347,-49.48689],[69.91864,-49.48397],[69.91004,-49.48475]]],[[[69.86878,-49.49439],[69.86371,-49.49347],[69.86869,-49.49612],[69.86878,-49.49439]]],[[[69.97923,-49.4805],[69.96624,-49.48122],[69.95917,-49.48404],[69.96777,-49.49351],[69.97411,-49.49478],[69.98325,-49.49098],[69.98182,-49.48938],[69.98708,-49.48462],[69.97923,-49.4805]]],[[[69.80952,-49.4703],[69.80619,-49.47026],[69.80266,-49.47564],[69.80917,-49.48541],[69.81404,-49.48775],[69.81844,-49.48458],[69.81899,-49.47841],[69.80952,-49.4703]]],[[[69.85167,-49.47796],[69.84606,-49.47584],[69.84512,-49.47811],[69.84876,-49.48051],[69.85167,-49.47796]]],[[[69.90875,-49.46665],[69.91196,-49.47455],[69.91685,-49.47246],[69.92346,-49.47541],[69.92644,-49.47369],[69.93388,-49.47953],[69.93649,-49.47364],[69.94148,-49.47474],[69.94912,-49.47202],[69.94619,-49.46404],[69.94201,-49.46531],[69.9299,-49.46331],[69.92995,-49.46683],[69.92529,-49.46744],[69.9173,-49.46503],[69.90875,-49.46665]]],[[[69.83026,-49.46657],[69.82704,-49.467],[69.83229,-49.47023],[69.83026,-49.46657]]],[[[69.90472,-49.46202],[69.9021,-49.46181],[69.90491,-49.46348],[69.90472,-49.46202]]],[[[70.01148,-49.46199],[70.01063,-49.45364],[70.00537,-49.45459],[69.99909,-49.46035],[69.98442,-49.45292],[69.97777,-49.45638],[69.97912,-49.46393],[69.99223,-49.46939],[70.00285,-49.46819],[70.01094,-49.4699],[70.00779,-49.46439],[70.01148,-49.46199]]],[[[69.88855,-49.45774],[69.8962,-49.46254],[69.89514,-49.45486],[69.88333,-49.45229],[69.88199,-49.45434],[69.88855,-49.45774]]],[[[69.80466,-49.42692],[69.80218,-49.42824],[69.8059,-49.43353],[69.80357,-49.43517],[69.80794,-49.43508],[69.81816,-49.44207],[69.82077,-49.45439],[69.83518,-49.46854],[69.8459,-49.46713],[69.86135,-49.47164],[69.87058,-49.47784],[69.87474,-49.47735],[69.87255,-49.48332],[69.8874,-49.48755],[69.89175,-49.49241],[69.90258,-49.48856],[69.89369,-49.48241],[69.89391,-49.47962],[69.90133,-49.4755],[69.89126,-49.46631],[69.87201,-49.45852],[69.85077,-49.46117],[69.84232,-49.45603],[69.84216,-49.45272],[69.84661,-49.453],[69.83988,-49.44548],[69.84114,-49.4428],[69.85016,-49.45187],[69.86142,-49.45358],[69.86712,-49.45047],[69.85537,-49.44566],[69.85872,-49.4389],[69.84576,-49.43421],[69.84689,-49.4298],[69.83493,-49.42502],[69.84159,-49.4242],[69.84086,-49.42247],[69.82984,-49.41983],[69.83112,-49.41714],[69.82668,-49.41603],[69.81701,-49.41979],[69.82765,-49.42746],[69.80466,-49.42692]]],[[[69.98844,-49.4445],[69.98632,-49.44826],[69.99308,-49.45159],[69.9964,-49.44542],[69.98844,-49.4445]]],[[[69.97557,-49.44048],[69.97071,-49.44253],[69.97201,-49.4444],[69.98012,-49.44583],[69.98111,-49.44069],[69.97557,-49.44048]]],[[[69.93674,-49.42926],[69.93335,-49.43251],[69.93467,-49.43505],[69.95169,-49.44165],[69.95631,-49.44089],[69.95635,-49.42888],[69.93674,-49.42926]]],[[[69.97969,-49.42621],[69.98923,-49.4255],[69.98637,-49.42322],[69.98829,-49.42087],[69.98148,-49.41684],[69.98378,-49.41241],[69.97835,-49.41056],[69.96641,-49.41242],[69.96761,-49.41611],[69.97837,-49.41899],[69.98261,-49.42468],[69.97969,-49.42621]]],[[[69.92059,-49.41815],[69.93164,-49.42283],[69.93878,-49.4213],[69.9473,-49.4226],[69.94764,-49.41719],[69.95238,-49.41585],[69.95145,-49.41176],[69.95741,-49.41178],[69.9585,-49.40851],[69.94327,-49.39756],[69.93715,-49.40253],[69.92705,-49.40277],[69.92346,-49.40492],[69.92933,-49.4067],[69.93383,-49.405],[69.93865,-49.40781],[69.93704,-49.4092],[69.93363,-49.40696],[69.92793,-49.40866],[69.92604,-49.41184],[69.91985,-49.41276],[69.92059,-49.41815]]],[[[69.82089,-49.40884],[69.82419,-49.41129],[69.8245,-49.40935],[69.82089,-49.40884]]],[[[69.95848,-49.39958],[69.96111,-49.40182],[69.96216,-49.40006],[69.95848,-49.39958]]],[[[69.81009,-49.39798],[69.81149,-49.39982],[69.81406,-49.39885],[69.81009,-49.39798]]],[[[69.9825,-49.39196],[69.98477,-49.39601],[69.99222,-49.39656],[69.99711,-49.389],[69.98682,-49.3893],[69.9825,-49.39196]]],[[[69.96721,-49.38456],[69.96432,-49.38517],[69.96859,-49.38674],[69.97125,-49.38435],[69.96721,-49.38456]]],[[[69.8755,-49.36744],[69.87048,-49.36938],[69.88963,-49.37792],[69.89117,-49.37613],[69.88822,-49.37445],[69.89569,-49.37545],[69.92367,-49.39193],[69.93039,-49.39272],[69.93052,-49.38736],[69.93612,-49.38808],[69.94009,-49.38349],[69.942,-49.38507],[69.93864,-49.38634],[69.94108,-49.38754],[69.94762,-49.38648],[69.95258,-49.38205],[69.949,-49.37825],[69.94104,-49.37845],[69.93595,-49.3724],[69.92109,-49.36727],[69.8834,-49.36666],[69.88084,-49.36438],[69.8755,-49.36744]]],[[[69.97995,-49.13172],[69.98339,-49.12789],[69.97609,-49.1281],[69.97995,-49.13172]]],[[[70.33252,-49.56311],[70.33273,-49.56514],[70.33616,-49.56494],[70.33252,-49.56311]]],[[[70.26183,-49.53109],[70.26759,-49.5302],[70.27203,-49.5238],[70.26143,-49.5196],[70.26184,-49.51433],[70.25546,-49.51913],[70.26183,-49.53109]]],[[[70.18982,-49.51282],[70.18511,-49.51327],[70.18958,-49.51607],[70.19243,-49.5133],[70.18982,-49.51282]]],[[[70.18116,-49.50969],[70.17848,-49.50851],[70.1794,-49.51083],[70.18116,-49.50969]]],[[[70.03554,-49.5019],[70.03155,-49.50625],[70.03863,-49.51006],[70.05664,-49.51061],[70.05816,-49.50637],[70.03554,-49.5019]]],[[[70.23298,-49.4996],[70.22663,-49.49809],[70.23059,-49.50599],[70.23751,-49.50915],[70.24633,-49.50908],[70.24576,-49.50571],[70.23298,-49.4996]]],[[[70.19653,-49.49899],[70.19383,-49.49833],[70.19472,-49.50088],[70.19653,-49.49899]]],[[[70.14743,-49.49702],[70.1443,-49.49801],[70.15168,-49.5028],[70.15451,-49.4998],[70.16034,-49.49945],[70.15914,-49.49371],[70.15594,-49.49258],[70.14743,-49.49702]]],[[[70.1988,-49.49554],[70.1957,-49.49647],[70.20116,-49.4964],[70.1988,-49.49554]]],[[[70.01544,-49.49109],[70.01055,-49.49185],[70.01547,-49.49615],[70.02011,-49.4928],[70.01544,-49.49109]]],[[[70.05965,-49.49245],[70.08801,-49.49905],[70.10175,-49.49701],[70.10132,-49.49421],[70.11058,-49.48979],[70.09093,-49.49251],[70.08514,-49.4892],[70.07764,-49.48897],[70.07665,-49.48492],[70.06854,-49.4831],[70.05683,-49.48802],[70.05643,-49.49102],[70.05965,-49.49245]]],[[[70.04155,-49.48028],[70.04965,-49.48435],[70.05451,-49.48354],[70.05476,-49.47671],[70.06307,-49.47285],[70.05696,-49.47166],[70.04727,-49.47426],[70.03418,-49.47187],[70.03035,-49.47354],[70.04155,-49.48028]]],[[[70.10091,-49.46409],[70.09361,-49.46409],[70.07709,-49.47302],[70.07374,-49.47692],[70.07526,-49.47943],[70.09028,-49.47878],[70.0997,-49.47291],[70.10953,-49.47197],[70.10091,-49.46409]]],[[[70.06814,-49.46243],[70.07272,-49.46427],[70.07929,-49.46281],[70.0766,-49.45936],[70.06814,-49.46243]]],[[[70.04692,-49.45858],[70.04563,-49.46243],[70.05033,-49.46263],[70.04692,-49.45858]]],[[[70.02786,-49.44733],[70.02387,-49.44537],[70.02113,-49.44688],[70.02664,-49.45031],[70.03364,-49.44986],[70.03413,-49.44738],[70.02786,-49.44733]]],[[[70.00726,-49.43929],[70.001,-49.44377],[70.01396,-49.44469],[70.01522,-49.43809],[70.00726,-49.43929]]],[[[70.09701,-49.44122],[70.10488,-49.44023],[70.09596,-49.43917],[70.09701,-49.44122]]],[[[70.00562,-49.40824],[70.01319,-49.40943],[70.01423,-49.39976],[70.01143,-49.39692],[70.005,-49.40081],[70.00673,-49.40489],[70.00306,-49.40675],[70.00562,-49.40824]]],[[[70.02166,-49.39523],[70.02441,-49.39873],[70.03307,-49.39736],[70.02956,-49.39095],[70.03152,-49.38801],[70.02058,-49.39107],[70.02166,-49.39523]]],[[[70.3782,-49.37022],[70.38413,-49.37321],[70.38101,-49.36838],[70.3782,-49.37022]]],[[[70.18325,-49.14164],[70.18177,-49.13796],[70.17901,-49.142],[70.18297,-49.14375],[70.18325,-49.14164]]],[[[50.41653,-46.42846],[50.42162,-46.42915],[50.42244,-46.42513],[50.42512,-46.42531],[50.42143,-46.42042],[50.41465,-46.41762],[50.41738,-46.41408],[50.41248,-46.41268],[50.40383,-46.41413],[50.40263,-46.4113],[50.39513,-46.40925],[50.39016,-46.40313],[50.38392,-46.40361],[50.39175,-46.40853],[50.39022,-46.41687],[50.38741,-46.41813],[50.39003,-46.41802],[50.3904,-46.42138],[50.41186,-46.42418],[50.41653,-46.42846]]],[[[50.29672,-46.10943],[50.29461,-46.10902],[50.29275,-46.09504],[50.29499,-46.08991],[50.29237,-46.08442],[50.27454,-46.07516],[50.27253,-46.06541],[50.26683,-46.05946],[50.25616,-46.05785],[50.24756,-46.06139],[50.23701,-46.06087],[50.23399,-46.06491],[50.21576,-46.06131],[50.19153,-46.06405],[50.17434,-46.0752],[50.16516,-46.08813],[50.16901,-46.09887],[50.1676,-46.10272],[50.17517,-46.10771],[50.17467,-46.10985],[50.18843,-46.11751],[50.18856,-46.12144],[50.19439,-46.12172],[50.19587,-46.12601],[50.20541,-46.12496],[50.2205,-46.13114],[50.2288,-46.13014],[50.24094,-46.13304],[50.24762,-46.13785],[50.25276,-46.14755],[50.26653,-46.14206],[50.27355,-46.13262],[50.2793,-46.13355],[50.28495,-46.13166],[50.29672,-46.10943]]],[[[50.40985,-45.95631],[50.40783,-45.95884],[50.41445,-45.96451],[50.4174,-45.95931],[50.41561,-45.95608],[50.40985,-45.95631]]],[[[51.65293,-46.38404],[51.64405,-46.38524],[51.64669,-46.38908],[51.64115,-46.39142],[51.65568,-46.39749],[51.65595,-46.4039],[51.65135,-46.40675],[51.66034,-46.41465],[51.66741,-46.41679],[51.67274,-46.42887],[51.68234,-46.43573],[51.68151,-46.43788],[51.69037,-46.44136],[51.69662,-46.4388],[51.70081,-46.43961],[51.70317,-46.44338],[51.70048,-46.45057],[51.7117,-46.45052],[51.71537,-46.45382],[51.72167,-46.45314],[51.72678,-46.46093],[51.72575,-46.46924],[51.7527,-46.45906],[51.76728,-46.46382],[51.77248,-46.46149],[51.77815,-46.4642],[51.79335,-46.46386],[51.80028,-46.46625],[51.80042,-46.46898],[51.80709,-46.47356],[51.81496,-46.46541],[51.81907,-46.4669],[51.82106,-46.4649],[51.8326,-46.46354],[51.83163,-46.46087],[51.83725,-46.46076],[51.83893,-46.45522],[51.84179,-46.45533],[51.8473,-46.45012],[51.85578,-46.45057],[51.85155,-46.44369],[51.85908,-46.4423],[51.86298,-46.43751],[51.86845,-46.43845],[51.87166,-46.43438],[51.86735,-46.42893],[51.86116,-46.42691],[51.86638,-46.42619],[51.87454,-46.41761],[51.87421,-46.41366],[51.86669,-46.41384],[51.86854,-46.41101],[51.86598,-46.40957],[51.86013,-46.41077],[51.86397,-46.40838],[51.85559,-46.40701],[51.85535,-46.40256],[51.84566,-46.39385],[51.83921,-46.39458],[51.83028,-46.39985],[51.82149,-46.39581],[51.8185,-46.38977],[51.81583,-46.39114],[51.81217,-46.389],[51.80342,-46.38912],[51.80079,-46.38611],[51.80619,-46.37512],[51.79902,-46.37625],[51.78763,-46.37272],[51.78387,-46.36916],[51.78945,-46.35816],[51.78774,-46.35147],[51.7819,-46.35208],[51.77374,-46.35801],[51.76664,-46.3553],[51.76967,-46.35251],[51.76683,-46.34729],[51.75548,-46.34685],[51.75118,-46.34355],[51.73971,-46.34457],[51.7329,-46.34166],[51.73059,-46.35332],[51.7224,-46.35293],[51.71662,-46.36014],[51.70987,-46.35666],[51.70332,-46.35628],[51.70242,-46.35915],[51.69614,-46.36101],[51.6961,-46.36347],[51.66911,-46.37356],[51.66768,-46.37793],[51.65293,-46.38404]]],[[[51.64712,-46.3707],[51.64232,-46.37284],[51.64518,-46.37512],[51.64712,-46.3707]]],[[[50.4343,-45.94749],[50.42004,-45.95452],[50.4268,-45.96129],[50.43014,-45.96146],[50.43526,-45.95547],[50.44039,-45.95564],[50.44404,-45.95202],[50.45415,-45.9513],[50.45087,-45.94733],[50.44558,-45.94995],[50.4384,-45.94627],[50.4343,-45.94749]]],[[[50.43177,-45.9394],[50.43523,-45.94052],[50.4342,-45.93726],[50.43177,-45.9394]]],[[[52.10155,-46.40536],[52.09328,-46.4096],[52.09146,-46.42253],[52.10319,-46.43443],[52.11443,-46.4415],[52.11714,-46.44557],[52.11568,-46.45029],[52.12262,-46.4468],[52.12353,-46.44893],[52.13058,-46.44702],[52.13575,-46.45028],[52.14164,-46.44953],[52.13822,-46.45231],[52.15556,-46.45582],[52.16209,-46.46168],[52.17608,-46.46596],[52.1752,-46.47006],[52.17968,-46.46955],[52.19788,-46.47663],[52.20907,-46.47495],[52.21567,-46.46702],[52.22533,-46.46463],[52.25916,-46.47534],[52.27071,-46.47251],[52.28994,-46.46317],[52.30449,-46.46199],[52.30804,-46.45958],[52.30815,-46.4551],[52.32471,-46.44292],[52.31633,-46.43404],[52.3163,-46.42714],[52.31915,-46.4251],[52.31764,-46.4198],[52.30744,-46.4126],[52.29625,-46.41052],[52.27356,-46.39443],[52.26368,-46.39026],[52.24945,-46.38867],[52.22805,-46.3932],[52.2185,-46.3905],[52.21518,-46.38236],[52.18717,-46.38219],[52.16462,-46.39482],[52.15788,-46.39622],[52.15102,-46.39278],[52.14485,-46.39585],[52.12204,-46.39981],[52.10986,-46.40609],[52.10155,-46.40536]]],[[[136,-81.35747],[136,-82.12322],[136,-82.8215],[136,-83.45819],[136,-84.03862],[136,-84.56773],[136,-85.05],[142,-85.05],[142,-84.57565],[142,-84.05599],[142,-83.48675],[142,-82.86325],[142,-82.1804],[142,-81.43266],[142,-80.614],[142,-79.71789],[142,-78.73723],[142,-77.66436],[142,-76.49103],[142,-75.20837],[142,-73.8069],[142,-72.27653],[142,-70.60661],[142,-68.78596],[142,-66.80299],[141.98641,-66.80087],[141.96113,-66.80141],[141.95314,-66.79698],[141.92665,-66.79468],[141.90946,-66.78928],[141.88447,-66.7873],[141.8624,-66.7815],[141.81851,-66.78043],[141.78554,-66.78426],[141.75793,-66.78435],[141.74825,-66.78714],[141.70565,-66.78538],[141.69088,-66.78279],[141.68803,-66.77998],[141.66696,-66.78286],[141.63847,-66.78124],[141.63586,-66.77918],[141.63104,-66.78148],[141.62266,-66.77992],[141.59238,-66.78272],[141.5708,-66.77816],[141.56311,-66.77121],[141.55137,-66.77988],[141.54136,-66.77971],[141.53732,-66.78358],[141.51712,-66.78707],[141.48999,-66.80097],[141.47225,-66.79921],[141.46973,-66.7966],[141.45987,-66.79667],[141.46215,-66.79906],[141.44918,-66.80628],[141.45187,-66.80989],[141.4382,-66.81473],[141.42781,-66.81168],[141.43133,-66.81813],[141.42466,-66.8208],[141.40307,-66.82361],[141.3994,-66.8183],[141.38377,-66.81845],[141.39176,-66.8239],[141.38704,-66.82515],[141.39057,-66.83414],[141.38113,-66.83966],[141.35955,-66.84411],[141.31136,-66.82421],[141.3051,-66.82345],[141.29569,-66.82868],[141.28462,-66.82997],[141.25669,-66.80649],[141.23795,-66.79997],[141.21005,-66.79612],[141.18892,-66.78384],[141.16968,-66.77685],[141.15137,-66.77926],[141.13291,-66.77662],[141.08954,-66.77634],[141.08055,-66.77818],[141.07788,-66.78204],[141.05131,-66.78522],[141.03577,-66.78277],[141.01938,-66.77664],[140.99113,-66.76112],[140.97414,-66.76063],[140.95819,-66.75324],[140.94514,-66.75829],[140.94232,-66.75474],[140.93042,-66.75567],[140.92551,-66.75164],[140.9309,-66.74998],[140.92716,-66.74617],[140.91455,-66.74237],[140.91533,-66.74925],[140.91132,-66.74953],[140.90541,-66.74283],[140.89074,-66.74199],[140.89681,-66.74986],[140.8883,-66.75119],[140.88864,-66.75277],[140.89507,-66.75161],[140.88862,-66.75716],[140.87803,-66.75558],[140.87408,-66.74665],[140.84457,-66.74587],[140.83486,-66.74366],[140.82805,-66.74942],[140.8152,-66.74968],[140.81136,-66.75256],[140.77243,-66.75512],[140.73727,-66.75344],[140.69972,-66.75454],[140.67287,-66.74735],[140.61898,-66.75013],[140.60858,-66.74845],[140.57204,-66.73274],[140.52916,-66.72699],[140.52821,-66.72045],[140.52225,-66.71864],[140.5188,-66.7203],[140.52239,-66.72368],[140.50401,-66.72389],[140.47659,-66.72787],[140.45122,-66.72761],[140.41405,-66.7363],[140.39126,-66.73592],[140.36327,-66.73923],[140.34351,-66.73931],[140.32902,-66.73284],[140.26973,-66.72625],[140.22885,-66.73167],[140.19424,-66.72558],[140.18012,-66.72812],[140.14654,-66.72539],[140.12983,-66.72575],[140.12565,-66.72783],[140.10127,-66.71878],[140.10764,-66.71405],[140.12142,-66.71323],[140.11883,-66.71089],[140.12365,-66.70861],[140.14017,-66.70542],[140.13782,-66.69868],[140.11349,-66.69451],[140.09496,-66.68509],[140.06665,-66.68317],[140.0688,-66.66896],[140.05967,-66.66294],[140.04115,-66.66067],[140.02879,-66.66403],[140.02267,-66.67155],[140.00414,-66.67349],[140.01119,-66.67516],[140.00932,-66.67786],[139.92576,-66.71164],[139.92598,-66.69854],[139.9135,-66.69474],[139.91078,-66.69199],[139.9147,-66.69079],[139.91015,-66.69072],[139.91191,-66.68878],[139.90456,-66.68559],[139.87893,-66.68553],[139.86923,-66.68263],[139.86861,-66.67888],[139.84791,-66.67964],[139.83655,-66.67413],[139.83007,-66.67783],[139.7972,-66.67564],[139.77358,-66.66711],[139.76288,-66.65986],[139.73917,-66.65387],[139.72704,-66.64271],[139.69712,-66.63532],[139.68703,-66.62873],[139.65488,-66.62521],[139.64401,-66.62552],[139.63295,-66.62941],[139.61817,-66.62628],[139.58717,-66.62629],[139.58206,-66.61935],[139.58755,-66.6182],[139.58768,-66.61073],[139.59726,-66.60767],[139.59131,-66.60445],[139.5991,-66.59657],[139.58645,-66.59049],[139.57983,-66.59005],[139.5581,-66.59561],[139.54355,-66.59428],[139.54253,-66.59123],[139.53767,-66.59139],[139.51107,-66.5992],[139.50311,-66.60432],[139.49287,-66.60415],[139.43657,-66.58867],[139.37937,-66.58955],[139.3497,-66.5811],[139.33628,-66.58185],[139.31094,-66.57789],[139.25197,-66.57565],[139.2361,-66.56981],[139.21876,-66.57266],[139.19599,-66.5714],[139.17243,-66.57595],[139.16592,-66.57404],[139.16656,-66.57098],[139.14965,-66.56831],[139.14582,-66.57065],[139.13348,-66.57042],[139.10742,-66.56375],[139.08492,-66.56459],[139.05975,-66.57903],[139.00458,-66.58041],[138.9422,-66.5587],[138.89983,-66.56734],[138.83591,-66.57138],[138.82597,-66.57105],[138.82078,-66.56365],[138.80233,-66.56262],[138.78687,-66.56786],[138.77015,-66.56913],[138.75483,-66.57359],[138.70726,-66.57255],[138.64724,-66.56647],[138.63222,-66.55907],[138.60538,-66.55556],[138.60588,-66.54045],[138.59722,-66.53692],[138.51524,-66.53477],[138.5046,-66.52366],[138.49051,-66.52246],[138.46643,-66.53281],[138.44819,-66.53389],[138.40589,-66.53065],[138.39382,-66.53827],[138.37628,-66.54188],[138.32539,-66.54243],[138.33673,-66.53335],[138.35269,-66.5286],[138.3425,-66.5256],[138.32928,-66.5157],[138.30976,-66.51275],[138.31536,-66.50096],[138.29906,-66.49486],[138.30165,-66.48751],[138.29709,-66.48405],[138.27871,-66.48027],[138.27315,-66.48104],[138.26778,-66.49169],[138.25909,-66.49901],[138.25008,-66.50132],[138.22822,-66.49874],[138.20028,-66.48754],[138.18386,-66.48904],[138.17555,-66.49344],[138.16423,-66.49369],[138.15476,-66.50284],[138.1339,-66.50199],[138.12108,-66.49711],[138.10377,-66.49586],[138.06767,-66.48613],[138.03804,-66.49068],[138.00546,-66.48588],[137.98508,-66.47642],[137.97751,-66.4621],[137.9561,-66.4661],[137.93688,-66.46642],[137.91782,-66.4607],[137.89788,-66.44615],[137.89535,-66.44044],[137.86771,-66.43775],[137.83995,-66.42587],[137.84103,-66.42195],[137.85079,-66.4224],[137.84737,-66.41438],[137.82616,-66.40946],[137.81788,-66.4046],[137.79343,-66.40282],[137.77557,-66.3954],[137.75401,-66.39064],[137.75106,-66.38956],[137.76072,-66.38938],[137.76045,-66.38712],[137.74932,-66.38183],[137.72885,-66.37931],[137.72724,-66.38614],[137.70256,-66.37528],[137.70049,-66.37823],[137.71252,-66.38447],[137.69447,-66.37973],[137.65674,-66.37757],[137.62179,-66.37128],[137.57922,-66.37412],[137.56273,-66.36989],[137.53789,-66.37086],[137.50395,-66.36809],[137.46413,-66.35772],[137.44292,-66.34624],[137.41632,-66.35128],[137.33887,-66.35227],[137.27,-66.34148],[137.24328,-66.34386],[137.20366,-66.34287],[137.18567,-66.34006],[137.16326,-66.34006],[137.12438,-66.3349],[137.11319,-66.3313],[137.08809,-66.33627],[137.06965,-66.3372],[137.04955,-66.33309],[137.00578,-66.33429],[136.98743,-66.33052],[136.92892,-66.32613],[136.90408,-66.32882],[136.86101,-66.33953],[136.82713,-66.33793],[136.81044,-66.33962],[136.791,-66.33541],[136.70945,-66.35095],[136.68817,-66.35857],[136.66807,-66.37096],[136.67067,-66.38528],[136.66673,-66.38617],[136.66696,-66.39325],[136.65618,-66.39752],[136.65579,-66.40234],[136.61879,-66.40316],[136.57673,-66.40767],[136.55496,-66.41725],[136.53652,-66.41243],[136.53315,-66.40746],[136.51528,-66.40792],[136.50186,-66.40418],[136.48138,-66.39239],[136.47186,-66.39078],[136.46419,-66.39236],[136.44559,-66.38423],[136.43354,-66.38349],[136.4269,-66.38667],[136.40352,-66.37687],[136.38459,-66.37487],[136.38233,-66.37659],[136.37104,-66.37235],[136.33369,-66.36696],[136.32466,-66.34941],[136.30861,-66.33727],[136.30089,-66.32442],[136.26865,-66.31136],[136.26389,-66.29986],[136.24946,-66.29798],[136.21726,-66.2848],[136.18762,-66.25869],[136.1714,-66.25126],[136.16346,-66.23406],[136.14446,-66.22568],[136.13048,-66.22461],[136.09025,-66.23464],[136.07771,-66.23494],[136.04576,-66.2417],[136,-66.23574],[136,-68.29576],[136,-70.18513],[136,-71.9161],[136,-73.50049],[136,-74.9496],[136,-76.27414],[136,-77.48416],[136,-78.58906],[136,-79.5976],[136,-80.51791],[136,-81.35747]]],[[[139.94145,-66.66907],[139.94392,-66.67548],[139.95182,-66.67203],[139.94664,-66.66868],[139.94145,-66.66907]]],[[[140.00845,-66.668],[140.0107,-66.66995],[140.01503,-66.66877],[140.00845,-66.668]]],[[[139.99735,-66.66187],[139.99941,-66.66813],[140.00502,-66.66752],[140.00879,-66.66137],[139.99735,-66.66187]]],[[[140.02108,-66.66256],[140.02502,-66.66172],[140.01957,-66.66131],[140.02108,-66.66256]]],[[[141.39713,-66.81363],[141.40196,-66.81407],[141.39518,-66.81094],[141.39238,-66.81392],[141.39713,-66.81363]]],[[[141.38713,-66.80073],[141.39548,-66.80231],[141.39483,-66.80034],[141.38713,-66.80073]]],[[[141.48169,-66.78505],[141.47836,-66.78674],[141.48976,-66.78497],[141.48169,-66.78505]]],[[[141.5804,-66.76901],[141.57937,-66.77247],[141.58408,-66.7731],[141.58829,-66.76948],[141.5804,-66.76901]]],[[[141.57011,-66.76574],[141.56032,-66.76291],[141.56062,-66.7679],[141.5745,-66.77147],[141.57011,-66.76574]]],[[[141.54846,-66.76053],[141.54478,-66.76164],[141.55307,-66.76365],[141.54846,-66.76053]]],[[[40.36086,-22.37085],[40.35923,-22.37119],[40.36062,-22.37317],[40.36312,-22.37254],[40.36086,-22.37085]]],[[[40.3546,-22.3394],[40.34193,-22.34179],[40.33166,-22.34718],[40.33251,-22.35863],[40.32913,-22.37071],[40.3324,-22.37654],[40.35,-22.39298],[40.35814,-22.39722],[40.36836,-22.39839],[40.3769,-22.39486],[40.39194,-22.38046],[40.3991,-22.36994],[40.39856,-22.36662],[40.39057,-22.34281],[40.3873,-22.33706],[40.38442,-22.33603],[40.38232,-22.34183],[40.38378,-22.33795],[40.38703,-22.33915],[40.38548,-22.34109],[40.38951,-22.34319],[40.39431,-22.35975],[40.39387,-22.36304],[40.39048,-22.3626],[40.39278,-22.367],[40.38896,-22.36767],[40.39127,-22.37062],[40.38995,-22.37586],[40.38264,-22.37966],[40.38113,-22.3839],[40.37179,-22.38198],[40.36901,-22.38433],[40.36345,-22.38429],[40.35607,-22.38236],[40.35319,-22.37815],[40.35688,-22.37818],[40.35349,-22.37293],[40.35965,-22.36852],[40.36251,-22.36913],[40.36377,-22.36565],[40.3741,-22.35945],[40.37611,-22.35383],[40.37457,-22.34901],[40.37229,-22.34941],[40.37065,-22.35341],[40.36802,-22.35314],[40.3677,-22.35021],[40.37531,-22.3472],[40.37232,-22.34187],[40.36679,-22.33964],[40.3546,-22.3394]]],[[[39.72182,-21.47559],[39.72802,-21.47908],[39.72972,-21.47785],[39.72052,-21.47407],[39.72182,-21.47559]]],[[[39.64656,-21.4573],[39.64141,-21.46501],[39.64686,-21.46069],[39.64656,-21.4573]]],[[[42.73159,-17.06173],[42.73283,-17.05942],[42.75006,-17.05967],[42.746,-17.05488],[42.7323,-17.05019],[42.69888,-17.0461],[42.7102,-17.05246],[42.71215,-17.05895],[42.72129,-17.0635],[42.73159,-17.06173]]],[[[54.52455,-15.89712],[54.5273,-15.8967],[54.52768,-15.89119],[54.51764,-15.88527],[54.5182,-15.88945],[54.52455,-15.89712]]],[[[47.29039,-11.58603],[47.29791,-11.59004],[47.30194,-11.58981],[47.31089,-11.57926],[47.30229,-11.5706],[47.29407,-11.5688],[47.28938,-11.57073],[47.28486,-11.57619],[47.28624,-11.58158],[47.29039,-11.58603]]],[[[47.37486,-11.51695],[47.37706,-11.51899],[47.37981,-11.51528],[47.37633,-11.51496],[47.37486,-11.51695]]]]},"properties":{"code":"984","nom":"Terres australes et antarctiques françaises"}},
{"type":"Feature","geometry":{"type":"MultiPolygon","coordinates":[[[[-178.05012,-14.35329],[-178.04753,-14.36054],[-178.04244,-14.36218],[-178.02034,-14.34525],[-178.00106,-14.33567],[-178.00596,-14.33244],[-178.02387,-14.33191],[-178.03045,-14.32359],[-178.04225,-14.32223],[-178.05583,-14.32557],[-178.06744,-14.33281],[-178.07321,-14.34677],[-178.06769,-14.35079],[-178.05894,-14.3495],[-178.05012,-14.35329]]],[[[-178.15522,-14.24619],[-178.16388,-14.248],[-178.1711,-14.24257],[-178.17738,-14.24103],[-178.18163,-14.25448],[-178.1716,-14.27583],[-178.16891,-14.28918],[-178.15931,-14.29281],[-178.15901,-14.29898],[-178.15496,-14.3036],[-178.14169,-14.30811],[-178.13851,-14.3111],[-178.13162,-14.3115],[-178.12819,-14.30913],[-178.11067,-14.31157],[-178.09701,-14.30859],[-178.08475,-14.31226],[-178.06613,-14.31265],[-178.05407,-14.30801],[-178.05532,-14.30616],[-178.06503,-14.30577],[-178.07312,-14.29958],[-178.08919,-14.29671],[-178.11617,-14.27527],[-178.12463,-14.26658],[-178.1246,-14.26362],[-178.12804,-14.26351],[-178.1318,-14.25921],[-178.15328,-14.2537],[-178.15522,-14.24619]]],[[[-176.1713,-13.28304],[-176.16231,-13.26528],[-176.16636,-13.25538],[-176.17624,-13.24964],[-176.18784,-13.22468],[-176.19857,-13.21885],[-176.20385,-13.21995],[-176.21291,-13.22332],[-176.21356,-13.22706],[-176.22104,-13.23493],[-176.22681,-13.26053],[-176.22412,-13.26393],[-176.22468,-13.27795],[-176.23096,-13.28385],[-176.25037,-13.28947],[-176.24808,-13.3002],[-176.25019,-13.30624],[-176.24655,-13.31385],[-176.239,-13.31559],[-176.23524,-13.31421],[-176.23481,-13.31869],[-176.22482,-13.32047],[-176.2251,-13.32719],[-176.22002,-13.32938],[-176.21694,-13.3372],[-176.21889,-13.34393],[-176.22375,-13.34245],[-176.21846,-13.34457],[-176.21887,-13.34802],[-176.21735,-13.34675],[-176.21538,-13.35],[-176.21206,-13.34859],[-176.20499,-13.35215],[-176.19785,-13.34296],[-176.183,-13.34919],[-176.17617,-13.34521],[-176.17528,-13.34167],[-176.1798,-13.33848],[-176.18453,-13.33939],[-176.18765,-13.33587],[-176.18508,-13.33157],[-176.19063,-13.3314],[-176.18651,-13.32345],[-176.18862,-13.31875],[-176.18451,-13.31222],[-176.18753,-13.30743],[-176.18497,-13.30503],[-176.18216,-13.30671],[-176.17977,-13.30529],[-176.18257,-13.29486],[-176.17635,-13.28505],[-176.1713,-13.28304]]]]},"properties":{"code":"986","nom":"Wallis et Futuna"}},
{"type":"Feature","geometry":{"type":"MultiPolygon","coordinates":[[[[-145.56882,-17.38002],[-145.57096,-17.37907],[-145.56774,-17.38233],[-145.56882,-17.38002]]],[[[-145.5572,-17.36998],[-145.55967,-17.37149],[-145.5529,-17.37821],[-145.55493,-17.37101],[-145.5572,-17.36998]]],[[[-145.5961,-17.3363],[-145.60017,-17.33614],[-145.60832,-17.34821],[-145.60684,-17.35841],[-145.58639,-17.39204],[-145.58204,-17.39457],[-145.57546,-17.39464],[-145.57452,-17.38765],[-145.57795,-17.38185],[-145.57986,-17.38311],[-145.57935,-17.38677],[-145.58276,-17.38698],[-145.58069,-17.3838],[-145.58328,-17.38224],[-145.58058,-17.37745],[-145.58164,-17.37452],[-145.58689,-17.3766],[-145.58832,-17.37515],[-145.58562,-17.37082],[-145.59101,-17.37323],[-145.59505,-17.37059],[-145.59421,-17.36431],[-145.59823,-17.35542],[-145.59838,-17.34691],[-145.59353,-17.33992],[-145.5961,-17.3363]]],[[[-145.55962,-17.36785],[-145.55813,-17.36763],[-145.56025,-17.36566],[-145.55962,-17.36785]]],[[[-145.59073,-17.33169],[-145.59549,-17.33327],[-145.59131,-17.33684],[-145.58916,-17.33472],[-145.59073,-17.33169]]],[[[-145.57227,-17.32458],[-145.58799,-17.32584],[-145.58959,-17.3307],[-145.58455,-17.3351],[-145.57998,-17.33464],[-145.5669,-17.34401],[-145.56075,-17.34033],[-145.55431,-17.34136],[-145.55045,-17.33885],[-145.56081,-17.32798],[-145.57227,-17.32458]]],[[[-145.59795,-17.33373],[-145.59615,-17.3311],[-145.60012,-17.33598],[-145.59795,-17.33373]]],[[[-145.45439,-17.49023],[-145.45514,-17.48086],[-145.45766,-17.48915],[-145.45439,-17.49023]]],[[[-145.46604,-17.47441],[-145.47078,-17.47616],[-145.4704,-17.48008],[-145.46655,-17.48744],[-145.46179,-17.4896],[-145.46202,-17.48046],[-145.46604,-17.47441]]],[[[-145.46606,-17.47078],[-145.46747,-17.47257],[-145.46516,-17.47199],[-145.46606,-17.47078]]],[[[-145.47656,-17.45483],[-145.48155,-17.46487],[-145.47398,-17.46869],[-145.47086,-17.46517],[-145.47515,-17.46183],[-145.47656,-17.45483]]],[[[-145.47733,-17.45216],[-145.48395,-17.45315],[-145.48153,-17.46054],[-145.47733,-17.45216]]],[[[-145.48914,-17.44064],[-145.49564,-17.43765],[-145.49974,-17.43181],[-145.50574,-17.4357],[-145.49755,-17.44416],[-145.48916,-17.44817],[-145.48914,-17.44064]]],[[[-145.50704,-17.42517],[-145.50903,-17.42341],[-145.51074,-17.43129],[-145.50679,-17.43359],[-145.50296,-17.42899],[-145.50704,-17.42517]]],[[[-145.51019,-17.42115],[-145.51161,-17.42085],[-145.51229,-17.42137],[-145.51252,-17.42383],[-145.51096,-17.42614],[-145.51019,-17.42115]]],[[[-145.52511,-17.40347],[-145.5328,-17.40659],[-145.52942,-17.41698],[-145.52132,-17.4248],[-145.51257,-17.42858],[-145.51211,-17.42536],[-145.513,-17.42418],[-145.51264,-17.42186],[-145.51203,-17.42081],[-145.51678,-17.41752],[-145.51984,-17.41895],[-145.51997,-17.41522],[-145.52547,-17.40741],[-145.52511,-17.40347]]],[[[-145.4752,-17.39785],[-145.47944,-17.39938],[-145.47144,-17.40264],[-145.45621,-17.41716],[-145.45547,-17.41474],[-145.4752,-17.39785]]],[[[-145.5279,-17.39418],[-145.53595,-17.39868],[-145.53427,-17.40384],[-145.5279,-17.39418]]],[[[-145.47895,-17.39451],[-145.48077,-17.39243],[-145.48278,-17.39377],[-145.47806,-17.39784],[-145.47663,-17.39688],[-145.47895,-17.39451]]],[[[-145.54056,-17.39141],[-145.54287,-17.39048],[-145.54421,-17.39262],[-145.54135,-17.39402],[-145.54056,-17.39141]]],[[[-145.5348,-17.39173],[-145.53203,-17.38965],[-145.53235,-17.38659],[-145.5348,-17.39173]]],[[[-145.53299,-17.38603],[-145.53473,-17.38236],[-145.53983,-17.38869],[-145.53607,-17.38936],[-145.53299,-17.38603]]],[[[-145.53943,-17.37723],[-145.54044,-17.37984],[-145.53698,-17.38138],[-145.53541,-17.37869],[-145.53943,-17.37723]]],[[[-145.53423,-17.37648],[-145.53595,-17.3769],[-145.5343,-17.37824],[-145.53423,-17.37648]]],[[[-145.50581,-17.35976],[-145.51187,-17.36025],[-145.48798,-17.38821],[-145.4829,-17.39276],[-145.48117,-17.39203],[-145.49156,-17.381],[-145.50581,-17.35976]]],[[[-145.55197,-17.37298],[-145.55206,-17.3775],[-145.5491,-17.37966],[-145.54763,-17.37565],[-145.55197,-17.37298]]],[[[-145.52303,-17.33837],[-145.52911,-17.34316],[-145.52838,-17.34593],[-145.52064,-17.34457],[-145.51294,-17.35897],[-145.50596,-17.3586],[-145.51649,-17.33739],[-145.52303,-17.33837]]],[[[-145.54782,-17.33891],[-145.5497,-17.33814],[-145.54951,-17.34271],[-145.54782,-17.33891]]],[[[-145.40832,-17.49445],[-145.40942,-17.49245],[-145.41184,-17.49827],[-145.40949,-17.49993],[-145.40694,-17.49829],[-145.40832,-17.49445]]],[[[-145.42066,-17.49712],[-145.42169,-17.49276],[-145.42266,-17.49763],[-145.42066,-17.49712]]],[[[-145.42786,-17.49693],[-145.42653,-17.49253],[-145.42814,-17.49189],[-145.43054,-17.49709],[-145.42786,-17.49693]]],[[[-145.43035,-17.49497],[-145.43073,-17.49184],[-145.43343,-17.49589],[-145.43178,-17.49699],[-145.43035,-17.49497]]],[[[-145.43067,-17.48867],[-145.4351,-17.49424],[-145.43371,-17.4953],[-145.43067,-17.48867]]],[[[-145.43613,-17.48873],[-145.43846,-17.49237],[-145.43638,-17.49288],[-145.43613,-17.48873]]],[[[-145.44196,-17.48922],[-145.44156,-17.48355],[-145.44335,-17.48298],[-145.44605,-17.49001],[-145.44196,-17.48922]]],[[[-145.39105,-17.4772],[-145.39512,-17.47763],[-145.39511,-17.4823],[-145.39996,-17.48684],[-145.39628,-17.49485],[-145.38793,-17.48841],[-145.39105,-17.4772]]],[[[-145.39608,-17.46964],[-145.39858,-17.47036],[-145.39609,-17.47686],[-145.39157,-17.47602],[-145.39608,-17.46964]]],[[[-145.40469,-17.46077],[-145.40896,-17.46144],[-145.40299,-17.46421],[-145.39909,-17.46999],[-145.39666,-17.46878],[-145.40469,-17.46077]]],[[[-145.42808,-17.42847],[-145.43177,-17.42559],[-145.43409,-17.42822],[-145.43087,-17.42902],[-145.42537,-17.43583],[-145.42067,-17.45065],[-145.40777,-17.46039],[-145.40627,-17.45928],[-145.41657,-17.44804],[-145.42808,-17.42847]]],[[[-145.43337,-17.4242],[-145.4353,-17.42327],[-145.43553,-17.42511],[-145.43337,-17.4242]]],[[[-145.44412,-17.41933],[-145.44768,-17.42158],[-145.44069,-17.42186],[-145.43757,-17.42541],[-145.43595,-17.42355],[-145.44412,-17.41933]]],[[[-145.354,-16.7022],[-145.35727,-16.70283],[-145.35847,-16.71162],[-145.35527,-16.70986],[-145.354,-16.7022]]],[[[-145.35174,-16.69753],[-145.35058,-16.6949],[-145.3524,-16.69467],[-145.35432,-16.69761],[-145.35174,-16.69753]]],[[[-145.34529,-16.69145],[-145.344,-16.68937],[-145.34991,-16.6931],[-145.34529,-16.69145]]],[[[-145.33725,-16.68871],[-145.33864,-16.68711],[-145.34253,-16.68859],[-145.33725,-16.68871]]],[[[-145.3245,-16.68546],[-145.33699,-16.68677],[-145.33622,-16.68838],[-145.32233,-16.68684],[-145.3245,-16.68546]]],[[[-145.30888,-16.68506],[-145.31569,-16.68519],[-145.31642,-16.68704],[-145.30723,-16.6873],[-145.30645,-16.68564],[-145.30888,-16.68506]]],[[[-144.97748,-16.81611],[-144.97913,-16.81579],[-144.97841,-16.81734],[-144.97748,-16.81611]]],[[[-144.95937,-16.79163],[-144.96189,-16.78924],[-144.97295,-16.78672],[-144.97734,-16.78796],[-144.97905,-16.79397],[-144.97717,-16.79601],[-144.97241,-16.79134],[-144.97469,-16.79308],[-144.97648,-16.79167],[-144.97135,-16.78961],[-144.95937,-16.79163]]],[[[-145.1178,-16.75497],[-145.11961,-16.75472],[-145.11873,-16.76297],[-145.11637,-16.75997],[-145.1178,-16.75497]]],[[[-145.14497,-16.72434],[-145.14759,-16.72497],[-145.14589,-16.72707],[-145.13201,-16.73393],[-145.1229,-16.7425],[-145.11995,-16.75284],[-145.1171,-16.75291],[-145.1196,-16.7439],[-145.12452,-16.73717],[-145.13231,-16.73059],[-145.14497,-16.72434]]],[[[-145.14732,-16.72357],[-145.15095,-16.72137],[-145.1505,-16.72444],[-145.14732,-16.72357]]],[[[-145.15497,-16.72183],[-145.15616,-16.71905],[-145.15719,-16.72073],[-145.15497,-16.72183]]],[[[-145.15776,-16.71837],[-145.16292,-16.71788],[-145.15965,-16.7201],[-145.15776,-16.71837]]],[[[-145.16387,-16.71581],[-145.16847,-16.71458],[-145.16787,-16.71703],[-145.16449,-16.71806],[-145.16387,-16.71581]]],[[[-145.1913,-16.71346],[-145.19368,-16.71554],[-145.18895,-16.71541],[-145.1913,-16.71346]]],[[[-145.18511,-16.7134],[-145.18701,-16.7139],[-145.18478,-16.71572],[-145.18511,-16.7134]]],[[[-145.19512,-16.71322],[-145.19578,-16.71576],[-145.19377,-16.71435],[-145.19512,-16.71322]]],[[[-145.17279,-16.71283],[-145.17286,-16.71478],[-145.17027,-16.71486],[-145.17279,-16.71283]]],[[[-145.17718,-16.71201],[-145.1801,-16.71393],[-145.17503,-16.71431],[-145.17464,-16.71264],[-145.17718,-16.71201]]],[[[-145.20505,-16.71203],[-145.20679,-16.71418],[-145.20183,-16.71402],[-145.20505,-16.71203]]],[[[-145.22849,-16.69988],[-145.2303,-16.70171],[-145.216,-16.71104],[-145.21633,-16.708],[-145.22849,-16.69988]]],[[[-145.23497,-16.69678],[-145.23975,-16.69522],[-145.24168,-16.69714],[-145.23242,-16.70023],[-145.23497,-16.69678]]],[[[-145.24559,-16.69522],[-145.24805,-16.69341],[-145.24946,-16.69511],[-145.24559,-16.69522]]],[[[-145.25195,-16.69365],[-145.25423,-16.69214],[-145.25368,-16.69435],[-145.25195,-16.69365]]],[[[-145.25633,-16.69423],[-145.25456,-16.6926],[-145.25594,-16.69184],[-145.25633,-16.69423]]],[[[-145.26597,-16.69063],[-145.26804,-16.69257],[-145.25912,-16.6925],[-145.26597,-16.69063]]],[[[-145.2745,-16.68919],[-145.27778,-16.68974],[-145.27206,-16.69138],[-145.2745,-16.68919]]],[[[-144.6792,-16.98674],[-144.67787,-16.98823],[-144.67682,-16.98551],[-144.67869,-16.98282],[-144.6792,-16.98674]]],[[[-144.81084,-16.91436],[-144.80924,-16.91417],[-144.81215,-16.91239],[-144.81084,-16.91436]]],[[[-144.91119,-16.88398],[-144.90938,-16.88345],[-144.91197,-16.88146],[-144.91119,-16.88398]]],[[[-144.78694,-16.87084],[-144.78704,-16.86941],[-144.78863,-16.87095],[-144.78694,-16.87084]]],[[[-144.666,-16.85749],[-144.66914,-16.85871],[-144.65923,-16.86113],[-144.666,-16.85749]]],[[[-144.69519,-16.84026],[-144.6961,-16.83905],[-144.69667,-16.84096],[-144.69324,-16.84604],[-144.69519,-16.84026]]],[[[-144.7323,-16.80667],[-144.73381,-16.80607],[-144.7321,-16.80859],[-144.7323,-16.80667]]],[[[-144.73996,-16.79901],[-144.74232,-16.79869],[-144.73842,-16.80279],[-144.73996,-16.79901]]],[[[-144.88059,-16.7932],[-144.87933,-16.79086],[-144.88134,-16.79154],[-144.88059,-16.7932]]],[[[-144.95341,-16.79025],[-144.95789,-16.79034],[-144.95858,-16.79242],[-144.95317,-16.79267],[-144.95341,-16.79025]]],[[[-144.93377,-16.78901],[-144.93823,-16.78946],[-144.91559,-16.794],[-144.91819,-16.79157],[-144.93377,-16.78901]]],[[[-144.94638,-16.79174],[-144.94654,-16.79013],[-144.95058,-16.79066],[-144.94638,-16.79174]]],[[[-144.88677,-16.79021],[-144.89089,-16.78966],[-144.8917,-16.7913],[-144.88285,-16.7922],[-144.88677,-16.79021]]],[[[-144.74791,-16.78905],[-144.75008,-16.78959],[-144.7467,-16.79363],[-144.74791,-16.78905]]],[[[-144.75631,-16.783],[-144.7539,-16.78416],[-144.75606,-16.78089],[-144.76183,-16.77924],[-144.75631,-16.783]]],[[[-144.76766,-16.77791],[-144.77017,-16.77568],[-144.7706,-16.77741],[-144.76766,-16.77791]]],[[[-144.80541,-16.77686],[-144.8038,-16.7753],[-144.80892,-16.77577],[-144.80541,-16.77686]]],[[[-144.41481,-17.06664],[-144.42413,-17.06819],[-144.43043,-17.07325],[-144.42472,-17.07534],[-144.41944,-17.06789],[-144.41481,-17.06664]]],[[[-144.40654,-17.06513],[-144.40797,-17.06331],[-144.41144,-17.06481],[-144.40654,-17.06513]]],[[[-144.40475,-17.06319],[-144.40648,-17.06324],[-144.40465,-17.06511],[-144.40475,-17.06319]]],[[[-144.32425,-17.04907],[-144.32724,-17.0479],[-144.32648,-17.05015],[-144.31243,-17.05648],[-144.30369,-17.06771],[-144.30847,-17.05744],[-144.32425,-17.04907]]],[[[-144.3308,-17.04712],[-144.33296,-17.04655],[-144.33283,-17.0481],[-144.32853,-17.04913],[-144.3308,-17.04712]]],[[[-144.65217,-16.99325],[-144.65031,-16.99053],[-144.65331,-16.98777],[-144.65217,-16.99325]]],[[[-144.59643,-16.97306],[-144.59407,-16.97353],[-144.59491,-16.97054],[-144.59735,-16.9718],[-144.59643,-16.97306]]],[[[-144.59296,-16.97091],[-144.59086,-16.97102],[-144.59111,-16.96845],[-144.59296,-16.97091]]],[[[-144.58572,-16.96697],[-144.58411,-16.967],[-144.58482,-16.96319],[-144.58736,-16.96511],[-144.58572,-16.96697]]],[[[-144.57585,-16.95374],[-144.57774,-16.95339],[-144.58246,-16.96009],[-144.57587,-16.95887],[-144.57585,-16.95374]]],[[[-144.57318,-16.90518],[-144.57334,-16.8958],[-144.58085,-16.88176],[-144.58207,-16.88284],[-144.57558,-16.89375],[-144.57318,-16.90518]]],[[[-144.59037,-16.87481],[-144.60104,-16.87204],[-144.60313,-16.87319],[-144.58347,-16.8805],[-144.59037,-16.87481]]],[[[-144.60787,-16.87064],[-144.6063,-16.8713],[-144.60863,-16.86906],[-144.60787,-16.87064]]],[[[-144.61632,-16.86859],[-144.61392,-16.8682],[-144.61648,-16.86672],[-144.61632,-16.86859]]],[[[-144.62758,-16.86798],[-144.62938,-16.86553],[-144.63022,-16.86733],[-144.62758,-16.86798]]],[[[-144.64322,-16.86199],[-144.64275,-16.85987],[-144.64806,-16.85847],[-144.64855,-16.86052],[-144.64322,-16.86199]]],[[[-149.54968,-17.02836],[-149.54905,-17.02992],[-149.55168,-17.02914],[-149.5492,-17.03018],[-149.54681,-17.02971],[-149.54968,-17.02836]]],[[[-149.55424,-17.03006],[-149.55318,-17.02619],[-149.55844,-17.02283],[-149.55536,-17.02576],[-149.55798,-17.02706],[-149.56111,-17.01711],[-149.56281,-17.0177],[-149.55954,-17.03361],[-149.55424,-17.03006]]],[[[-149.59381,-17.01686],[-149.59651,-17.02018],[-149.59622,-17.02393],[-149.59345,-17.02234],[-149.59069,-17.02359],[-149.58564,-17.01368],[-149.59144,-17.01445],[-149.59381,-17.01686]]],[[[-149.58703,-17.01101],[-149.5823,-17.01185],[-149.58172,-17.00885],[-149.58833,-17.00618],[-149.58703,-17.01101]]],[[[-149.56779,-16.98419],[-149.57711,-16.98488],[-149.58299,-16.98942],[-149.5861,-16.99587],[-149.58378,-17.00327],[-149.58148,-17.00304],[-149.57436,-16.98808],[-149.56624,-16.98846],[-149.56779,-16.98419]]],[[[-149.55233,-16.9889],[-149.55246,-16.98685],[-149.55828,-16.98532],[-149.56046,-16.98824],[-149.55369,-16.9908],[-149.55233,-16.9889]]],[[[-149.56444,-16.98633],[-149.56645,-16.98436],[-149.56584,-16.98869],[-149.56444,-16.98633]]],[[[-149.53858,-17.5229],[-149.54334,-17.5208],[-149.54909,-17.52609],[-149.5571,-17.52442],[-149.56657,-17.52876],[-149.56807,-17.52629],[-149.57047,-17.52981],[-149.57462,-17.53031],[-149.57273,-17.53353],[-149.56973,-17.53316],[-149.56923,-17.53988],[-149.58392,-17.54549],[-149.59556,-17.54474],[-149.609,-17.55409],[-149.60931,-17.55194],[-149.6136,-17.55123],[-149.61604,-17.55887],[-149.6209,-17.56239],[-149.61544,-17.56917],[-149.61664,-17.57076],[-149.6194,-17.56945],[-149.62041,-17.57407],[-149.61656,-17.57522],[-149.61673,-17.58465],[-149.6142,-17.58699],[-149.61251,-17.59878],[-149.61419,-17.61226],[-149.61694,-17.61497],[-149.61307,-17.62561],[-149.6162,-17.63419],[-149.60396,-17.64628],[-149.58645,-17.68466],[-149.58477,-17.71082],[-149.5812,-17.72005],[-149.58089,-17.73047],[-149.57788,-17.73517],[-149.57838,-17.74029],[-149.57047,-17.74256],[-149.55342,-17.75317],[-149.54966,-17.75099],[-149.54329,-17.75369],[-149.52492,-17.75422],[-149.52038,-17.75761],[-149.51992,-17.7607],[-149.48283,-17.7689],[-149.47778,-17.77401],[-149.47711,-17.77826],[-149.46591,-17.77714],[-149.46044,-17.78013],[-149.4522,-17.78014],[-149.44566,-17.77457],[-149.43687,-17.77109],[-149.43325,-17.77296],[-149.42159,-17.77177],[-149.41038,-17.77486],[-149.40646,-17.7695],[-149.40186,-17.76863],[-149.39783,-17.77093],[-149.39388,-17.76908],[-149.39287,-17.76212],[-149.38811,-17.7604],[-149.38164,-17.75981],[-149.37873,-17.76162],[-149.3719,-17.7587],[-149.36917,-17.75929],[-149.36999,-17.76136],[-149.36124,-17.76096],[-149.3509,-17.75496],[-149.34287,-17.75439],[-149.33894,-17.75016],[-149.33794,-17.74534],[-149.33931,-17.74021],[-149.34241,-17.73928],[-149.33586,-17.73977],[-149.33556,-17.73675],[-149.33935,-17.73536],[-149.33151,-17.73499],[-149.33177,-17.73162],[-149.32491,-17.72819],[-149.32283,-17.73033],[-149.32596,-17.73437],[-149.32002,-17.73525],[-149.31855,-17.73796],[-149.33038,-17.74178],[-149.33131,-17.74385],[-149.32812,-17.74486],[-149.32798,-17.7483],[-149.33081,-17.74489],[-149.33315,-17.7454],[-149.32974,-17.7482],[-149.32391,-17.7503],[-149.32291,-17.74768],[-149.317,-17.7476],[-149.32269,-17.7511],[-149.31783,-17.75702],[-149.3198,-17.75995],[-149.31125,-17.76725],[-149.30884,-17.77284],[-149.31033,-17.77974],[-149.29928,-17.78891],[-149.29748,-17.80079],[-149.29262,-17.8065],[-149.29325,-17.81334],[-149.29704,-17.81966],[-149.29361,-17.82532],[-149.28725,-17.8253],[-149.28321,-17.83232],[-149.2702,-17.84484],[-149.27132,-17.84729],[-149.26584,-17.85003],[-149.26106,-17.84944],[-149.25864,-17.85493],[-149.25221,-17.85669],[-149.24785,-17.86195],[-149.23643,-17.86089],[-149.22385,-17.86627],[-149.21642,-17.86417],[-149.20177,-17.86991],[-149.19691,-17.87453],[-149.19228,-17.87237],[-149.183,-17.87895],[-149.17981,-17.87683],[-149.16308,-17.88036],[-149.15723,-17.87838],[-149.15726,-17.87601],[-149.1562,-17.87732],[-149.14663,-17.87243],[-149.14211,-17.86237],[-149.13343,-17.85284],[-149.13232,-17.84482],[-149.12933,-17.84103],[-149.12908,-17.82939],[-149.12542,-17.8239],[-149.12537,-17.81831],[-149.13024,-17.81068],[-149.12571,-17.80472],[-149.12878,-17.80064],[-149.12744,-17.79758],[-149.1299,-17.79241],[-149.12764,-17.78206],[-149.13562,-17.77483],[-149.13738,-17.76932],[-149.14826,-17.76291],[-149.15122,-17.75765],[-149.15727,-17.75557],[-149.15872,-17.74558],[-149.1626,-17.74452],[-149.1656,-17.75206],[-149.17296,-17.75393],[-149.20066,-17.74733],[-149.2026,-17.74309],[-149.21295,-17.74479],[-149.21761,-17.7426],[-149.21919,-17.7367],[-149.22424,-17.73781],[-149.23353,-17.73466],[-149.24354,-17.73678],[-149.24581,-17.73466],[-149.25762,-17.73914],[-149.26662,-17.7382],[-149.27443,-17.73653],[-149.28618,-17.72991],[-149.29916,-17.72778],[-149.30604,-17.71992],[-149.30255,-17.70316],[-149.30359,-17.67871],[-149.31062,-17.66371],[-149.31209,-17.65153],[-149.30889,-17.64337],[-149.31046,-17.639],[-149.30405,-17.63296],[-149.29968,-17.6081],[-149.30786,-17.59037],[-149.30515,-17.58768],[-149.30951,-17.58667],[-149.30919,-17.57783],[-149.31504,-17.57052],[-149.32284,-17.56686],[-149.33148,-17.55098],[-149.34713,-17.5417],[-149.35598,-17.53956],[-149.36208,-17.54084],[-149.3774,-17.53705],[-149.38594,-17.52803],[-149.39051,-17.5266],[-149.39158,-17.52306],[-149.40521,-17.51563],[-149.41202,-17.51582],[-149.4286,-17.50748],[-149.43227,-17.50903],[-149.47278,-17.50606],[-149.48042,-17.49957],[-149.4862,-17.49929],[-149.49415,-17.49418],[-149.49496,-17.50424],[-149.50004,-17.5107],[-149.5058,-17.51238],[-149.50599,-17.51719],[-149.51003,-17.51827],[-149.51296,-17.52252],[-149.52338,-17.52383],[-149.52618,-17.52042],[-149.53561,-17.52572],[-149.53858,-17.5229]]],[[[-149.54694,-17.04948],[-149.54414,-17.04853],[-149.5454,-17.04291],[-149.54753,-17.04494],[-149.54694,-17.04948]]],[[[-149.54311,-16.99577],[-149.54245,-16.99796],[-149.53808,-16.99818],[-149.53646,-16.99344],[-149.54323,-16.98886],[-149.55177,-16.98772],[-149.55215,-16.99045],[-149.54349,-16.99161],[-149.5415,-16.99455],[-149.54311,-16.99577]]],[[[-146.86422,-15.70505],[-146.87146,-15.71259],[-146.8699,-15.71585],[-146.86254,-15.70885],[-146.86422,-15.70505]]],[[[-146.87112,-15.69001],[-146.87671,-15.69164],[-146.86783,-15.70265],[-146.86676,-15.69964],[-146.87112,-15.69001]]],[[[-146.87781,-15.68685],[-146.88041,-15.68779],[-146.87754,-15.68995],[-146.87781,-15.68685]]],[[[-146.8831,-15.68598],[-146.88102,-15.68753],[-146.88004,-15.68559],[-146.8831,-15.68598]]],[[[-146.87663,-15.68524],[-146.87409,-15.68814],[-146.87516,-15.68249],[-146.87663,-15.68524]]],[[[-146.88196,-15.68329],[-146.87941,-15.67775],[-146.87272,-15.67335],[-146.87731,-15.66686],[-146.87647,-15.65992],[-146.87379,-15.6572],[-146.86957,-15.6576],[-146.86941,-15.65542],[-146.87919,-15.65586],[-146.88669,-15.66468],[-146.88671,-15.68592],[-146.88416,-15.687],[-146.88196,-15.68329]]],[[[-146.83267,-15.64005],[-146.84074,-15.63996],[-146.85111,-15.64631],[-146.8509,-15.64866],[-146.84791,-15.64913],[-146.83689,-15.64197],[-146.83278,-15.64227],[-146.83267,-15.64005]]],[[[-146.83031,-15.63826],[-146.83254,-15.63866],[-146.82915,-15.63987],[-146.83031,-15.63826]]],[[[-146.88699,-15.2951],[-146.89179,-15.29465],[-146.8937,-15.30292],[-146.89196,-15.30672],[-146.88863,-15.30592],[-146.88699,-15.2951]]],[[[-146.88912,-15.28531],[-146.88926,-15.28801],[-146.88538,-15.28846],[-146.88502,-15.28655],[-146.88912,-15.28531]]],[[[-146.88784,-15.2818],[-146.88815,-15.28424],[-146.88477,-15.28537],[-146.88446,-15.28316],[-146.88784,-15.2818]]],[[[-146.88221,-15.27634],[-146.8849,-15.27701],[-146.88184,-15.27896],[-146.88221,-15.27634]]],[[[-146.87825,-15.27445],[-146.88069,-15.27314],[-146.87846,-15.27639],[-146.87825,-15.27445]]],[[[-146.86616,-15.26574],[-146.86651,-15.26923],[-146.86409,-15.27002],[-146.86616,-15.26574]]],[[[-146.85081,-15.25602],[-146.85836,-15.26073],[-146.8582,-15.26644],[-146.85264,-15.25993],[-146.84694,-15.25844],[-146.85081,-15.25602]]],[[[-146.84815,-15.25697],[-146.84907,-15.25375],[-146.85031,-15.25543],[-146.84815,-15.25697]]],[[[-146.84445,-15.25185],[-146.84609,-15.25403],[-146.84451,-15.25712],[-146.84117,-15.25444],[-146.84445,-15.25185]]],[[[-146.83191,-15.24001],[-146.83318,-15.24099],[-146.82945,-15.24371],[-146.83191,-15.24001]]],[[[-146.81506,-15.75796],[-146.81671,-15.75608],[-146.81872,-15.75778],[-146.81506,-15.75796]]],[[[-146.73474,-15.66969],[-146.73375,-15.67267],[-146.73249,-15.67096],[-146.73474,-15.66969]]],[[[-146.76205,-15.66552],[-146.76398,-15.66207],[-146.76801,-15.66349],[-146.76205,-15.66552]]],[[[-146.77486,-15.66424],[-146.77045,-15.66329],[-146.76892,-15.66069],[-146.77486,-15.66424]]],[[[-146.77725,-15.65842],[-146.77828,-15.66148],[-146.77552,-15.6594],[-146.77725,-15.65842]]],[[[-146.78192,-15.65638],[-146.7836,-15.65958],[-146.78043,-15.65942],[-146.78192,-15.65638]]],[[[-146.79484,-15.6505],[-146.7969,-15.65066],[-146.79625,-15.65262],[-146.79113,-15.65383],[-146.78471,-15.65921],[-146.78318,-15.65588],[-146.79484,-15.6505]]],[[[-146.80022,-15.64707],[-146.80308,-15.64779],[-146.79987,-15.65054],[-146.80022,-15.64707]]],[[[-146.75116,-15.42318],[-146.74974,-15.42254],[-146.75243,-15.41989],[-146.75116,-15.42318]]],[[[-146.7316,-15.41691],[-146.7335,-15.41842],[-146.72961,-15.4188],[-146.7316,-15.41691]]],[[[-146.75806,-15.31837],[-146.75852,-15.31992],[-146.7559,-15.31924],[-146.75806,-15.31837]]],[[[-146.82282,-15.22656],[-146.8194,-15.22984],[-146.81886,-15.22834],[-146.82282,-15.22656]]],[[[-146.75298,-15.21395],[-146.75336,-15.21586],[-146.74693,-15.2193],[-146.73489,-15.22188],[-146.73286,-15.2194],[-146.74528,-15.21758],[-146.75298,-15.21395]]],[[[-146.76226,-15.20893],[-146.76519,-15.20867],[-146.76449,-15.21193],[-146.75971,-15.21345],[-146.76226,-15.20893]]],[[[-146.78451,-15.2036],[-146.78411,-15.20761],[-146.78133,-15.20904],[-146.77013,-15.21237],[-146.76859,-15.20956],[-146.77057,-15.20731],[-146.78451,-15.2036]]],[[[-146.80812,-15.19725],[-146.81431,-15.2051],[-146.81243,-15.20889],[-146.80911,-15.20902],[-146.80238,-15.20323],[-146.79106,-15.20479],[-146.79196,-15.20112],[-146.80812,-15.19725]]],[[[-146.62173,-15.84377],[-146.61861,-15.84127],[-146.61889,-15.83539],[-146.62173,-15.84377]]],[[[-146.66586,-15.82084],[-146.66756,-15.82054],[-146.66911,-15.83095],[-146.66586,-15.82084]]],[[[-146.62207,-15.71146],[-146.62416,-15.71331],[-146.62113,-15.71369],[-146.62207,-15.71146]]],[[[-146.63679,-15.71048],[-146.63844,-15.71243],[-146.63594,-15.71282],[-146.63679,-15.71048]]],[[[-146.65683,-15.70985],[-146.66053,-15.70986],[-146.66046,-15.71302],[-146.65884,-15.71365],[-146.65683,-15.70985]]],[[[-146.71311,-15.6836],[-146.71542,-15.68258],[-146.71573,-15.68478],[-146.7005,-15.69368],[-146.71311,-15.6836]]],[[[-146.71967,-15.41854],[-146.72071,-15.42026],[-146.71902,-15.42055],[-146.71967,-15.41854]]],[[[-146.62254,-15.36229],[-146.61883,-15.36328],[-146.61835,-15.35679],[-146.62254,-15.36229]]],[[[-146.62301,-15.24774],[-146.60807,-15.25741],[-146.60433,-15.26847],[-146.60364,-15.27702],[-146.60404,-15.27832],[-146.60393,-15.28252],[-146.60502,-15.28991],[-146.60553,-15.29787],[-146.60477,-15.29968],[-146.61113,-15.34368],[-146.60606,-15.32852],[-146.60603,-15.32126],[-146.60674,-15.32641],[-146.60771,-15.32496],[-146.6029,-15.29245],[-146.60474,-15.29314],[-146.60492,-15.29014],[-146.6046,-15.28884],[-146.60336,-15.28872],[-146.60281,-15.29033],[-146.6013,-15.28248],[-146.60295,-15.26053],[-146.6068,-15.25378],[-146.61334,-15.24858],[-146.64176,-15.23564],[-146.64691,-15.23475],[-146.6478,-15.23628],[-146.64653,-15.23901],[-146.62301,-15.24774]]],[[[-146.67036,-15.23509],[-146.67046,-15.2375],[-146.66742,-15.23828],[-146.66654,-15.23606],[-146.67036,-15.23509]]],[[[-146.64989,-15.23933],[-146.65011,-15.23489],[-146.65704,-15.234],[-146.65726,-15.23784],[-146.64989,-15.23933]]],[[[-146.6976,-15.23128],[-146.69628,-15.22915],[-146.70084,-15.22826],[-146.6976,-15.23128]]],[[[-146.72159,-15.21864],[-146.72179,-15.22196],[-146.70596,-15.22669],[-146.71184,-15.22059],[-146.72159,-15.21864]]],[[[-146.4946,-15.80145],[-146.49707,-15.80211],[-146.48968,-15.80876],[-146.48457,-15.82124],[-146.48674,-15.82598],[-146.49482,-15.82998],[-146.48203,-15.83669],[-146.47876,-15.83151],[-146.48034,-15.82425],[-146.48818,-15.80801],[-146.4946,-15.80145]]],[[[-146.50761,-15.78772],[-146.51142,-15.78701],[-146.49773,-15.80123],[-146.49625,-15.80055],[-146.50761,-15.78772]]],[[[-146.51207,-15.78486],[-146.51396,-15.78227],[-146.51564,-15.784],[-146.51207,-15.78486]]],[[[-146.54968,-15.74985],[-146.55159,-15.75128],[-146.55001,-15.75269],[-146.54968,-15.74985]]],[[[-146.44689,-15.46171],[-146.44997,-15.46235],[-146.45052,-15.46467],[-146.44719,-15.46838],[-146.44524,-15.46528],[-146.44689,-15.46171]]],[[[-146.44743,-15.45956],[-146.44951,-15.46083],[-146.44687,-15.4613],[-146.44533,-15.46351],[-146.44743,-15.45956]]],[[[-146.43836,-15.37631],[-146.44293,-15.37642],[-146.44314,-15.37891],[-146.43909,-15.37933],[-146.43836,-15.37631]]],[[[-146.43978,-15.3743],[-146.44304,-15.37543],[-146.4387,-15.37551],[-146.43978,-15.3743]]],[[[-146.43585,-15.35839],[-146.44301,-15.35984],[-146.4418,-15.36332],[-146.43753,-15.36385],[-146.43585,-15.35839]]],[[[-146.41143,-15.56814],[-146.41383,-15.56889],[-146.41475,-15.57317],[-146.41656,-15.57265],[-146.41004,-15.57856],[-146.41143,-15.56814]]],[[[-146.41541,-15.56898],[-146.41797,-15.57212],[-146.41557,-15.57147],[-146.41541,-15.56898]]],[[[-146.42046,-15.55674],[-146.4232,-15.55774],[-146.42261,-15.56112],[-146.42106,-15.5666],[-146.41843,-15.56781],[-146.41651,-15.56729],[-146.41766,-15.56532],[-146.41546,-15.56206],[-146.42046,-15.55674]]],[[[-146.42235,-15.54884],[-146.42577,-15.54931],[-146.42339,-15.55044],[-146.42235,-15.54884]]],[[[-146.42487,-15.5351],[-146.42853,-15.53955],[-146.42437,-15.54509],[-146.42136,-15.54566],[-146.42487,-15.5351]]],[[[-146.42951,-15.52431],[-146.42782,-15.52413],[-146.42824,-15.52272],[-146.4276,-15.5204],[-146.43027,-15.52189],[-146.42951,-15.52431]]],[[[-146.42588,-15.52165],[-146.42678,-15.52119],[-146.42794,-15.52331],[-146.42569,-15.52341],[-146.42588,-15.52165]]],[[[-146.42716,-15.51655],[-146.42839,-15.5153],[-146.43109,-15.517],[-146.4282,-15.51828],[-146.42716,-15.51655]]],[[[-146.4119,-15.31536],[-146.43842,-15.33926],[-146.44359,-15.35363],[-146.44198,-15.35896],[-146.43598,-15.35558],[-146.43575,-15.34677],[-146.43079,-15.33841],[-146.40857,-15.31893],[-146.40834,-15.31695],[-146.4119,-15.31536]]],[[[-146.40295,-15.3095],[-146.40768,-15.3102],[-146.4085,-15.31401],[-146.4044,-15.31421],[-146.40295,-15.3095]]],[[[-146.39588,-15.30278],[-146.39849,-15.30351],[-146.39761,-15.30695],[-146.39441,-15.30578],[-146.39588,-15.30278]]],[[[-146.22043,-15.45145],[-146.22279,-15.45197],[-146.22666,-15.48044],[-146.22522,-15.51513],[-146.22696,-15.52503],[-146.23509,-15.5547],[-146.24324,-15.56178],[-146.24212,-15.56725],[-146.23874,-15.56621],[-146.23346,-15.55521],[-146.22566,-15.52785],[-146.22291,-15.50563],[-146.22483,-15.48042],[-146.22043,-15.45145]]],[[[-146.20937,-15.40723],[-146.21285,-15.41602],[-146.2145,-15.43026],[-146.22263,-15.44902],[-146.21929,-15.44746],[-146.21337,-15.4326],[-146.20937,-15.40723]]],[[[-146.20503,-15.33233],[-146.21158,-15.33237],[-146.21221,-15.33444],[-146.19658,-15.33853],[-146.19308,-15.3425],[-146.19179,-15.3493],[-146.19864,-15.38156],[-146.21114,-15.40674],[-146.19537,-15.38618],[-146.19536,-15.37447],[-146.18738,-15.34171],[-146.18753,-15.33826],[-146.19084,-15.33485],[-146.20503,-15.33233]]],[[[-146.22238,-15.32992],[-146.23169,-15.32757],[-146.23344,-15.3297],[-146.21507,-15.33411],[-146.21701,-15.33131],[-146.22238,-15.32992]]],[[[-146.24419,-15.32602],[-146.24634,-15.32535],[-146.24721,-15.32747],[-146.24038,-15.3288],[-146.24419,-15.32602]]],[[[-146.25383,-15.32391],[-146.25461,-15.32603],[-146.248,-15.32739],[-146.2484,-15.32486],[-146.25383,-15.32391]]],[[[-146.2688,-15.3211],[-146.27023,-15.32313],[-146.26718,-15.32374],[-146.2688,-15.3211]]],[[[-146.28125,-15.31884],[-146.28268,-15.32027],[-146.28097,-15.32073],[-146.28125,-15.31884]]],[[[-146.34997,-15.31498],[-146.35563,-15.3148],[-146.35626,-15.31677],[-146.32996,-15.31896],[-146.33165,-15.31597],[-146.34576,-15.31683],[-146.34997,-15.31498]]],[[[-146.31876,-15.31456],[-146.32988,-15.31664],[-146.32905,-15.31884],[-146.32481,-15.31912],[-146.31821,-15.31668],[-146.31876,-15.31456]]],[[[-146.29827,-15.3114],[-146.3042,-15.30917],[-146.30899,-15.3111],[-146.30984,-15.31356],[-146.29835,-15.3145],[-146.28325,-15.32002],[-146.28486,-15.31716],[-146.29827,-15.3114]]],[[[-146.35797,-15.31644],[-146.35865,-15.31333],[-146.36827,-15.30942],[-146.37768,-15.30089],[-146.38251,-15.29973],[-146.38589,-15.30136],[-146.38427,-15.30493],[-146.37655,-15.30613],[-146.35797,-15.31644]]],[[[-151.77715,-16.46002],[-151.78457,-16.47132],[-151.77541,-16.48049],[-151.77005,-16.47227],[-151.76955,-16.46695],[-151.77715,-16.46002]]],[[[-151.77188,-16.45243],[-151.77335,-16.45324],[-151.76878,-16.45636],[-151.77188,-16.45243]]],[[[-151.81936,-16.28947],[-151.82299,-16.28543],[-151.82325,-16.26591],[-151.82752,-16.28644],[-151.82296,-16.29711],[-151.81645,-16.30268],[-151.8131,-16.30218],[-151.81038,-16.29834],[-151.80735,-16.27095],[-151.81125,-16.26927],[-151.81042,-16.27794],[-151.81385,-16.28907],[-151.82059,-16.2912],[-151.81936,-16.28947]]],[[[-151.80732,-16.26384],[-151.80958,-16.26472],[-151.80961,-16.26926],[-151.80633,-16.26734],[-151.80732,-16.26384]]],[[[-151.80418,-16.26183],[-151.8019,-16.25962],[-151.80334,-16.25785],[-151.80684,-16.26096],[-151.80418,-16.26183]]],[[[-151.80805,-16.23609],[-151.82829,-16.23082],[-151.83726,-16.23965],[-151.83895,-16.24855],[-151.83592,-16.26051],[-151.83158,-16.26583],[-151.82616,-16.26453],[-151.83169,-16.2553],[-151.83106,-16.24588],[-151.82662,-16.23794],[-151.82169,-16.23569],[-151.80666,-16.2409],[-151.80182,-16.24466],[-151.80268,-16.25709],[-151.79567,-16.25377],[-151.78625,-16.25688],[-151.7834,-16.25596],[-151.78653,-16.25051],[-151.80805,-16.23609]]],[[[-151.76243,-16.52996],[-151.76423,-16.53063],[-151.76266,-16.53254],[-151.76243,-16.52996]]],[[[-151.76784,-16.506],[-151.76779,-16.51332],[-151.77161,-16.52237],[-151.76941,-16.52514],[-151.77017,-16.52847],[-151.76526,-16.53015],[-151.76296,-16.52837],[-151.76481,-16.50746],[-151.76784,-16.506]]],[[[-151.75714,-16.48699],[-151.75983,-16.4872],[-151.7602,-16.49796],[-151.75184,-16.50056],[-151.75361,-16.50541],[-151.74449,-16.51527],[-151.73691,-16.51499],[-151.73276,-16.5188],[-151.73432,-16.52295],[-151.74625,-16.53056],[-151.74771,-16.53583],[-151.741,-16.53576],[-151.73484,-16.54529],[-151.73486,-16.53384],[-151.72997,-16.53211],[-151.7275,-16.52782],[-151.72284,-16.52962],[-151.71956,-16.52893],[-151.72347,-16.52852],[-151.7254,-16.52509],[-151.72033,-16.51754],[-151.72267,-16.5096],[-151.72085,-16.49744],[-151.72474,-16.49224],[-151.72414,-16.49009],[-151.71371,-16.49022],[-151.71927,-16.48791],[-151.71785,-16.48339],[-151.72277,-16.4789],[-151.73258,-16.4801],[-151.73484,-16.47447],[-151.73841,-16.47652],[-151.74057,-16.4734],[-151.74391,-16.4732],[-151.74547,-16.46942],[-151.7439,-16.46365],[-151.76339,-16.47271],[-151.76134,-16.4759],[-151.75097,-16.48041],[-151.74378,-16.48803],[-151.75025,-16.49244],[-151.75714,-16.48699]]],[[[-151.75777,-16.43781],[-151.76213,-16.43981],[-151.75842,-16.44711],[-151.7525,-16.44612],[-151.74392,-16.4506],[-151.74288,-16.44781],[-151.73905,-16.45077],[-151.73314,-16.45096],[-151.71684,-16.46562],[-151.71447,-16.4634],[-151.73301,-16.44754],[-151.74606,-16.44652],[-151.75777,-16.43781]]],[[[-151.76894,-16.44769],[-151.77076,-16.45003],[-151.76625,-16.45286],[-151.76475,-16.45039],[-151.76894,-16.44769]]],[[[-151.72805,-16.53856],[-151.72698,-16.54096],[-151.72534,-16.54038],[-151.72805,-16.53856]]],[[[-151.7008,-16.49713],[-151.70269,-16.49945],[-151.70525,-16.52117],[-151.69986,-16.53199],[-151.69956,-16.53719],[-151.70776,-16.54276],[-151.70622,-16.54463],[-151.69867,-16.54512],[-151.69536,-16.54443],[-151.69437,-16.54127],[-151.70123,-16.51745],[-151.69859,-16.49792],[-151.7008,-16.49713]]],[[[-151.69629,-16.48773],[-151.69617,-16.49203],[-151.70012,-16.49288],[-151.69766,-16.49566],[-151.69435,-16.48869],[-151.69629,-16.48773]]],[[[-151.71265,-16.46487],[-151.71529,-16.46465],[-151.71457,-16.46727],[-151.71272,-16.46676],[-151.71367,-16.46838],[-151.69426,-16.48009],[-151.69414,-16.48602],[-151.69638,-16.48725],[-151.69404,-16.48717],[-151.69135,-16.47874],[-151.71265,-16.46487]]],[[[-146.36377,-16.11619],[-146.37444,-16.12019],[-146.39691,-16.14085],[-146.39826,-16.14793],[-146.38559,-16.17103],[-146.3715,-16.18766],[-146.36743,-16.18934],[-146.31875,-16.18497],[-146.31381,-16.17819],[-146.31193,-16.16425],[-146.31698,-16.14984],[-146.33725,-16.12546],[-146.34775,-16.11884],[-146.36377,-16.11619]],[[-146.36509,-16.12443],[-146.36195,-16.12199],[-146.35738,-16.12243],[-146.34328,-16.12794],[-146.34044,-16.13755],[-146.33191,-16.14104],[-146.3288,-16.14884],[-146.32723,-16.15845],[-146.33168,-16.16398],[-146.33515,-16.1738],[-146.34553,-16.18125],[-146.36019,-16.18232],[-146.37093,-16.17952],[-146.37565,-16.17641],[-146.37917,-16.16763],[-146.38654,-16.1632],[-146.38963,-16.15652],[-146.38325,-16.13328],[-146.37349,-16.12542],[-146.36509,-16.12443]]],[[[-145.91565,-16.01631],[-145.92168,-16.01701],[-145.91564,-16.02038],[-145.91565,-16.01631]]],[[[-145.90427,-15.88674],[-145.90568,-15.88609],[-145.8992,-15.8999],[-145.90427,-15.88674]]],[[[-145.95318,-15.84667],[-145.95468,-15.84598],[-145.95516,-15.84796],[-145.94921,-15.8501],[-145.94161,-15.85979],[-145.92643,-15.8688],[-145.92424,-15.87434],[-145.91829,-15.87267],[-145.90538,-15.88496],[-145.91287,-15.87305],[-145.93447,-15.86144],[-145.94737,-15.84905],[-145.95318,-15.84667]]],[[[-146.20727,-15.85826],[-146.21011,-15.85883],[-146.20961,-15.86119],[-146.20727,-15.85826]]],[[[-146.19656,-15.84332],[-146.20414,-15.84729],[-146.20814,-15.85693],[-146.20176,-15.85323],[-146.19998,-15.85463],[-146.20341,-15.85096],[-146.19928,-15.85035],[-146.19656,-15.84332]]],[[[-145.95508,-15.84524],[-145.9575,-15.84489],[-145.9579,-15.84792],[-145.95508,-15.84524]]],[[[-145.96556,-15.84115],[-145.96834,-15.84242],[-145.96156,-15.84557],[-145.96061,-15.84422],[-145.96556,-15.84115]]],[[[-145.97071,-15.83933],[-145.97189,-15.84055],[-145.9691,-15.84216],[-145.96858,-15.83963],[-145.97071,-15.83933]]],[[[-145.9739,-15.83771],[-145.97519,-15.83672],[-145.97586,-15.83876],[-145.97338,-15.83998],[-145.9739,-15.83771]]],[[[-146.18896,-15.83536],[-146.1942,-15.83927],[-146.19218,-15.84091],[-146.18896,-15.83536]]],[[[-145.97757,-15.83519],[-145.98088,-15.83683],[-145.97712,-15.83854],[-145.97757,-15.83519]]],[[[-145.98236,-15.83277],[-145.98396,-15.83371],[-145.98237,-15.83603],[-145.98079,-15.83413],[-145.98236,-15.83277]]],[[[-145.98438,-15.83403],[-145.98521,-15.83091],[-145.98696,-15.8326],[-145.98438,-15.83403]]],[[[-146.17942,-15.82727],[-146.1861,-15.83298],[-146.1788,-15.82951],[-146.17942,-15.82727]]],[[[-146.00438,-15.81364],[-146.00782,-15.81541],[-145.98932,-15.83179],[-145.98571,-15.83094],[-146.00438,-15.81364]]],[[[-146.17024,-15.81821],[-146.174,-15.82153],[-146.16897,-15.82093],[-146.17024,-15.81821]]],[[[-146.1663,-15.81545],[-146.16896,-15.81695],[-146.16703,-15.81771],[-146.1663,-15.81545]]],[[[-146.15834,-15.81107],[-146.16098,-15.80941],[-146.16445,-15.81255],[-146.16279,-15.81458],[-146.15834,-15.81107]]],[[[-146.02428,-15.80409],[-146.02678,-15.80562],[-146.00889,-15.8146],[-146.00766,-15.81329],[-146.02428,-15.80409]]],[[[-146.05462,-15.80293],[-146.05626,-15.80468],[-146.05352,-15.80412],[-146.05462,-15.80293]]],[[[-146.04608,-15.80196],[-146.04889,-15.80215],[-146.04939,-15.80418],[-146.03548,-15.80307],[-146.04608,-15.80196]]],[[[-146.08087,-15.79453],[-146.08326,-15.79617],[-146.07175,-15.80025],[-146.08087,-15.79453]]],[[[-146.14096,-15.79247],[-146.1426,-15.79178],[-146.15357,-15.79969],[-146.14944,-15.80274],[-146.14096,-15.79247]]],[[[-146.11413,-15.78535],[-146.11595,-15.78753],[-146.1127,-15.7874],[-146.11413,-15.78535]]],[[[-145.79302,-16.20717],[-145.79495,-16.20542],[-145.79592,-16.20664],[-145.79302,-16.20717]]],[[[-145.81975,-16.14161],[-145.82045,-16.14349],[-145.81829,-16.14216],[-145.81975,-16.14161]]],[[[-145.81713,-16.13976],[-145.81912,-16.13841],[-145.81979,-16.14007],[-145.81713,-16.13976]]],[[[-145.80919,-16.12443],[-145.81081,-16.12273],[-145.81501,-16.1261],[-145.819,-16.13689],[-145.81673,-16.13717],[-145.81338,-16.1325],[-145.81154,-16.13338],[-145.80919,-16.12443]]],[[[-145.74366,-16.09362],[-145.74668,-16.09266],[-145.79569,-16.10889],[-145.80948,-16.12202],[-145.80593,-16.1249],[-145.79799,-16.11965],[-145.79315,-16.11444],[-145.79233,-16.10943],[-145.79104,-16.11349],[-145.78344,-16.11148],[-145.77855,-16.10674],[-145.74366,-16.09362]]],[[[-145.73346,-16.08984],[-145.73321,-16.08838],[-145.7369,-16.08974],[-145.73346,-16.08984]]],[[[-145.72425,-16.08491],[-145.72751,-16.08516],[-145.72874,-16.08772],[-145.72425,-16.08491]]],[[[-145.70334,-16.07675],[-145.7007,-16.07348],[-145.70866,-16.07882],[-145.70334,-16.07675]]],[[[-145.87055,-15.94872],[-145.87261,-15.94685],[-145.87279,-15.94905],[-145.86468,-15.95806],[-145.86705,-15.96626],[-145.862,-15.96641],[-145.85994,-15.964],[-145.86062,-15.9595],[-145.87055,-15.94872]]],[[[-145.8873,-15.92803],[-145.88053,-15.94236],[-145.8732,-15.94667],[-145.88544,-15.92781],[-145.8873,-15.92803]]],[[[-145.88712,-15.92412],[-145.8886,-15.92244],[-145.88758,-15.92699],[-145.88712,-15.92412]]],[[[-145.89285,-15.91057],[-145.89416,-15.91201],[-145.892,-15.91297],[-145.89285,-15.91057]]],[[[-145.53818,-16.26817],[-145.55211,-16.23679],[-145.55758,-16.20876],[-145.56921,-16.17769],[-145.57301,-16.15752],[-145.59296,-16.13407],[-145.61021,-16.09364],[-145.61232,-16.07074],[-145.61803,-16.0529],[-145.62718,-16.0484],[-145.64223,-16.04828],[-145.69594,-16.06865],[-145.70023,-16.07444],[-145.69105,-16.06843],[-145.64119,-16.05078],[-145.62916,-16.05066],[-145.62096,-16.05439],[-145.61632,-16.06532],[-145.61424,-16.08842],[-145.60001,-16.13112],[-145.59672,-16.13242],[-145.58356,-16.14758],[-145.57559,-16.1595],[-145.57204,-16.1779],[-145.55689,-16.21805],[-145.55751,-16.23393],[-145.54819,-16.24844],[-145.54639,-16.2614],[-145.54126,-16.26772],[-145.53903,-16.27529],[-145.53056,-16.27895],[-145.52612,-16.28351],[-145.52005,-16.2838],[-145.50455,-16.29197],[-145.49835,-16.31433],[-145.49698,-16.31375],[-145.4976,-16.30364],[-145.50275,-16.2907],[-145.52732,-16.27857],[-145.53818,-16.26817]]],[[[-145.58913,-15.52557],[-145.58756,-15.5244],[-145.58949,-15.52408],[-145.58913,-15.52557]]],[[[-145.58652,-15.51776],[-145.58913,-15.51685],[-145.58837,-15.51864],[-145.58652,-15.51776]]],[[[-145.58768,-15.51666],[-145.58676,-15.51503],[-145.58981,-15.51495],[-145.58768,-15.51666]]],[[[-145.58687,-15.50436],[-145.58805,-15.50289],[-145.58986,-15.50543],[-145.58808,-15.5108],[-145.5861,-15.50876],[-145.58687,-15.50436]]],[[[-145.58287,-15.49332],[-145.58576,-15.49402],[-145.58733,-15.49814],[-145.58521,-15.5008],[-145.58287,-15.49332]]],[[[-145.57938,-15.48681],[-145.58133,-15.48661],[-145.58212,-15.49019],[-145.58032,-15.49063],[-145.57938,-15.48681]]],[[[-145.55259,-15.4574],[-145.55686,-15.45725],[-145.56353,-15.46123],[-145.56186,-15.463],[-145.55037,-15.46111],[-145.52963,-15.47392],[-145.51813,-15.47816],[-145.48187,-15.48569],[-145.44749,-15.48882],[-145.44281,-15.49207],[-145.44137,-15.49591],[-145.44188,-15.50135],[-145.44405,-15.50253],[-145.44464,-15.5009],[-145.44571,-15.50329],[-145.43813,-15.50023],[-145.43961,-15.49018],[-145.4428,-15.48693],[-145.4797,-15.48321],[-145.52306,-15.47397],[-145.55259,-15.4574]]],[[[-145.56971,-15.46983],[-145.57304,-15.46943],[-145.57151,-15.47172],[-145.56971,-15.46983]]],[[[-145.5671,-15.46686],[-145.56865,-15.46489],[-145.57074,-15.46803],[-145.5671,-15.46686]]],[[[-145.56355,-15.46339],[-145.56426,-15.46135],[-145.56761,-15.46444],[-145.56631,-15.46567],[-145.56355,-15.46339]]],[[[-145.46681,-16.52176],[-145.46861,-16.52154],[-145.4646,-16.52544],[-145.46681,-16.52176]]],[[[-145.45932,-16.51153],[-145.46189,-16.51375],[-145.45947,-16.51713],[-145.45723,-16.515],[-145.45932,-16.51153]]],[[[-145.49628,-16.32159],[-145.49191,-16.34387],[-145.48203,-16.35523],[-145.47084,-16.36349],[-145.46247,-16.36626],[-145.47614,-16.35751],[-145.48648,-16.34687],[-145.49628,-16.32159]]],[[[-145.49414,-15.58671],[-145.49661,-15.58511],[-145.4945,-15.61666],[-145.49539,-15.62054],[-145.50051,-15.62307],[-145.50028,-15.62668],[-145.49811,-15.62731],[-145.49354,-15.62425],[-145.49229,-15.62036],[-145.49414,-15.58671]]],[[[-145.49447,-15.56372],[-145.49424,-15.57155],[-145.49251,-15.56944],[-145.49447,-15.56372]]],[[[-145.4948,-15.55211],[-145.49589,-15.55086],[-145.49813,-15.55801],[-145.49546,-15.56302],[-145.49334,-15.56279],[-145.49263,-15.55982],[-145.4948,-15.55211]]],[[[-145.49689,-15.54056],[-145.49642,-15.5457],[-145.49406,-15.54156],[-145.49689,-15.54056]]],[[[-145.49499,-15.53715],[-145.49793,-15.53779],[-145.49517,-15.53961],[-145.49304,-15.53773],[-145.49499,-15.53715]]],[[[-145.48914,-15.52943],[-145.49121,-15.53136],[-145.4891,-15.53136],[-145.48914,-15.52943]]],[[[-145.45274,-15.50849],[-145.45576,-15.50924],[-145.45407,-15.51052],[-145.45274,-15.50849]]],[[[-145.36826,-16.43514],[-145.36959,-16.43569],[-145.36298,-16.44671],[-145.36706,-16.45363],[-145.36179,-16.45686],[-145.36147,-16.4455],[-145.36826,-16.43514]]],[[[-145.37953,-16.42034],[-145.38106,-16.42033],[-145.37017,-16.43484],[-145.37953,-16.42034]]],[[[-145.39517,-16.40478],[-145.39909,-16.40433],[-145.38093,-16.41868],[-145.39517,-16.40478]]],[[[-145.42177,-16.38836],[-145.42342,-16.38796],[-145.42085,-16.39099],[-145.42177,-16.38836]]],[[[-145.43175,-16.37675],[-145.43379,-16.37832],[-145.42515,-16.38532],[-145.42818,-16.37755],[-145.43175,-16.37675]]],[[[-145.21082,-15.92138],[-145.21633,-15.91361],[-145.21758,-15.91525],[-145.21256,-15.92252],[-145.19283,-15.93839],[-145.20119,-15.92803],[-145.21082,-15.92138]]],[[[-145.21864,-15.91039],[-145.22057,-15.91199],[-145.2187,-15.91432],[-145.21675,-15.91289],[-145.21864,-15.91039]]],[[[-145.22125,-15.90916],[-145.22055,-15.91096],[-145.2195,-15.90969],[-145.22125,-15.90916]]],[[[-145.2255,-15.90752],[-145.22774,-15.9092],[-145.22161,-15.91244],[-145.22145,-15.91028],[-145.2255,-15.90752]]],[[[-145.22966,-15.90529],[-145.23112,-15.90638],[-145.22843,-15.90864],[-145.22721,-15.90753],[-145.22966,-15.90529]]],[[[-145.25425,-15.88019],[-145.25386,-15.88551],[-145.2433,-15.89919],[-145.23769,-15.90482],[-145.23193,-15.906],[-145.23255,-15.90342],[-145.24121,-15.89881],[-145.25425,-15.88019]]],[[[-145.2578,-15.8487],[-145.25985,-15.84856],[-145.2578,-15.8528],[-145.2578,-15.8487]]],[[[-145.25572,-15.84524],[-145.25829,-15.84677],[-145.25627,-15.8472],[-145.25572,-15.84524]]],[[[-145.24965,-15.82969],[-145.25107,-15.83109],[-145.24929,-15.83284],[-145.24965,-15.82969]]],[[[-145.24584,-15.82572],[-145.24933,-15.82868],[-145.24786,-15.83156],[-145.24473,-15.82697],[-145.24584,-15.82572]]],[[[-145.22447,-15.80272],[-145.22844,-15.80539],[-145.22823,-15.80897],[-145.22327,-15.80411],[-145.22447,-15.80272]]],[[[-145.21761,-15.79974],[-145.21811,-15.79831],[-145.22059,-15.80092],[-145.21761,-15.79974]]],[[[-145.19754,-15.79122],[-145.2049,-15.79276],[-145.20533,-15.79528],[-145.1995,-15.79555],[-145.19647,-15.79274],[-145.19754,-15.79122]]],[[[-145.19557,-15.79043],[-145.19605,-15.79246],[-145.19415,-15.79166],[-145.19557,-15.79043]]],[[[-145.00811,-16.14535],[-145.01021,-16.14569],[-145.01045,-16.14937],[-145.00701,-16.14927],[-145.00811,-16.14535]]],[[[-145.00649,-16.14087],[-145.00967,-16.13921],[-145.00985,-16.14441],[-145.00681,-16.14443],[-145.00649,-16.14087]]],[[[-145.16402,-15.9644],[-145.16222,-15.96399],[-145.16351,-15.96271],[-145.16402,-15.9644]]],[[[-145.07684,-15.96327],[-145.07614,-15.95979],[-145.07863,-15.96094],[-145.07684,-15.96327]]],[[[-145.07224,-15.96144],[-145.07209,-15.95808],[-145.07497,-15.95952],[-145.07224,-15.96144]]],[[[-145.16972,-15.96042],[-145.16804,-15.95964],[-145.17201,-15.95675],[-145.16972,-15.96042]]],[[[-145.06628,-15.95697],[-145.06589,-15.95384],[-145.06871,-15.95597],[-145.06628,-15.95697]]],[[[-145.17577,-15.95271],[-145.1778,-15.95233],[-145.1731,-15.95729],[-145.17577,-15.95271]]],[[[-145.06002,-15.94931],[-145.06266,-15.95089],[-145.06106,-15.95288],[-145.06002,-15.94931]]],[[[-145.18976,-15.93921],[-145.19178,-15.93866],[-145.18467,-15.9462],[-145.17992,-15.94819],[-145.18976,-15.93921]]],[[[-145.12482,-15.78262],[-145.11057,-15.78916],[-145.10263,-15.80554],[-145.10238,-15.81248],[-145.10635,-15.82252],[-145.10801,-15.82435],[-145.11162,-15.8223],[-145.11124,-15.82589],[-145.11586,-15.82999],[-145.11274,-15.83303],[-145.10765,-15.83127],[-145.10419,-15.83354],[-145.09367,-15.85921],[-145.073,-15.88403],[-145.06791,-15.88687],[-145.06004,-15.90038],[-145.05331,-15.93264],[-145.05434,-15.94008],[-145.05896,-15.94674],[-145.05685,-15.94971],[-145.05265,-15.94299],[-145.05077,-15.93228],[-145.05722,-15.90092],[-145.06606,-15.88477],[-145.09301,-15.85454],[-145.10308,-15.82948],[-145.0995,-15.80755],[-145.10586,-15.78887],[-145.11068,-15.78452],[-145.12306,-15.78025],[-145.13632,-15.77901],[-145.12482,-15.78262]]],[[[-145.16577,-15.78133],[-145.16747,-15.77996],[-145.17215,-15.78247],[-145.16577,-15.78133]]],[[[-145.15186,-15.77827],[-145.15588,-15.77735],[-145.15961,-15.78091],[-145.15186,-15.77827]]],[[[-145.14474,-15.77562],[-145.14952,-15.77607],[-145.15071,-15.77841],[-145.14594,-15.78093],[-145.13658,-15.77904],[-145.14474,-15.77562]]],[[[-144.97171,-16.21537],[-144.9714,-16.21364],[-144.97315,-16.21494],[-144.97171,-16.21537]]],[[[-144.9713,-16.2131],[-144.97198,-16.21117],[-144.97348,-16.21217],[-144.9713,-16.2131]]],[[[-144.98242,-16.10691],[-144.98666,-16.10727],[-145.00528,-16.11925],[-145.0087,-16.13487],[-145.00586,-16.13534],[-145.00469,-16.12566],[-144.99986,-16.11748],[-144.98242,-16.10691]]],[[[-144.95981,-16.0939],[-144.96325,-16.09391],[-144.98255,-16.10558],[-144.96865,-16.10099],[-144.95981,-16.0939]]],[[[-144.94945,-16.09016],[-144.94997,-16.08809],[-144.95616,-16.09245],[-144.94945,-16.09016]]],[[[-144.8912,-16.08743],[-144.89263,-16.08848],[-144.89074,-16.08964],[-144.88194,-16.09179],[-144.8912,-16.08743]]],[[[-144.92613,-16.08461],[-144.92895,-16.08314],[-144.93594,-16.0844],[-144.94852,-16.08881],[-144.92613,-16.08461]]],[[[-144.90468,-16.08495],[-144.90631,-16.08497],[-144.90199,-16.08592],[-144.90468,-16.08495]]],[[[-144.92141,-16.08304],[-144.92609,-16.08424],[-144.90828,-16.08535],[-144.92141,-16.08304]]],[[[-144.82844,-16.27106],[-144.83167,-16.2723],[-144.83108,-16.27549],[-144.82844,-16.27106]]],[[[-144.82738,-16.26598],[-144.82728,-16.26888],[-144.82539,-16.26688],[-144.82738,-16.26598]]],[[[-144.82514,-16.26241],[-144.82794,-16.26473],[-144.82634,-16.26618],[-144.82514,-16.26241]]],[[[-144.82915,-16.11409],[-144.83082,-16.11391],[-144.83057,-16.11627],[-144.80218,-16.13862],[-144.79091,-16.15253],[-144.78846,-16.15956],[-144.78692,-16.15898],[-144.78571,-16.15564],[-144.79571,-16.14104],[-144.816,-16.1251],[-144.82033,-16.11927],[-144.82915,-16.11409]]],[[[-144.8331,-16.11187],[-144.83499,-16.11116],[-144.83481,-16.11306],[-144.83077,-16.11459],[-144.8331,-16.11187]]],[[[-144.83658,-16.11024],[-144.83947,-16.10875],[-144.84001,-16.1102],[-144.8377,-16.11176],[-144.83658,-16.11024]]],[[[-144.84136,-16.10793],[-144.84312,-16.10722],[-144.84294,-16.10913],[-144.84136,-16.10793]]],[[[-144.85234,-16.103],[-144.85439,-16.10417],[-144.84889,-16.10561],[-144.85234,-16.103]]],[[[-144.87284,-16.09526],[-144.87586,-16.09573],[-144.8672,-16.09867],[-144.87284,-16.09526]]],[[[-144.87749,-16.09324],[-144.87903,-16.09372],[-144.87671,-16.09537],[-144.87564,-16.09399],[-144.87749,-16.09324]]],[[[-144.77638,-16.19923],[-144.77952,-16.19817],[-144.78109,-16.20287],[-144.77742,-16.20575],[-144.77638,-16.19923]]],[[[-144.78001,-16.19684],[-144.77809,-16.19446],[-144.7805,-16.19285],[-144.78001,-16.19684]]],[[[-144.77911,-16.18868],[-144.78152,-16.18936],[-144.78056,-16.19064],[-144.77911,-16.18868]]],[[[-144.77961,-16.18698],[-144.77989,-16.18539],[-144.78185,-16.18647],[-144.77961,-16.18698]]],[[[-144.78033,-16.18276],[-144.78293,-16.18247],[-144.78222,-16.18554],[-144.78033,-16.18276]]],[[[-144.78134,-16.17871],[-144.78362,-16.17878],[-144.78324,-16.1817],[-144.78134,-16.17871]]],[[[-144.78292,-16.17619],[-144.78414,-16.17545],[-144.78385,-16.1781],[-144.78292,-16.17619]]],[[[-144.78545,-16.16032],[-144.78843,-16.15983],[-144.78809,-16.16416],[-144.78565,-16.16343],[-144.78545,-16.16032]]],[[[-144.61975,-15.76121],[-144.61949,-15.7591],[-144.6255,-15.76115],[-144.62094,-15.76278],[-144.61975,-15.76121]]],[[[-144.642,-15.72102],[-144.64774,-15.72142],[-144.65334,-15.73361],[-144.65256,-15.74541],[-144.64704,-15.75402],[-144.63634,-15.76326],[-144.62858,-15.76254],[-144.63657,-15.76147],[-144.64439,-15.75558],[-144.65095,-15.74482],[-144.65046,-15.73444],[-144.64248,-15.72384],[-144.62786,-15.73098],[-144.61442,-15.74504],[-144.61209,-15.75257],[-144.61533,-15.75799],[-144.60966,-15.75568],[-144.61035,-15.74636],[-144.61934,-15.73579],[-144.62982,-15.7264],[-144.642,-15.72102]]],[[[-140.86761,-15.83735],[-140.86922,-15.83921],[-140.86762,-15.8406],[-140.86595,-15.8382],[-140.86761,-15.83735]]],[[[-140.88363,-15.83359],[-140.88627,-15.83452],[-140.88416,-15.83754],[-140.88363,-15.83359]]],[[[-140.88763,-15.82902],[-140.8886,-15.82799],[-140.88904,-15.83134],[-140.88763,-15.82902]]],[[[-140.90118,-15.82144],[-140.90201,-15.82673],[-140.89447,-15.83289],[-140.89188,-15.82999],[-140.89221,-15.825],[-140.8964,-15.8244],[-140.90118,-15.82144]]],[[[-140.89025,-15.82566],[-140.89201,-15.82511],[-140.89141,-15.82706],[-140.89025,-15.82566]]],[[[-140.85539,-15.81153],[-140.87789,-15.8179],[-140.89981,-15.82122],[-140.89635,-15.82436],[-140.8902,-15.82511],[-140.88921,-15.8262],[-140.88695,-15.82233],[-140.87659,-15.82163],[-140.86143,-15.81482],[-140.85416,-15.81487],[-140.85539,-15.81153]]],[[[-140.15662,-15.99641],[-140.15762,-15.99523],[-140.15924,-15.99713],[-140.15726,-15.99831],[-140.15662,-15.99641]]],[[[-140.86204,-15.83405],[-140.86527,-15.83501],[-140.86485,-15.83929],[-140.86052,-15.83884],[-140.86204,-15.83405]]],[[[-140.83972,-15.8024],[-140.84209,-15.8025],[-140.8452,-15.80338],[-140.85139,-15.80959],[-140.84794,-15.81181],[-140.84558,-15.8064],[-140.83915,-15.8042],[-140.83254,-15.81413],[-140.83408,-15.81479],[-140.83445,-15.82024],[-140.83757,-15.82494],[-140.83893,-15.8233],[-140.83768,-15.82071],[-140.84437,-15.82721],[-140.85767,-15.83372],[-140.85844,-15.8378],[-140.84511,-15.83286],[-140.84124,-15.83003],[-140.83476,-15.82168],[-140.8333,-15.81815],[-140.83227,-15.8139],[-140.83234,-15.81238],[-140.83175,-15.81116],[-140.83198,-15.80877],[-140.83286,-15.80636],[-140.83614,-15.80297],[-140.83757,-15.80237],[-140.83972,-15.8024]]],[[[-140.83587,-15.80226],[-140.83916,-15.80132],[-140.8421,-15.80248],[-140.84,-15.80232],[-140.83757,-15.80235],[-140.83612,-15.80296],[-140.8328,-15.80638],[-140.83196,-15.80876],[-140.83172,-15.81117],[-140.83231,-15.81238],[-140.83225,-15.8139],[-140.83328,-15.81816],[-140.83474,-15.82169],[-140.84122,-15.83005],[-140.83495,-15.82246],[-140.83207,-15.8161],[-140.83111,-15.81195],[-140.83195,-15.80616],[-140.83587,-15.80226]]],[[[-140.13964,-16.00124],[-140.14078,-16.00624],[-140.13716,-16.00637],[-140.13775,-16.00172],[-140.13964,-16.00124]]],[[[-140.13093,-16.00091],[-140.13511,-16.00291],[-140.13553,-16.00605],[-140.13122,-16.00373],[-140.12885,-16.00541],[-140.13093,-16.00091]]],[[[-140.12669,-16.00512],[-140.12497,-16.00463],[-140.12611,-16.00025],[-140.12669,-16.00512]]],[[[-140.12406,-16.0005],[-140.12587,-16.0002],[-140.12301,-16.00457],[-140.12406,-16.0005]]],[[[-140.11083,-15.99436],[-140.1199,-15.9977],[-140.11864,-16.00234],[-140.11002,-15.99694],[-140.11083,-15.99436]]],[[[-140.0995,-15.97868],[-140.10933,-15.99355],[-140.1073,-15.99425],[-140.09865,-15.98707],[-140.09519,-15.98083],[-140.0995,-15.97868]]],[[[-140.11865,-15.96435],[-140.14119,-15.96504],[-140.16476,-15.97371],[-140.17043,-15.98176],[-140.16755,-15.99607],[-140.16351,-15.99961],[-140.16245,-15.99701],[-140.16498,-15.99694],[-140.16214,-15.99401],[-140.15851,-15.99535],[-140.16407,-15.98574],[-140.16058,-15.97521],[-140.14149,-15.96769],[-140.12273,-15.96683],[-140.10593,-15.96978],[-140.10165,-15.972],[-140.09995,-15.97749],[-140.09386,-15.97774],[-140.09401,-15.97096],[-140.09628,-15.96834],[-140.11865,-15.96435]]],[[[-138.67509,-10.41903],[-138.67917,-10.41981],[-138.68033,-10.42291],[-138.68435,-10.42115],[-138.68894,-10.42709],[-138.68457,-10.43677],[-138.68516,-10.44173],[-138.6813,-10.44218],[-138.68146,-10.44498],[-138.67252,-10.45176],[-138.6719,-10.45933],[-138.66534,-10.4658],[-138.6739,-10.46796],[-138.67724,-10.4721],[-138.675,-10.47225],[-138.67648,-10.47937],[-138.6747,-10.48044],[-138.67689,-10.48136],[-138.67558,-10.48419],[-138.67737,-10.48545],[-138.67458,-10.48518],[-138.67624,-10.48706],[-138.67357,-10.48878],[-138.67437,-10.49169],[-138.67881,-10.49651],[-138.67855,-10.49894],[-138.68168,-10.49896],[-138.68176,-10.50145],[-138.69023,-10.50986],[-138.68688,-10.51174],[-138.69066,-10.51574],[-138.69153,-10.52119],[-138.6817,-10.53193],[-138.68228,-10.53503],[-138.67883,-10.53334],[-138.67175,-10.53763],[-138.67214,-10.54014],[-138.66466,-10.54083],[-138.65827,-10.55341],[-138.65486,-10.55274],[-138.65188,-10.54602],[-138.64573,-10.5462],[-138.64057,-10.54094],[-138.6364,-10.54118],[-138.63636,-10.53678],[-138.63227,-10.53587],[-138.62761,-10.52607],[-138.62218,-10.52239],[-138.62075,-10.51628],[-138.61923,-10.51637],[-138.6204,-10.51488],[-138.61571,-10.51082],[-138.61613,-10.50664],[-138.61319,-10.50346],[-138.61467,-10.50095],[-138.61102,-10.49555],[-138.61362,-10.49356],[-138.60926,-10.49031],[-138.61872,-10.48548],[-138.6171,-10.48358],[-138.61335,-10.48468],[-138.61052,-10.48191],[-138.61387,-10.47306],[-138.61384,-10.46817],[-138.61123,-10.46441],[-138.61831,-10.45547],[-138.61735,-10.45337],[-138.61994,-10.45506],[-138.6227,-10.45346],[-138.62201,-10.44618],[-138.62549,-10.44685],[-138.62566,-10.44396],[-138.6303,-10.44465],[-138.6303,-10.4417],[-138.63467,-10.44317],[-138.63384,-10.43902],[-138.64083,-10.44005],[-138.63851,-10.43505],[-138.64522,-10.43096],[-138.64928,-10.4333],[-138.64906,-10.42631],[-138.65283,-10.42667],[-138.65186,-10.42457],[-138.65553,-10.42382],[-138.65859,-10.42489],[-138.65656,-10.42186],[-138.66253,-10.42235],[-138.66329,-10.41931],[-138.67064,-10.42269],[-138.67509,-10.41903]]],[[[-138.41538,-10.36308],[-138.41248,-10.36074],[-138.41565,-10.35922],[-138.41703,-10.36184],[-138.41538,-10.36308]]],[[[-137.12553,-23.16789],[-137.13024,-23.17338],[-137.13098,-23.18269],[-137.12649,-23.17885],[-137.12553,-23.16789]]],[[[-137.14579,-23.17033],[-137.14963,-23.17289],[-137.1478,-23.1736],[-137.14579,-23.17033]]],[[[-137.14848,-23.16234],[-137.15048,-23.16191],[-137.15086,-23.16496],[-137.14734,-23.16442],[-137.14848,-23.16234]]],[[[-137.14697,-23.15974],[-137.15048,-23.15905],[-137.15066,-23.16139],[-137.14697,-23.15974]]],[[[-137.14905,-23.15705],[-137.15058,-23.15814],[-137.14704,-23.15906],[-137.14905,-23.15705]]],[[[-137.14565,-23.15398],[-137.14882,-23.15337],[-137.14945,-23.15504],[-137.14627,-23.15562],[-137.14565,-23.15398]]],[[[-137.11432,-23.14946],[-137.11589,-23.15256],[-137.11308,-23.1545],[-137.11196,-23.15045],[-137.11432,-23.14946]]],[[[-137.14597,-23.14948],[-137.14788,-23.15017],[-137.1454,-23.15166],[-137.14597,-23.14948]]],[[[-137.11184,-23.14763],[-137.11465,-23.14687],[-137.11466,-23.14851],[-137.11184,-23.14763]]],[[[-137.14153,-23.1441],[-137.14539,-23.14556],[-137.14558,-23.14803],[-137.14133,-23.14661],[-137.14153,-23.1441]]],[[[-137.11514,-23.13913],[-137.11817,-23.13874],[-137.11448,-23.14638],[-137.11216,-23.14664],[-137.11514,-23.13913]]],[[[-137.13188,-23.13785],[-137.13246,-23.13619],[-137.13537,-23.13786],[-137.14146,-23.1423],[-137.14062,-23.14359],[-137.13188,-23.13785]]],[[[-137.11841,-23.1353],[-137.12383,-23.131],[-137.13222,-23.13571],[-137.13073,-23.13803],[-137.12165,-23.13467],[-137.11827,-23.1384],[-137.11841,-23.1353]]],[[[-136.5226,-21.33199],[-136.52787,-21.32675],[-136.55515,-21.33365],[-136.55758,-21.33635],[-136.55903,-21.34609],[-136.55637,-21.35691],[-136.54726,-21.36189],[-136.54085,-21.3615],[-136.53539,-21.35849],[-136.52964,-21.35059],[-136.5226,-21.33199]],[[-136.52846,-21.3309],[-136.52495,-21.33461],[-136.53345,-21.35191],[-136.54079,-21.3571],[-136.55104,-21.3575],[-136.5554,-21.34307],[-136.55446,-21.33794],[-136.54803,-21.33469],[-136.52846,-21.3309]]],[[[-136.66026,-21.34002],[-136.66119,-21.33847],[-136.66447,-21.34159],[-136.6587,-21.34478],[-136.65802,-21.34172],[-136.66026,-21.34002]]],[[[-136.63926,-21.31975],[-136.64471,-21.3168],[-136.65249,-21.31615],[-136.6685,-21.3261],[-136.67022,-21.33049],[-136.66477,-21.34074],[-136.66174,-21.33816],[-136.66574,-21.33205],[-136.66505,-21.3284],[-136.65821,-21.32226],[-136.64929,-21.31939],[-136.64003,-21.32307],[-136.63692,-21.33473],[-136.64362,-21.34056],[-136.65413,-21.34302],[-136.65469,-21.34608],[-136.64346,-21.34523],[-136.63791,-21.34085],[-136.63432,-21.33244],[-136.63926,-21.31975]]],[[[-136.74272,-21.29415],[-136.7531,-21.29523],[-136.75877,-21.30079],[-136.7575,-21.30644],[-136.75351,-21.30975],[-136.75162,-21.30804],[-136.75422,-21.30376],[-136.75025,-21.29868],[-136.74332,-21.29688],[-136.73981,-21.30019],[-136.73733,-21.30585],[-136.73975,-21.31093],[-136.7467,-21.31141],[-136.74982,-21.30938],[-136.75228,-21.3115],[-136.74519,-21.31675],[-136.73747,-21.31475],[-136.73394,-21.30944],[-136.73684,-21.30055],[-136.74272,-21.29415]]],[[[-136.20283,-22.01875],[-136.20506,-22.01853],[-136.20583,-22.02164],[-136.20476,-22.02943],[-136.19913,-22.03439],[-136.19766,-22.03061],[-136.20233,-22.02656],[-136.20283,-22.01875]]],[[[-136.17538,-22.00275],[-136.17903,-22.00025],[-136.17612,-22.01022],[-136.18609,-22.03024],[-136.19198,-22.03306],[-136.19659,-22.03175],[-136.1971,-22.03522],[-136.18988,-22.037],[-136.1858,-22.03507],[-136.17424,-22.01095],[-136.17538,-22.00275]]],[[[-136.17602,-21.99578],[-136.17707,-21.99157],[-136.17988,-21.99007],[-136.18872,-21.99443],[-136.20031,-22.0056],[-136.20518,-22.01787],[-136.20244,-22.01846],[-136.19696,-22.00637],[-136.18715,-21.99687],[-136.17987,-21.99405],[-136.17889,-21.99987],[-136.17684,-22.00004],[-136.17602,-21.99578]]],[[[-135.63481,-21.51248],[-135.6371,-21.51331],[-135.63619,-21.5146],[-135.63481,-21.51248]]],[[[-135.63816,-21.50852],[-135.64016,-21.50878],[-135.6382,-21.51101],[-135.63639,-21.50945],[-135.63816,-21.50852]]],[[[-135.63816,-21.49903],[-135.64096,-21.49992],[-135.64009,-21.50797],[-135.63774,-21.5063],[-135.63816,-21.49903]]],[[[-136.37063,-21.48577],[-136.37931,-21.49389],[-136.37875,-21.49682],[-136.37161,-21.49319],[-136.36911,-21.48756],[-136.37063,-21.48577]]],[[[-135.63731,-21.48818],[-135.63989,-21.48846],[-135.63964,-21.49056],[-135.63666,-21.49049],[-135.63731,-21.48818]]],[[[-136.39041,-21.44695],[-136.4122,-21.45034],[-136.41903,-21.4543],[-136.42075,-21.45875],[-136.41859,-21.46012],[-136.41535,-21.45479],[-136.39867,-21.44991],[-136.3858,-21.45097],[-136.37889,-21.46102],[-136.37142,-21.48506],[-136.36886,-21.48565],[-136.37938,-21.45541],[-136.38435,-21.44932],[-136.39041,-21.44695]]],[[[-135.54369,-21.56292],[-135.54605,-21.56071],[-135.54728,-21.56485],[-135.55462,-21.56583],[-135.55557,-21.56795],[-135.54703,-21.5721],[-135.54369,-21.56292]]],[[[-135.59816,-21.56365],[-135.59636,-21.56428],[-135.59756,-21.56212],[-135.59816,-21.56365]]],[[[-135.61053,-21.56128],[-135.61349,-21.56314],[-135.6077,-21.56624],[-135.60414,-21.56557],[-135.60445,-21.56174],[-135.61053,-21.56128]]],[[[-135.60052,-21.56146],[-135.60176,-21.56334],[-135.59991,-21.56507],[-135.60052,-21.56146]]],[[[-135.59115,-21.56121],[-135.59444,-21.56097],[-135.59408,-21.56294],[-135.59115,-21.56121]]],[[[-135.58779,-21.55954],[-135.58932,-21.55925],[-135.5892,-21.56311],[-135.58779,-21.55954]]],[[[-135.61566,-21.56153],[-135.61292,-21.5608],[-135.61413,-21.55801],[-135.61673,-21.5599],[-135.61566,-21.56153]]],[[[-135.6211,-21.55189],[-135.6237,-21.55377],[-135.61869,-21.55909],[-135.61699,-21.55538],[-135.6211,-21.55189]]],[[[-135.62775,-21.5239],[-135.62745,-21.52201],[-135.63071,-21.52326],[-135.62796,-21.54639],[-135.62405,-21.55202],[-135.62241,-21.55111],[-135.62775,-21.5239]]],[[[-135.63283,-21.5166],[-135.63356,-21.51945],[-135.63022,-21.52149],[-135.62935,-21.51972],[-135.63283,-21.5166]]],[[[-135.56649,-21.48682],[-135.56851,-21.48653],[-135.56819,-21.48926],[-135.56616,-21.48912],[-135.56649,-21.48682]]],[[[-135.56162,-21.48865],[-135.56247,-21.48615],[-135.56563,-21.48675],[-135.56526,-21.48887],[-135.56162,-21.48865]]],[[[-135.60521,-21.48605],[-135.60856,-21.48612],[-135.60844,-21.48807],[-135.60343,-21.48821],[-135.60521,-21.48605]]],[[[-135.61754,-21.4857],[-135.61895,-21.48449],[-135.61978,-21.4863],[-135.61759,-21.48717],[-135.61754,-21.4857]]],[[[-135.58728,-21.48325],[-135.59488,-21.4836],[-135.59315,-21.48617],[-135.57121,-21.48895],[-135.5716,-21.48641],[-135.58728,-21.48325]]],[[[-135.62971,-21.47688],[-135.63569,-21.47578],[-135.64512,-21.48044],[-135.64002,-21.48779],[-135.63714,-21.48248],[-135.63131,-21.4797],[-135.62293,-21.48561],[-135.6223,-21.48347],[-135.62971,-21.47688]]],[[[-135.03279,-23.15978],[-135.03934,-23.16419],[-135.04062,-23.16856],[-135.0399,-23.17013],[-135.03811,-23.16875],[-135.03536,-23.1728],[-135.0315,-23.16596],[-135.03279,-23.15978]]],[[[-135.03291,-23.13001],[-135.03194,-23.13699],[-135.03581,-23.13975],[-135.04261,-23.1365],[-135.04182,-23.14021],[-135.04578,-23.13953],[-135.04136,-23.1428],[-135.04217,-23.14623],[-135.04544,-23.14861],[-135.05347,-23.14501],[-135.05646,-23.14762],[-135.05318,-23.1495],[-135.05387,-23.15172],[-135.05987,-23.15411],[-135.05916,-23.15773],[-135.0618,-23.15927],[-135.05379,-23.15663],[-135.04731,-23.15739],[-135.04533,-23.15536],[-135.03096,-23.15648],[-135.02689,-23.15232],[-135.02865,-23.14393],[-135.02499,-23.14017],[-135.02638,-23.1375],[-135.02444,-23.13411],[-135.02737,-23.13113],[-135.03291,-23.13001]]],[[[-135.53516,-21.55072],[-135.54025,-21.55443],[-135.53771,-21.55491],[-135.53516,-21.55072]]],[[[-135.51439,-21.53674],[-135.51427,-21.53457],[-135.53485,-21.55006],[-135.53347,-21.55118],[-135.51439,-21.53674]]],[[[-135.51111,-21.53332],[-135.51322,-21.53276],[-135.51344,-21.5359],[-135.51111,-21.53332]]],[[[-135.50301,-21.52789],[-135.50334,-21.5324],[-135.50165,-21.53141],[-135.50301,-21.52789]]],[[[-135.46343,-21.52894],[-135.46787,-21.52702],[-135.46932,-21.52968],[-135.46496,-21.53273],[-135.46082,-21.53252],[-135.46142,-21.52918],[-135.46343,-21.52894]]],[[[-135.4921,-21.52648],[-135.49334,-21.52974],[-135.48921,-21.52868],[-135.4921,-21.52648]]],[[[-135.48724,-21.52499],[-135.48856,-21.52437],[-135.48783,-21.52757],[-135.48724,-21.52499]]],[[[-135.49569,-21.48745],[-135.50413,-21.48369],[-135.50784,-21.4832],[-135.50889,-21.48508],[-135.49945,-21.48777],[-135.46774,-21.50897],[-135.45729,-21.52415],[-135.46085,-21.52865],[-135.45869,-21.53199],[-135.45564,-21.53084],[-135.45394,-21.52836],[-135.45551,-21.52331],[-135.46636,-21.50786],[-135.49569,-21.48745]]],[[[-135.52541,-21.47428],[-135.53009,-21.47626],[-135.5202,-21.4781],[-135.51429,-21.48403],[-135.50986,-21.48542],[-135.50997,-21.4831],[-135.51933,-21.47606],[-135.52541,-21.47428]]],[[[-134.49854,-23.33104],[-134.50063,-23.33094],[-134.49948,-23.33379],[-134.49854,-23.33104]]],[[[-134.49866,-23.32839],[-134.50153,-23.32855],[-134.50143,-23.33048],[-134.49866,-23.32839]]],[[[-134.95483,-23.23965],[-134.96267,-23.24055],[-134.9601,-23.24721],[-134.95466,-23.2448],[-134.95483,-23.23965]]],[[[-134.97327,-23.21574],[-134.97339,-23.21861],[-134.96748,-23.22228],[-134.97327,-23.21574]]],[[[-134.90219,-23.17928],[-134.90962,-23.18103],[-134.91857,-23.17933],[-134.9208,-23.18119],[-134.92145,-23.18685],[-134.91741,-23.1888],[-134.91526,-23.19313],[-134.91904,-23.19862],[-134.91096,-23.19567],[-134.90652,-23.1833],[-134.90219,-23.17928]]],[[[-134.91929,-23.1728],[-134.92183,-23.17395],[-134.92156,-23.17655],[-134.91929,-23.1728]]],[[[-134.85312,-23.1658],[-134.85174,-23.16685],[-134.85284,-23.16267],[-134.85312,-23.1658]]],[[[-134.89277,-23.12364],[-134.89406,-23.1222],[-134.89886,-23.12857],[-134.9078,-23.13037],[-134.91745,-23.13676],[-134.90918,-23.1395],[-134.89737,-23.12953],[-134.89044,-23.13001],[-134.89277,-23.12364]]],[[[-134.83742,-23.11665],[-134.83838,-23.11462],[-134.84208,-23.11462],[-134.83742,-23.11665]]],[[[-134.85687,-23.10771],[-134.86151,-23.10452],[-134.84942,-23.11316],[-134.85687,-23.10771]]],[[[-134.93558,-23.074],[-134.94069,-23.07848],[-134.945,-23.07785],[-134.94734,-23.08361],[-134.9515,-23.08547],[-134.95613,-23.09583],[-134.96171,-23.09671],[-134.97,-23.08937],[-134.97238,-23.10297],[-134.97722,-23.1031],[-134.98085,-23.09808],[-134.98455,-23.09844],[-134.97657,-23.11064],[-134.97675,-23.11718],[-134.98036,-23.12021],[-134.99755,-23.11807],[-135.00241,-23.10972],[-135.00642,-23.11297],[-135.01069,-23.11009],[-135.01322,-23.11242],[-135.01114,-23.11765],[-134.99987,-23.12298],[-134.99425,-23.13115],[-134.98419,-23.13507],[-134.96523,-23.13257],[-134.96182,-23.12815],[-134.96809,-23.1218],[-134.96861,-23.11379],[-134.94136,-23.09102],[-134.93298,-23.09089],[-134.93094,-23.08312],[-134.93542,-23.08067],[-134.93558,-23.074]]],[[[-134.86369,-23.10468],[-134.86206,-23.10415],[-134.86713,-23.10361],[-134.86369,-23.10468]]],[[[-134.88056,-23.08854],[-134.90179,-23.06668],[-134.88864,-23.08316],[-134.86858,-23.10181],[-134.88056,-23.08854]]],[[[-134.91708,-23.02042],[-134.91709,-23.01664],[-134.92007,-23.01513],[-134.92118,-23.01637],[-134.91708,-23.02042]]],[[[-134.9432,-23.00906],[-134.94105,-23.00917],[-134.94588,-23.00513],[-134.95021,-23.00516],[-134.9432,-23.00906]]],[[[-134.95539,-23.00522],[-134.95279,-23.00447],[-134.95672,-23.00341],[-134.95539,-23.00522]]],[[[-134.47657,-23.37018],[-134.4786,-23.37375],[-134.47335,-23.37206],[-134.47657,-23.37018]]],[[[-134.48164,-23.36984],[-134.48297,-23.36833],[-134.48596,-23.37018],[-134.48271,-23.37331],[-134.48164,-23.36984]]],[[[-134.4684,-23.36959],[-134.46934,-23.36799],[-134.47131,-23.36903],[-134.47016,-23.37073],[-134.4684,-23.36959]]],[[[-134.46489,-23.36751],[-134.46689,-23.36691],[-134.46792,-23.36951],[-134.46489,-23.36751]]],[[[-134.48468,-23.36656],[-134.48726,-23.36607],[-134.48674,-23.36823],[-134.48468,-23.36656]]],[[[-134.45737,-23.36013],[-134.46381,-23.36507],[-134.46283,-23.367],[-134.45863,-23.36417],[-134.45737,-23.36013]]],[[[-134.49138,-23.34721],[-134.49387,-23.34767],[-134.49304,-23.34892],[-134.49138,-23.34721]]],[[[-134.49289,-23.34448],[-134.49513,-23.3447],[-134.49419,-23.34625],[-134.49289,-23.34448]]],[[[-134.49489,-23.34069],[-134.49654,-23.34035],[-134.49507,-23.34422],[-134.49489,-23.34069]]],[[[-134.49062,-23.31783],[-134.50008,-23.31796],[-134.50187,-23.32718],[-134.49642,-23.32037],[-134.48636,-23.31867],[-134.48069,-23.32046],[-134.47957,-23.32525],[-134.46401,-23.34768],[-134.45622,-23.35199],[-134.45662,-23.3599],[-134.45248,-23.35148],[-134.4627,-23.3463],[-134.47801,-23.32459],[-134.47963,-23.3176],[-134.49062,-23.31783]]],[[[-143.04979,-20.69189],[-143.0568,-20.68992],[-143.04802,-20.69655],[-143.04616,-20.70789],[-143.04302,-20.71063],[-143.04349,-20.70127],[-143.04979,-20.69189]]],[[[-143.06542,-20.69542],[-143.06511,-20.69781],[-143.06236,-20.69679],[-143.06056,-20.69094],[-143.06485,-20.69283],[-143.06542,-20.69542]]],[[[-143.27632,-20.62029],[-143.27834,-20.61536],[-143.27875,-20.62109],[-143.28557,-20.62755],[-143.28143,-20.62666],[-143.27632,-20.62029]]],[[[-143.29166,-20.60742],[-143.29545,-20.60756],[-143.29611,-20.61047],[-143.29166,-20.60742]]],[[[-143.27788,-20.60297],[-143.28268,-20.60241],[-143.28527,-20.605],[-143.2778,-20.60547],[-143.27542,-20.61161],[-143.27512,-20.60545],[-143.27788,-20.60297]]],[[[-143.52605,-20.44897],[-143.5236,-20.44003],[-143.52872,-20.45179],[-143.53372,-20.45746],[-143.5284,-20.45652],[-143.52605,-20.44897]]],[[[-143.55162,-20.43763],[-143.55953,-20.43721],[-143.56247,-20.4407],[-143.55662,-20.44097],[-143.55162,-20.43763]]],[[[-143.52609,-20.42272],[-143.53691,-20.40997],[-143.53818,-20.41668],[-143.5337,-20.41794],[-143.51892,-20.4304],[-143.5223,-20.44002],[-143.51774,-20.4341],[-143.51748,-20.42922],[-143.52609,-20.42272]]],[[[-144.93711,-19.8743],[-144.93926,-19.87337],[-144.93316,-19.8922],[-144.93371,-19.90128],[-144.93814,-19.90539],[-144.94507,-19.90729],[-144.95131,-19.90364],[-144.95316,-19.91177],[-144.95066,-19.91377],[-144.9368,-19.9111],[-144.93169,-19.90445],[-144.93047,-19.8946],[-144.93711,-19.8743]]],[[[-144.9397,-19.87004],[-144.93771,-19.87016],[-144.93931,-19.86748],[-144.9397,-19.87004]]],[[[-144.99408,-19.86488],[-145.00042,-19.86465],[-145.00444,-19.87026],[-144.99467,-19.8711],[-144.99408,-19.86488]]],[[[-144.94096,-19.8629],[-144.94082,-19.86452],[-144.93896,-19.86347],[-144.94023,-19.86138],[-144.94096,-19.8629]]],[[[-144.94519,-19.84015],[-144.94828,-19.83859],[-144.9503,-19.84],[-144.9418,-19.84731],[-144.94042,-19.84456],[-144.94519,-19.84015]]],[[[-141.82296,-18.78737],[-141.82536,-18.78766],[-141.82472,-18.79145],[-141.82246,-18.79141],[-141.82296,-18.78737]]],[[[-141.82565,-18.78073],[-141.82769,-18.78197],[-141.82635,-18.78475],[-141.82565,-18.78073]]],[[[-141.76306,-18.74564],[-141.76677,-18.7454],[-141.7552,-18.75897],[-141.75309,-18.75518],[-141.75442,-18.7528],[-141.76306,-18.74564]]],[[[-141.78441,-18.73366],[-141.7824,-18.73337],[-141.78633,-18.72813],[-141.78799,-18.7286],[-141.78441,-18.73366]]],[[[-141.86461,-18.7287],[-141.8676,-18.72965],[-141.86447,-18.73124],[-141.86461,-18.7287]]],[[[-141.86667,-18.72652],[-141.868,-18.72772],[-141.86588,-18.72788],[-141.86667,-18.72652]]],[[[-141.78856,-18.72519],[-141.79064,-18.7231],[-141.7891,-18.72743],[-141.78856,-18.72519]]],[[[-141.79437,-18.72071],[-141.7923,-18.72133],[-141.7942,-18.71934],[-141.79437,-18.72071]]],[[[-141.84842,-18.70584],[-141.85955,-18.70621],[-141.86488,-18.70875],[-141.86898,-18.71385],[-141.86871,-18.72464],[-141.86603,-18.72265],[-141.86489,-18.71181],[-141.86057,-18.70902],[-141.85347,-18.70737],[-141.83475,-18.70912],[-141.84842,-18.70584]]],[[[-141.80454,-18.71447],[-141.8075,-18.71349],[-141.80378,-18.71589],[-141.80454,-18.71447]]],[[[-141.82532,-18.70967],[-141.8295,-18.70901],[-141.8291,-18.711],[-141.82283,-18.7111],[-141.82532,-18.70967]]],[[[-141.52152,-17.36893],[-141.52351,-17.36578],[-141.52505,-17.36666],[-141.52912,-17.37148],[-141.52853,-17.37426],[-141.52558,-17.37448],[-141.52152,-17.36893]]],[[[-141.92169,-16.83983],[-141.92191,-16.83787],[-141.92362,-16.84088],[-141.92169,-16.83983]]],[[[-141.91563,-16.83131],[-141.9196,-16.82581],[-141.92426,-16.82389],[-141.93396,-16.82836],[-141.93148,-16.8373],[-141.92561,-16.84123],[-141.92422,-16.83735],[-141.92741,-16.83242],[-141.92987,-16.83256],[-141.92924,-16.8287],[-141.92003,-16.82716],[-141.91177,-16.83951],[-141.91354,-16.84111],[-141.91585,-16.83518],[-141.91876,-16.83544],[-141.92024,-16.84223],[-141.91141,-16.84513],[-141.90916,-16.84418],[-141.90925,-16.84098],[-141.91563,-16.83131]]],[[[-141.24814,-19.21614],[-141.24902,-19.21744],[-141.24499,-19.22001],[-141.24814,-19.21614]]],[[[-141.25249,-19.21072],[-141.2544,-19.21154],[-141.24991,-19.21631],[-141.25249,-19.21072]]],[[[-141.24331,-19.18364],[-141.25163,-19.1791],[-141.25711,-19.18007],[-141.2611,-19.18654],[-141.26144,-19.19442],[-141.25977,-19.19468],[-141.25929,-19.18864],[-141.25534,-19.1827],[-141.2478,-19.18259],[-141.2319,-19.19836],[-141.22821,-19.20763],[-141.22994,-19.21724],[-141.22824,-19.21737],[-141.22584,-19.21414],[-141.22742,-19.2025],[-141.23272,-19.1939],[-141.24331,-19.18364]]],[[[-141.03322,-18.16979],[-141.03378,-18.16848],[-141.03479,-18.17106],[-141.03322,-18.16979]]],[[[-141.03922,-18.16807],[-141.04146,-18.16905],[-141.04087,-18.17113],[-141.0388,-18.17054],[-141.03922,-18.16807]]],[[[-141.03149,-18.17152],[-141.03199,-18.16822],[-141.03332,-18.17134],[-141.03149,-18.17152]]],[[[-141.04212,-18.16596],[-141.04771,-18.16889],[-141.04359,-18.17093],[-141.04212,-18.16596]]],[[[-141.04718,-18.16529],[-141.04528,-18.16318],[-141.04996,-18.16606],[-141.04718,-18.16529]]],[[[-141.04981,-18.16148],[-141.05203,-18.16097],[-141.05136,-18.16287],[-141.04981,-18.16148]]],[[[-141.05169,-18.15602],[-141.05107,-18.15374],[-141.05528,-18.15628],[-141.05355,-18.15837],[-141.05169,-18.15602]]],[[[-141.05462,-18.15115],[-141.05789,-18.15158],[-141.05691,-18.1538],[-141.05462,-18.15115]]],[[[-141.05625,-18.15009],[-141.05505,-18.14878],[-141.05793,-18.15113],[-141.05625,-18.15009]]],[[[-141.06121,-18.14386],[-141.05989,-18.14255],[-141.06283,-18.14322],[-141.06121,-18.14386]]],[[[-141.06645,-18.13787],[-141.06574,-18.13921],[-141.06311,-18.13668],[-141.06645,-18.13787]]],[[[-141.06785,-18.12007],[-141.07169,-18.11958],[-141.07064,-18.12133],[-141.06785,-18.12007]]],[[[-141.06852,-18.11625],[-141.07145,-18.11594],[-141.07161,-18.11813],[-141.06852,-18.11625]]],[[[-141.06416,-18.08599],[-141.06686,-18.08572],[-141.07049,-18.09695],[-141.07173,-18.11455],[-141.06881,-18.1142],[-141.06898,-18.09978],[-141.06416,-18.08599]]],[[[-141.05092,-18.07068],[-141.0566,-18.07112],[-141.06114,-18.07431],[-141.06637,-18.08476],[-141.06233,-18.08417],[-141.06382,-18.08227],[-141.05668,-18.07274],[-141.03119,-18.07827],[-141.02325,-18.07754],[-141.02276,-18.07903],[-141.01809,-18.07725],[-141.01938,-18.0751],[-141.03304,-18.07541],[-141.05092,-18.07068]]],[[[-141.50887,-17.39195],[-141.51256,-17.39084],[-141.51289,-17.39675],[-141.51116,-17.3973],[-141.50887,-17.39195]]],[[[-141.49902,-17.36066],[-141.50403,-17.35988],[-141.50461,-17.36234],[-141.49507,-17.36636],[-141.48773,-17.37912],[-141.49002,-17.38635],[-141.4857,-17.38811],[-141.48314,-17.38403],[-141.48556,-17.37831],[-141.49233,-17.36511],[-141.49902,-17.36066]]],[[[-141.50516,-17.36211],[-141.50939,-17.35979],[-141.51748,-17.36254],[-141.51486,-17.36478],[-141.50516,-17.36211]]],[[[-140.92147,-18.27104],[-140.92394,-18.27278],[-140.92041,-18.27581],[-140.91873,-18.27274],[-140.92101,-18.27349],[-140.92147,-18.27104]]],[[[-140.93112,-18.26245],[-140.93507,-18.26218],[-140.93001,-18.26815],[-140.92384,-18.27223],[-140.92311,-18.26923],[-140.92845,-18.26858],[-140.92822,-18.26512],[-140.93112,-18.26245]]],[[[-140.93412,-18.25828],[-140.93675,-18.2582],[-140.93646,-18.26014],[-140.93412,-18.25828]]],[[[-140.93649,-18.25628],[-140.93506,-18.25342],[-140.93852,-18.25479],[-140.93649,-18.25628]]],[[[-140.93883,-18.25264],[-140.93716,-18.24967],[-140.94072,-18.25132],[-140.93867,-18.2547],[-140.93675,-18.25345],[-140.93883,-18.25264]]],[[[-140.94081,-18.24503],[-140.94377,-18.24556],[-140.94155,-18.24997],[-140.93933,-18.24845],[-140.94081,-18.24503]]],[[[-140.94354,-18.24125],[-140.94605,-18.24297],[-140.94425,-18.24531],[-140.94354,-18.24125]]],[[[-140.95081,-18.23628],[-140.95369,-18.23796],[-140.95082,-18.23973],[-140.95081,-18.23628]]],[[[-140.95561,-18.23477],[-140.95748,-18.23591],[-140.95511,-18.23716],[-140.95561,-18.23477]]],[[[-140.96042,-18.23225],[-140.96203,-18.23411],[-140.96035,-18.23497],[-140.96042,-18.23225]]],[[[-140.97011,-18.23011],[-140.97182,-18.2313],[-140.97019,-18.23232],[-140.96863,-18.23069],[-140.97011,-18.23011]]],[[[-140.97774,-18.22426],[-140.97987,-18.2263],[-140.97837,-18.22702],[-140.97774,-18.22426]]],[[[-140.97984,-18.22184],[-140.98285,-18.2225],[-140.98165,-18.22393],[-140.97984,-18.22184]]],[[[-140.99091,-18.21283],[-140.99036,-18.21417],[-140.98932,-18.21197],[-140.99091,-18.21283]]],[[[-141.0025,-18.19398],[-141.0019,-18.19545],[-141.00048,-18.19362],[-141.0025,-18.19398]]],[[[-141.00437,-18.07089],[-141.01473,-18.073],[-141.0184,-18.07607],[-141.00375,-18.07294],[-141.00437,-18.07089]]],[[[-140.85132,-18.35747],[-140.85446,-18.359],[-140.85351,-18.36011],[-140.85191,-18.36047],[-140.85132,-18.35747]]],[[[-140.85455,-18.35659],[-140.85443,-18.35465],[-140.85712,-18.3566],[-140.85606,-18.35802],[-140.85455,-18.35659]]],[[[-140.85713,-18.35489],[-140.85644,-18.35221],[-140.85962,-18.35533],[-140.85713,-18.35489]]],[[[-140.85955,-18.35365],[-140.8584,-18.35103],[-140.86275,-18.35276],[-140.85955,-18.35365]]],[[[-140.87205,-18.33956],[-140.87435,-18.33955],[-140.87461,-18.34173],[-140.87205,-18.33956]]],[[[-140.87631,-18.33608],[-140.87864,-18.33716],[-140.87706,-18.33826],[-140.87631,-18.33608]]],[[[-140.88263,-18.33367],[-140.88121,-18.33511],[-140.87857,-18.33038],[-140.88263,-18.33367]]],[[[-140.89052,-18.32087],[-140.89368,-18.32149],[-140.8876,-18.32743],[-140.88674,-18.32442],[-140.89052,-18.32087]]],[[[-140.89635,-18.31817],[-140.89538,-18.31981],[-140.89325,-18.31665],[-140.89635,-18.31817]]],[[[-140.89543,-18.31702],[-140.89408,-18.31431],[-140.89672,-18.31584],[-140.89543,-18.31702]]],[[[-140.89909,-18.3064],[-140.90425,-18.30628],[-140.8982,-18.31523],[-140.89606,-18.31252],[-140.8996,-18.30877],[-140.89909,-18.3064]]],[[[-140.90508,-18.30508],[-140.90058,-18.30423],[-140.90113,-18.30237],[-140.90508,-18.30508]]],[[[-140.9007,-18.30207],[-140.90528,-18.30169],[-140.90515,-18.30367],[-140.9007,-18.30207]]],[[[-140.90583,-18.29884],[-140.90325,-18.29697],[-140.90632,-18.29843],[-140.90564,-18.30109],[-140.90301,-18.30033],[-140.90307,-18.29831],[-140.90583,-18.29884]]],[[[-140.90454,-18.29555],[-140.90671,-18.29575],[-140.90648,-18.29759],[-140.90454,-18.29555]]],[[[-140.90816,-18.29243],[-140.9073,-18.2945],[-140.90459,-18.29319],[-140.90477,-18.29131],[-140.90816,-18.29243]]],[[[-140.90755,-18.2886],[-140.90776,-18.28722],[-140.91039,-18.28897],[-140.90895,-18.29179],[-140.90624,-18.29036],[-140.90755,-18.2886]]],[[[-140.91159,-18.28211],[-140.9138,-18.28254],[-140.91068,-18.28809],[-140.90937,-18.2846],[-140.91159,-18.28211]]],[[[-140.9187,-18.27583],[-140.91616,-18.27944],[-140.91452,-18.27619],[-140.9187,-18.27583]]],[[[-140.96215,-18.06232],[-140.96936,-18.06129],[-140.97586,-18.06281],[-140.97558,-18.06431],[-140.98233,-18.06411],[-140.9974,-18.06813],[-141.0001,-18.07107],[-140.99167,-18.06971],[-140.99065,-18.0672],[-140.98095,-18.06721],[-140.97965,-18.06501],[-140.96859,-18.06353],[-140.95985,-18.06507],[-140.9345,-18.08697],[-140.91347,-18.09747],[-140.90841,-18.10331],[-140.89986,-18.1244],[-140.88665,-18.14269],[-140.86335,-18.16542],[-140.8484,-18.17683],[-140.84039,-18.18649],[-140.82618,-18.19645],[-140.81743,-18.21067],[-140.82094,-18.22267],[-140.81819,-18.2235],[-140.81446,-18.21775],[-140.81468,-18.21107],[-140.82316,-18.19641],[-140.88395,-18.1425],[-140.897,-18.12383],[-140.90894,-18.09843],[-140.93394,-18.08428],[-140.95351,-18.06547],[-140.96215,-18.06232]]],[[[-140.85329,-17.91494],[-140.85592,-17.9163],[-140.8539,-17.91683],[-140.85329,-17.91494]]],[[[-140.85984,-17.91479],[-140.86207,-17.91429],[-140.86239,-17.916],[-140.85645,-17.91711],[-140.85984,-17.91479]]],[[[-140.8714,-17.88997],[-140.87607,-17.90033],[-140.874,-17.90349],[-140.87191,-17.90327],[-140.8714,-17.88997]]],[[[-140.86792,-17.8814],[-140.87089,-17.88348],[-140.87154,-17.88982],[-140.86792,-17.8814]]],[[[-140.86704,-17.87853],[-140.86879,-17.87938],[-140.86695,-17.88048],[-140.86704,-17.87853]]],[[[-140.86493,-17.87289],[-140.86762,-17.87687],[-140.86589,-17.87775],[-140.86493,-17.87289]]],[[[-140.86172,-17.86814],[-140.86364,-17.86824],[-140.86123,-17.86964],[-140.86172,-17.86814]]],[[[-140.85873,-17.85968],[-140.86102,-17.86212],[-140.85877,-17.86431],[-140.85691,-17.86045],[-140.85873,-17.85968]]],[[[-140.85657,-17.85735],[-140.85964,-17.85829],[-140.85707,-17.8596],[-140.85657,-17.85735]]],[[[-140.85056,-17.84153],[-140.85343,-17.84122],[-140.85581,-17.84436],[-140.85877,-17.85483],[-140.85423,-17.85391],[-140.85469,-17.84955],[-140.85056,-17.84153]]],[[[-140.82651,-18.3851],[-140.82931,-18.38587],[-140.82746,-18.38871],[-140.82651,-18.3851]]],[[[-140.82726,-18.38173],[-140.83053,-18.38299],[-140.8295,-18.38544],[-140.82726,-18.38173]]],[[[-140.82772,-18.37932],[-140.83196,-18.38066],[-140.83101,-18.38273],[-140.82772,-18.37932]]],[[[-140.83158,-18.37554],[-140.8351,-18.37708],[-140.83411,-18.37885],[-140.83158,-18.37554]]],[[[-140.83733,-18.37249],[-140.83641,-18.37098],[-140.83986,-18.37305],[-140.83715,-18.37467],[-140.83733,-18.37249]]],[[[-140.8435,-18.36667],[-140.84256,-18.36526],[-140.84552,-18.36686],[-140.84466,-18.36919],[-140.8435,-18.36667]]],[[[-140.84601,-18.3638],[-140.84848,-18.3645],[-140.8475,-18.36612],[-140.84601,-18.3638]]],[[[-140.84782,-18.36065],[-140.85138,-18.36236],[-140.84984,-18.36353],[-140.84782,-18.36065]]],[[[-140.82988,-18.27938],[-140.83054,-18.27727],[-140.83332,-18.2785],[-140.82931,-18.29206],[-140.8273,-18.29462],[-140.82495,-18.29414],[-140.82988,-18.27938]]],[[[-140.83117,-18.26646],[-140.83405,-18.2662],[-140.83424,-18.26828],[-140.83203,-18.27737],[-140.83045,-18.27654],[-140.83117,-18.26646]]],[[[-140.83182,-18.26557],[-140.83102,-18.26273],[-140.83314,-18.26153],[-140.83314,-18.26262],[-140.83408,-18.26419],[-140.83398,-18.2654],[-140.83182,-18.26557]]],[[[-140.82981,-18.259],[-140.83254,-18.2588],[-140.83344,-18.26154],[-140.83243,-18.26134],[-140.83113,-18.26205],[-140.83031,-18.26182],[-140.82981,-18.259]]],[[[-140.83051,-18.25229],[-140.83148,-18.25516],[-140.82922,-18.25579],[-140.8279,-18.25273],[-140.83051,-18.25229]]],[[[-140.82695,-18.24841],[-140.83018,-18.24869],[-140.83092,-18.25088],[-140.82818,-18.25231],[-140.82695,-18.24841]]],[[[-140.82694,-18.24473],[-140.82884,-18.24444],[-140.83001,-18.24833],[-140.82705,-18.2479],[-140.82694,-18.24473]]],[[[-140.82697,-18.24097],[-140.82844,-18.24215],[-140.8262,-18.24223],[-140.82697,-18.24097]]],[[[-140.82631,-18.2376],[-140.82773,-18.23915],[-140.8259,-18.23978],[-140.82631,-18.2376]]],[[[-140.82399,-18.2348],[-140.82566,-18.23215],[-140.82684,-18.23564],[-140.82399,-18.2348]]],[[[-140.84735,-17.91409],[-140.84991,-17.91541],[-140.84676,-17.91602],[-140.84735,-17.91409]]],[[[-140.8444,-17.91393],[-140.84601,-17.91512],[-140.84218,-17.91526],[-140.8444,-17.91393]]],[[[-140.84094,-17.91514],[-140.84032,-17.91342],[-140.84214,-17.91395],[-140.84094,-17.91514]]],[[[-140.8366,-17.91207],[-140.83879,-17.91198],[-140.83817,-17.91413],[-140.8366,-17.91207]]],[[[-140.83203,-17.91267],[-140.83567,-17.91199],[-140.83601,-17.91378],[-140.83203,-17.91267]]],[[[-140.84283,-17.8333],[-140.84058,-17.82996],[-140.84342,-17.82999],[-140.85097,-17.84018],[-140.84283,-17.8333]]],[[[-140.83703,-17.82696],[-140.83811,-17.82504],[-140.84076,-17.8283],[-140.83703,-17.82696]]],[[[-140.8215,-18.3962],[-140.80597,-18.40408],[-140.78705,-18.4093],[-140.78602,-18.40738],[-140.78594,-18.4059],[-140.78774,-18.40769],[-140.79609,-18.40328],[-140.80639,-18.4015],[-140.80824,-18.39839],[-140.81216,-18.39994],[-140.81141,-18.39611],[-140.8153,-18.39741],[-140.81801,-18.39309],[-140.8215,-18.3962]]],[[[-140.82179,-18.38829],[-140.82686,-18.38972],[-140.82291,-18.39567],[-140.82179,-18.38829]]],[[[-140.82369,-18.22926],[-140.82517,-18.23102],[-140.82333,-18.23237],[-140.8221,-18.22989],[-140.82369,-18.22926]]],[[[-140.8202,-18.22373],[-140.82373,-18.22816],[-140.82206,-18.22908],[-140.8202,-18.22373]]],[[[-140.82208,-17.9105],[-140.82439,-17.90958],[-140.82374,-17.91177],[-140.82208,-17.9105]]],[[[-140.81684,-17.90738],[-140.81812,-17.90628],[-140.81783,-17.90944],[-140.81684,-17.90738]]],[[[-140.8148,-17.90449],[-140.81702,-17.90612],[-140.81582,-17.9071],[-140.81327,-17.90611],[-140.8148,-17.90449]]],[[[-140.81011,-17.90084],[-140.81457,-17.9043],[-140.81218,-17.90515],[-140.80876,-17.90204],[-140.81011,-17.90084]]],[[[-140.79624,-17.88977],[-140.80022,-17.89168],[-140.79853,-17.89295],[-140.79624,-17.88977]]],[[[-140.81585,-17.79799],[-140.81686,-17.7965],[-140.8187,-17.79898],[-140.81725,-17.80049],[-140.81585,-17.79799]]],[[[-140.80719,-17.78419],[-140.81425,-17.78625],[-140.81713,-17.79592],[-140.81461,-17.79572],[-140.81175,-17.78821],[-140.80719,-17.78419]]],[[[-140.79939,-17.77668],[-140.80178,-17.77698],[-140.80023,-17.77828],[-140.79939,-17.77668]]],[[[-140.78943,-17.77119],[-140.79572,-17.77299],[-140.79472,-17.77429],[-140.78943,-17.77119]]],[[[-140.76557,-18.41422],[-140.76733,-18.41326],[-140.76735,-18.41568],[-140.76558,-18.41607],[-140.76557,-18.41422]]],[[[-140.76778,-18.41469],[-140.768,-18.41144],[-140.76959,-18.41449],[-140.76778,-18.41469]]],[[[-140.77294,-18.41207],[-140.77372,-18.41394],[-140.76986,-18.4134],[-140.77294,-18.41207]]],[[[-140.78367,-18.40739],[-140.78638,-18.40927],[-140.77583,-18.41278],[-140.77481,-18.41074],[-140.78367,-18.40739]]],[[[-140.82364,-18.29573],[-140.8247,-18.29431],[-140.82749,-18.29593],[-140.82155,-18.30189],[-140.82223,-18.3048],[-140.77948,-18.34664],[-140.72578,-18.37342],[-140.72212,-18.37569],[-140.71784,-18.38381],[-140.70475,-18.39357],[-140.68154,-18.40358],[-140.67368,-18.41512],[-140.67443,-18.42739],[-140.67051,-18.42876],[-140.67607,-18.42828],[-140.67814,-18.42609],[-140.67706,-18.4225],[-140.68324,-18.42662],[-140.68429,-18.42395],[-140.69008,-18.42291],[-140.69189,-18.42442],[-140.695,-18.42139],[-140.69656,-18.4253],[-140.67454,-18.42986],[-140.66373,-18.42889],[-140.66672,-18.41951],[-140.67969,-18.4018],[-140.70704,-18.38867],[-140.71635,-18.38113],[-140.72244,-18.37248],[-140.77646,-18.3452],[-140.80923,-18.31428],[-140.82364,-18.29573]]],[[[-140.76797,-17.86575],[-140.76976,-17.86488],[-140.77064,-17.86859],[-140.76878,-17.86909],[-140.76797,-17.86575]]],[[[-140.75683,-17.75759],[-140.77088,-17.76433],[-140.78291,-17.76724],[-140.78356,-17.76963],[-140.76189,-17.7621],[-140.75683,-17.75759]]],[[[-140.74629,-17.75003],[-140.74961,-17.75173],[-140.74859,-17.75322],[-140.74629,-17.75003]]],[[[-140.74025,-17.74495],[-140.74117,-17.74378],[-140.74432,-17.7468],[-140.74274,-17.74762],[-140.74025,-17.74495]]],[[[-140.71731,-19.12717],[-140.71929,-19.12885],[-140.717,-19.12883],[-140.71731,-19.12717]]],[[[-140.7619,-18.4155],[-140.76321,-18.41367],[-140.76451,-18.41585],[-140.73535,-18.42452],[-140.71661,-18.42607],[-140.69701,-18.42443],[-140.69876,-18.422],[-140.70625,-18.42427],[-140.70654,-18.42248],[-140.71461,-18.42443],[-140.7195,-18.42423],[-140.72005,-18.42225],[-140.72764,-18.42316],[-140.72861,-18.42154],[-140.73594,-18.42282],[-140.74039,-18.41999],[-140.7413,-18.42127],[-140.74298,-18.41858],[-140.74653,-18.41974],[-140.75847,-18.41624],[-140.75993,-18.41402],[-140.7619,-18.4155]]],[[[-140.73309,-17.73735],[-140.73506,-17.73834],[-140.73374,-17.73934],[-140.73309,-17.73735]]],[[[-140.7235,-17.73127],[-140.72588,-17.73091],[-140.72862,-17.73429],[-140.7235,-17.73127]]],[[[-140.70642,-17.71856],[-140.70916,-17.71847],[-140.71079,-17.72201],[-140.70642,-17.71856]]],[[[-140.40398,-19.65836],[-140.40546,-19.65758],[-140.40534,-19.65942],[-140.40398,-19.65836]]],[[[-140.41817,-19.65499],[-140.42225,-19.65401],[-140.41892,-19.65665],[-140.41817,-19.65499]]],[[[-140.42659,-19.64992],[-140.42797,-19.64845],[-140.42846,-19.65094],[-140.42659,-19.64992]]],[[[-140.4309,-19.64748],[-140.42899,-19.64802],[-140.43052,-19.64547],[-140.4309,-19.64748]]],[[[-140.43468,-19.64197],[-140.43202,-19.64211],[-140.4331,-19.64039],[-140.43468,-19.64197]]],[[[-140.43578,-19.63949],[-140.43322,-19.63885],[-140.43368,-19.63154],[-140.43694,-19.63329],[-140.43578,-19.63949]]],[[[-140.40432,-19.61248],[-140.4172,-19.60818],[-140.42101,-19.61006],[-140.41944,-19.61264],[-140.41589,-19.61049],[-140.40729,-19.61266],[-140.39653,-19.62127],[-140.38227,-19.63899],[-140.38366,-19.64572],[-140.38831,-19.65264],[-140.39956,-19.65661],[-140.40045,-19.65894],[-140.39696,-19.65961],[-140.39191,-19.65778],[-140.3845,-19.65076],[-140.38064,-19.63898],[-140.38396,-19.63242],[-140.40432,-19.61248]]],[[[-140.43227,-19.62801],[-140.43157,-19.62594],[-140.43392,-19.62962],[-140.43227,-19.62801]]],[[[-140.42235,-19.61265],[-140.42716,-19.6155],[-140.43038,-19.62111],[-140.42955,-19.62431],[-140.42235,-19.61265]]],[[[-140.70477,-19.11591],[-140.71879,-19.11714],[-140.71912,-19.12631],[-140.71685,-19.12569],[-140.71741,-19.12058],[-140.70947,-19.11706],[-140.66685,-19.12394],[-140.66274,-19.12665],[-140.66119,-19.13571],[-140.66627,-19.14661],[-140.67489,-19.15184],[-140.67078,-19.15138],[-140.66466,-19.14594],[-140.65937,-19.13517],[-140.66036,-19.12791],[-140.66387,-19.12368],[-140.70477,-19.11591]]],[[[-140.65017,-17.73611],[-140.65126,-17.73462],[-140.65222,-17.73781],[-140.64999,-17.73874],[-140.65017,-17.73611]]],[[[-140.64666,-17.7259],[-140.64948,-17.72452],[-140.65006,-17.73059],[-140.64744,-17.73117],[-140.64666,-17.7259]]],[[[-140.6816,-17.70529],[-140.69335,-17.70648],[-140.69669,-17.70921],[-140.69522,-17.7108],[-140.68591,-17.70721],[-140.66913,-17.70904],[-140.65555,-17.71635],[-140.65125,-17.72405],[-140.6464,-17.7244],[-140.64745,-17.71949],[-140.65611,-17.71222],[-140.66935,-17.70662],[-140.6816,-17.70529]]],[[[-140.70024,-17.71298],[-140.70119,-17.71193],[-140.70068,-17.71429],[-140.70024,-17.71298]]],[[[-140.69729,-17.70958],[-140.70014,-17.71192],[-140.69617,-17.71138],[-140.69729,-17.70958]]],[[[-142.3905,-18.03963],[-142.39613,-18.04083],[-142.39651,-18.04792],[-142.39164,-18.04881],[-142.3842,-18.04494],[-142.3905,-18.03963]]],[[[-142.39411,-18.03801],[-142.39543,-18.0396],[-142.39307,-18.03973],[-142.39411,-18.03801]]],[[[-142.37207,-18.00874],[-142.38397,-18.0095],[-142.38827,-18.01276],[-142.38918,-18.01697],[-142.38592,-18.01735],[-142.38535,-18.01427],[-142.37207,-18.00874]]],[[[-143.06179,-17.86838],[-143.06318,-17.85933],[-143.06508,-17.86337],[-143.06179,-17.86838]]],[[[-143.06463,-17.84899],[-143.06637,-17.8473],[-143.06514,-17.85087],[-143.06463,-17.84899]]],[[[-143.06903,-17.83388],[-143.07682,-17.83566],[-143.08512,-17.84199],[-143.08782,-17.84737],[-143.0789,-17.83979],[-143.07032,-17.83617],[-143.06605,-17.84264],[-143.06903,-17.83388]]],[[[-142.57679,-17.5722],[-142.57873,-17.5711],[-142.57994,-17.57347],[-142.57649,-17.57404],[-142.56925,-17.58232],[-142.55146,-17.59585],[-142.55008,-17.60627],[-142.54805,-17.60508],[-142.54708,-17.60811],[-142.54414,-17.60746],[-142.54552,-17.60021],[-142.55323,-17.59092],[-142.57679,-17.5722]]],[[[-142.63113,-17.53988],[-142.63459,-17.54119],[-142.62487,-17.54293],[-142.59435,-17.56007],[-142.5924,-17.55892],[-142.59054,-17.56045],[-142.59198,-17.56148],[-142.5814,-17.57095],[-142.58124,-17.56791],[-142.59518,-17.55508],[-142.63113,-17.53988]]],[[[-142.66647,-17.54348],[-142.65829,-17.54122],[-142.6608,-17.53979],[-142.6684,-17.54187],[-142.6716,-17.54721],[-142.67073,-17.55072],[-142.66647,-17.54348]]],[[[-142.64357,-17.53979],[-142.64742,-17.53976],[-142.64708,-17.54133],[-142.64357,-17.53979]]],[[[-142.56881,-17.30417],[-142.57783,-17.30263],[-142.56745,-17.30544],[-142.56124,-17.31129],[-142.56314,-17.30807],[-142.56881,-17.30417]]],[[[-142.22026,-18.13656],[-142.22228,-18.13666],[-142.22455,-18.14335],[-142.2316,-18.14685],[-142.22412,-18.14642],[-142.22026,-18.13656]]],[[[-142.35768,-18.07995],[-142.36283,-18.07357],[-142.36482,-18.08491],[-142.36092,-18.08629],[-142.35354,-18.0812],[-142.35768,-18.07995]]],[[[-142.3088,-18.01471],[-142.31045,-18.01547],[-142.3086,-18.01616],[-142.3088,-18.01471]]],[[[-142.35587,-18.00933],[-142.35669,-18.01098],[-142.35053,-18.01259],[-142.33584,-18.01308],[-142.33406,-18.01143],[-142.35587,-18.00933]]],[[[-142.32698,-18.00866],[-142.33308,-18.01024],[-142.33258,-18.0118],[-142.32213,-18.01203],[-142.32698,-18.00866]]],[[[-142.26212,-18.00612],[-142.264,-18.00515],[-142.27648,-18.01138],[-142.2712,-18.01096],[-142.26212,-18.00612]]],[[[-142.2578,-18.0039],[-142.25849,-18.00251],[-142.26142,-18.00446],[-142.2578,-18.0039]]],[[[-142.23277,-17.97636],[-142.23447,-17.97477],[-142.23878,-17.985],[-142.24589,-17.99405],[-142.25772,-18.00282],[-142.25001,-18.0003],[-142.24092,-17.99233],[-142.23277,-17.97636]]],[[[-142.22296,-17.96237],[-142.23198,-17.96583],[-142.23328,-17.96932],[-142.2305,-17.97038],[-142.22646,-17.96539],[-142.22222,-17.96429],[-142.22296,-17.96237]]],[[[-142.20108,-18.15568],[-142.20338,-18.15604],[-142.19968,-18.15634],[-142.20108,-18.15568]]],[[[-142.22099,-18.1327],[-142.22233,-18.13085],[-142.22201,-18.13514],[-142.22099,-18.1327]]],[[[-142.22243,-18.10549],[-142.2233,-18.10071],[-142.22425,-18.10703],[-142.22243,-18.10549]]],[[[-142.21251,-18.06947],[-142.22069,-18.08407],[-142.21957,-18.087],[-142.21251,-18.06947]]],[[[-142.20269,-17.95498],[-142.20852,-17.95544],[-142.21281,-17.95847],[-142.20028,-17.95963],[-142.19655,-17.96679],[-142.19499,-17.96562],[-142.19714,-17.95738],[-142.20269,-17.95498]]],[[[-142.21338,-17.95872],[-142.21625,-17.95877],[-142.21769,-17.96167],[-142.21338,-17.95872]]],[[[-142.18394,-18.29948],[-142.18198,-18.29609],[-142.18439,-18.29455],[-142.18394,-18.29948]]],[[[-142.18672,-18.03881],[-142.18912,-18.03887],[-142.19969,-18.05136],[-142.19872,-18.05395],[-142.18672,-18.03881]]],[[[-142.18716,-18.03555],[-142.18874,-18.03479],[-142.18691,-18.03764],[-142.18716,-18.03555]]],[[[-142.18822,-18.02277],[-142.18986,-18.02408],[-142.1886,-18.03441],[-142.18593,-18.03543],[-142.18822,-18.02277]]],[[[-142.1898,-18.01757],[-142.19031,-18.0159],[-142.19189,-18.01767],[-142.19025,-18.02314],[-142.1898,-18.01757]]],[[[-142.19109,-18.01016],[-142.19199,-18.00851],[-142.19224,-18.01611],[-142.19061,-18.01531],[-142.19109,-18.01016]]],[[[-142.19466,-18.00399],[-142.19637,-18.00416],[-142.19386,-18.00895],[-142.19204,-18.00623],[-142.19466,-18.00399]]],[[[-142.19755,-18.00074],[-142.19647,-18.00365],[-142.19457,-18.00268],[-142.19755,-18.00074]]],[[[-142.19604,-17.97086],[-142.20007,-17.9746],[-142.19919,-17.97988],[-142.19604,-17.97086]]],[[[-142.1714,-18.31618],[-142.17419,-18.31331],[-142.17576,-18.32012],[-142.1714,-18.31618]]],[[[-142.18023,-18.30901],[-142.18294,-18.31158],[-142.17845,-18.32033],[-142.17634,-18.31244],[-142.1796,-18.31358],[-142.18023,-18.30901]]],[[[-142.16916,-18.31337],[-142.16993,-18.3121],[-142.17066,-18.31367],[-142.16916,-18.31337]]],[[[-142.15509,-18.29028],[-142.15797,-18.291],[-142.16532,-18.30557],[-142.16197,-18.30335],[-142.15509,-18.29028]]],[[[-142.15373,-18.28771],[-142.15408,-18.28609],[-142.15561,-18.28787],[-142.15373,-18.28771]]],[[[-142.16115,-18.1804],[-142.16334,-18.18049],[-142.15385,-18.19264],[-142.13873,-18.22467],[-142.11434,-18.25471],[-142.11156,-18.26435],[-142.11446,-18.26689],[-142.11228,-18.26654],[-142.11277,-18.27087],[-142.11061,-18.27202],[-142.10894,-18.2659],[-142.11353,-18.25196],[-142.13845,-18.2214],[-142.15369,-18.189],[-142.16115,-18.1804]]],[[[-142.18353,-18.16498],[-142.18447,-18.16627],[-142.17891,-18.16986],[-142.17685,-18.1692],[-142.18353,-18.16498]]],[[[-139.0404,-9.81416],[-139.04175,-9.81558],[-139.03869,-9.816],[-139.0404,-9.81416]]],[[[-138.86166,-9.75909],[-138.86468,-9.75908],[-138.86607,-9.76404],[-138.86851,-9.76392],[-138.86891,-9.76035],[-138.87234,-9.7589],[-138.87484,-9.76329],[-138.88137,-9.76508],[-138.88557,-9.76119],[-138.88551,-9.75801],[-138.8813,-9.75322],[-138.8819,-9.74964],[-138.88699,-9.7481],[-138.88839,-9.74471],[-138.89122,-9.74506],[-138.89281,-9.73876],[-138.89526,-9.7375],[-138.89858,-9.73972],[-138.89927,-9.73708],[-138.90145,-9.73799],[-138.90436,-9.74482],[-138.90585,-9.73587],[-138.90799,-9.73946],[-138.90997,-9.73652],[-138.91453,-9.73946],[-138.9149,-9.73593],[-138.92027,-9.73737],[-138.92066,-9.73512],[-138.92193,-9.73945],[-138.92393,-9.73946],[-138.92509,-9.73292],[-138.92703,-9.73866],[-138.93117,-9.734],[-138.93169,-9.73735],[-138.93644,-9.73714],[-138.93802,-9.74109],[-138.94144,-9.73549],[-138.94457,-9.73921],[-138.9586,-9.74054],[-138.96217,-9.73812],[-138.96526,-9.72357],[-138.96441,-9.71577],[-138.96725,-9.71665],[-138.96945,-9.70773],[-138.97508,-9.7028],[-138.98088,-9.70354],[-138.98345,-9.69834],[-138.98943,-9.70053],[-138.99343,-9.69782],[-138.99134,-9.70191],[-138.99395,-9.70394],[-138.99947,-9.69966],[-139.00574,-9.69849],[-139.01083,-9.70741],[-139.01431,-9.70902],[-139.01354,-9.71803],[-139.01745,-9.71825],[-139.02145,-9.71123],[-139.02824,-9.71122],[-139.03816,-9.70641],[-139.03936,-9.70379],[-139.04057,-9.7076],[-139.042,-9.70677],[-139.04184,-9.71102],[-139.04514,-9.71019],[-139.04415,-9.71375],[-139.05115,-9.71353],[-139.05027,-9.71969],[-139.0573,-9.71671],[-139.06248,-9.72249],[-139.06055,-9.72661],[-139.06338,-9.72837],[-139.06791,-9.72556],[-139.07113,-9.72854],[-139.07028,-9.7323],[-139.07475,-9.73221],[-139.0741,-9.73504],[-139.07922,-9.73282],[-139.08246,-9.73371],[-139.08772,-9.74242],[-139.09203,-9.73905],[-139.09221,-9.74405],[-139.0979,-9.74422],[-139.09874,-9.74983],[-139.1051,-9.74437],[-139.12514,-9.74696],[-139.12757,-9.74856],[-139.128,-9.75245],[-139.13099,-9.75017],[-139.13633,-9.75441],[-139.13912,-9.76778],[-139.1414,-9.76777],[-139.14203,-9.7613],[-139.1458,-9.76266],[-139.14621,-9.75755],[-139.14799,-9.75681],[-139.16382,-9.77532],[-139.15734,-9.78374],[-139.15176,-9.8017],[-139.14764,-9.80332],[-139.13961,-9.81393],[-139.14084,-9.81784],[-139.13483,-9.82398],[-139.13563,-9.82626],[-139.12689,-9.82951],[-139.12557,-9.83365],[-139.12106,-9.83109],[-139.12005,-9.83562],[-139.11731,-9.83554],[-139.11845,-9.83793],[-139.11675,-9.83632],[-139.11445,-9.83992],[-139.11565,-9.84233],[-139.10921,-9.83915],[-139.10813,-9.84302],[-139.10608,-9.84054],[-139.10446,-9.84448],[-139.10196,-9.84364],[-139.10197,-9.84666],[-139.09683,-9.84875],[-139.09376,-9.84569],[-139.09052,-9.8495],[-139.08483,-9.84802],[-139.084,-9.851],[-139.0681,-9.85024],[-139.0645,-9.85552],[-139.06234,-9.85455],[-139.05629,-9.86005],[-139.05188,-9.86097],[-139.04572,-9.85757],[-139.04349,-9.85914],[-139.03597,-9.84862],[-139.05026,-9.84561],[-139.05998,-9.83888],[-139.06219,-9.83554],[-139.06096,-9.82719],[-139.05318,-9.81618],[-139.04215,-9.81123],[-139.0423,-9.80846],[-139.03918,-9.8056],[-139.03528,-9.80731],[-139.03101,-9.80125],[-139.02932,-9.80272],[-139.03186,-9.80961],[-139.02632,-9.80818],[-139.01728,-9.81085],[-139.01558,-9.80688],[-139.01457,-9.81018],[-139.00844,-9.81173],[-139.00399,-9.80532],[-139.00395,-9.80993],[-138.99224,-9.81269],[-138.99025,-9.81236],[-138.98867,-9.80651],[-138.98483,-9.80802],[-138.98343,-9.79997],[-138.97928,-9.80775],[-138.97365,-9.80238],[-138.95611,-9.80887],[-138.95685,-9.80506],[-138.95011,-9.80352],[-138.94878,-9.79643],[-138.94425,-9.80254],[-138.93905,-9.80279],[-138.93995,-9.80617],[-138.93487,-9.80499],[-138.93442,-9.80691],[-138.92507,-9.8077],[-138.92446,-9.80045],[-138.92278,-9.80029],[-138.92176,-9.80367],[-138.91564,-9.80598],[-138.91358,-9.80901],[-138.90888,-9.79827],[-138.9074,-9.80454],[-138.90568,-9.80531],[-138.90414,-9.80268],[-138.90038,-9.80737],[-138.89353,-9.80042],[-138.8888,-9.80127],[-138.8881,-9.7979],[-138.88313,-9.79948],[-138.87995,-9.79337],[-138.87177,-9.79423],[-138.8684,-9.7879],[-138.86514,-9.78856],[-138.86293,-9.78364],[-138.85436,-9.78291],[-138.85461,-9.78023],[-138.84944,-9.77665],[-138.83812,-9.77302],[-138.83111,-9.7679],[-138.82346,-9.77129],[-138.8198,-9.76951],[-138.81788,-9.77105],[-138.81492,-9.76949],[-138.81551,-9.76617],[-138.80672,-9.7651],[-138.80877,-9.76058],[-138.80617,-9.75487],[-138.80126,-9.75189],[-138.79827,-9.74421],[-138.80879,-9.74056],[-138.81149,-9.74523],[-138.81072,-9.74989],[-138.8151,-9.75391],[-138.8177,-9.75373],[-138.82668,-9.7624],[-138.83443,-9.76377],[-138.83847,-9.76836],[-138.84667,-9.77116],[-138.84862,-9.76683],[-138.845,-9.7625],[-138.84548,-9.75925],[-138.85197,-9.76277],[-138.85324,-9.76058],[-138.85888,-9.7627],[-138.86166,-9.75909]]],[[[-138.92418,-9.43319],[-138.93103,-9.43729],[-138.93592,-9.43694],[-138.93615,-9.43874],[-138.91976,-9.43875],[-138.92418,-9.43319]]],[[[-138.79846,-10.01887],[-138.8024,-10.01541],[-138.80455,-10.01604],[-138.80421,-10.01974],[-138.79782,-10.02423],[-138.80011,-10.01969],[-138.79846,-10.01887]]],[[[-138.8266,-9.95433],[-138.83024,-9.94832],[-138.83466,-9.95547],[-138.83853,-9.95433],[-138.83694,-9.96007],[-138.8414,-9.96976],[-138.83985,-9.97345],[-138.84222,-9.97609],[-138.84194,-9.98297],[-138.83621,-9.98961],[-138.83685,-9.99426],[-138.83392,-9.99578],[-138.83359,-9.99898],[-138.82823,-10.00486],[-138.82876,-10.00707],[-138.82631,-10.00611],[-138.82225,-10.01053],[-138.81849,-10.00996],[-138.81494,-10.01561],[-138.81007,-10.01688],[-138.8063,-10.01383],[-138.80908,-10.01087],[-138.81408,-9.99389],[-138.82091,-9.98775],[-138.82196,-9.97973],[-138.8251,-9.97637],[-138.82273,-9.96248],[-138.8266,-9.95433]]],[[[-150.98475,-16.82152],[-150.98067,-16.81741],[-150.9825,-16.80897],[-150.97637,-16.80655],[-150.97031,-16.80017],[-150.97616,-16.79314],[-150.96643,-16.79435],[-150.95865,-16.78772],[-150.9581,-16.78317],[-150.95745,-16.77615],[-150.9621,-16.76617],[-150.96942,-16.75923],[-150.96947,-16.75661],[-150.97422,-16.75773],[-150.97374,-16.7529],[-150.97635,-16.75167],[-150.99172,-16.76379],[-151.00576,-16.76661],[-151.01321,-16.77099],[-151.01264,-16.77274],[-151.01673,-16.77209],[-151.01973,-16.77798],[-151.02503,-16.77691],[-151.02751,-16.77862],[-151.02608,-16.78346],[-151.01844,-16.78013],[-151.01624,-16.78219],[-151.02346,-16.7877],[-151.01529,-16.79407],[-151.01056,-16.79234],[-151.01188,-16.78223],[-151.00917,-16.78012],[-151.0068,-16.78115],[-151.0014,-16.78922],[-151.01094,-16.79795],[-151.00092,-16.80718],[-151.00142,-16.80882],[-150.99151,-16.80946],[-150.98891,-16.81286],[-150.98872,-16.81887],[-150.98475,-16.82152]]],[[[-151.03467,-16.77574],[-151.0343,-16.77804],[-151.03123,-16.7776],[-151.03467,-16.77574]]],[[[-150.97595,-16.74465],[-150.98037,-16.73735],[-150.98145,-16.72948],[-150.98525,-16.72913],[-150.99131,-16.73231],[-150.99277,-16.7309],[-150.98405,-16.72435],[-150.9867,-16.72235],[-150.98599,-16.70142],[-150.98801,-16.6992],[-151.00253,-16.69654],[-151.01096,-16.70036],[-151.02064,-16.70142],[-151.02281,-16.70031],[-151.02395,-16.69481],[-151.02171,-16.69018],[-151.01435,-16.69091],[-151.01129,-16.68731],[-151.00827,-16.68715],[-151.00155,-16.68761],[-150.99779,-16.69359],[-150.98855,-16.69374],[-150.9851,-16.69777],[-150.98597,-16.71235],[-150.9807,-16.71133],[-150.98138,-16.71505],[-150.97914,-16.70925],[-150.98236,-16.69337],[-150.9974,-16.68306],[-151.03075,-16.68899],[-151.04077,-16.70406],[-151.03933,-16.71047],[-151.03356,-16.71551],[-151.03209,-16.72123],[-151.03663,-16.72183],[-151.03755,-16.72928],[-151.03063,-16.73857],[-151.03265,-16.73897],[-151.04113,-16.73201],[-151.04635,-16.74108],[-151.0441,-16.74891],[-151.04666,-16.75129],[-151.04712,-16.75811],[-151.04289,-16.76345],[-151.04498,-16.76622],[-151.04254,-16.77187],[-151.03637,-16.7737],[-151.0366,-16.76328],[-151.03426,-16.75996],[-151.02718,-16.75749],[-151.02789,-16.76078],[-151.02156,-16.7697],[-151.01021,-16.76837],[-151.01085,-16.75933],[-151.01643,-16.75301],[-151.01492,-16.75067],[-151.01065,-16.75456],[-151.00485,-16.75221],[-151.0043,-16.75046],[-151.0072,-16.74928],[-151.00621,-16.74703],[-151.00234,-16.7469],[-150.99471,-16.75193],[-150.99187,-16.74844],[-150.97595,-16.74465]]],[[[-150.97273,-16.81188],[-150.97547,-16.81413],[-150.97376,-16.82012],[-150.97206,-16.81809],[-150.97273,-16.81188]]],[[[-150.96384,-16.7537],[-150.96601,-16.75398],[-150.96508,-16.75634],[-150.95134,-16.76799],[-150.95158,-16.77554],[-150.94868,-16.77613],[-150.94582,-16.77305],[-150.94974,-16.76496],[-150.96384,-16.7537]]],[[[-150.97598,-16.72426],[-150.9783,-16.72497],[-150.9744,-16.73008],[-150.9749,-16.73269],[-150.97223,-16.73268],[-150.97343,-16.73715],[-150.97177,-16.73875],[-150.97446,-16.73869],[-150.97274,-16.74112],[-150.96971,-16.73875],[-150.96956,-16.73204],[-150.97598,-16.72426]]],[[[-150.98079,-16.71746],[-150.98148,-16.7219],[-150.97823,-16.72224],[-150.97744,-16.71998],[-150.98079,-16.71746]]],[[[-144.28052,-16.81107],[-144.29137,-16.81652],[-144.29484,-16.82615],[-144.29175,-16.82707],[-144.28846,-16.81659],[-144.28143,-16.81365],[-144.28052,-16.81107]]],[[[-144.26989,-16.81925],[-144.26845,-16.81834],[-144.27026,-16.81568],[-144.26989,-16.81925]]],[[[-144.27626,-16.81131],[-144.27821,-16.81144],[-144.27146,-16.81589],[-144.27626,-16.81131]]],[[[-144.24387,-16.66236],[-144.24595,-16.66133],[-144.24691,-16.66521],[-144.24293,-16.66373],[-144.24387,-16.66236]]],[[[-144.24458,-16.65683],[-144.24701,-16.65821],[-144.24657,-16.66072],[-144.24408,-16.66022],[-144.24458,-16.65683]]],[[[-144.2355,-16.62946],[-144.24505,-16.63031],[-144.24802,-16.63522],[-144.2355,-16.62946]]],[[[-144.28538,-16.42254],[-144.28804,-16.42036],[-144.28936,-16.42234],[-144.27521,-16.43805],[-144.27483,-16.4413],[-144.27053,-16.4419],[-144.25267,-16.46143],[-144.24764,-16.47218],[-144.24759,-16.47806],[-144.25153,-16.48388],[-144.24808,-16.48652],[-144.24498,-16.4749],[-144.24949,-16.46266],[-144.28538,-16.42254]]],[[[-144.28981,-16.41898],[-144.29162,-16.41937],[-144.28904,-16.42152],[-144.28981,-16.41898]]],[[[-144.29485,-16.41211],[-144.2965,-16.41021],[-144.29894,-16.41145],[-144.29241,-16.41872],[-144.28928,-16.41858],[-144.29485,-16.41211]]],[[[-144.31371,-16.39344],[-144.31756,-16.39221],[-144.30121,-16.40908],[-144.29948,-16.40756],[-144.31371,-16.39344]]],[[[-144.46393,-16.38383],[-144.46516,-16.38618],[-144.46264,-16.39533],[-144.46074,-16.39377],[-144.46393,-16.38383]]],[[[-144.34298,-16.37057],[-144.35059,-16.3674],[-144.35333,-16.36823],[-144.33241,-16.3776],[-144.32162,-16.39091],[-144.31925,-16.38974],[-144.33139,-16.3749],[-144.34298,-16.37057]]],[[[-144.40666,-16.33807],[-144.41506,-16.33827],[-144.41583,-16.3409],[-144.3995,-16.3417],[-144.39009,-16.3453],[-144.36359,-16.36129],[-144.35461,-16.369],[-144.35554,-16.36525],[-144.36507,-16.358],[-144.38803,-16.34375],[-144.40666,-16.33807]]],[[[-144.42163,-16.34126],[-144.42403,-16.34209],[-144.42321,-16.34415],[-144.42163,-16.34126]]],[[[-144.0716,-16.73392],[-144.07469,-16.73766],[-144.07074,-16.73648],[-144.0716,-16.73392]]],[[[-144.0832,-16.71173],[-144.08799,-16.70998],[-144.07917,-16.71679],[-144.07011,-16.7332],[-144.07432,-16.72007],[-144.0832,-16.71173]]],[[[-144.11443,-16.70828],[-144.11995,-16.70946],[-144.12624,-16.71419],[-144.12623,-16.72181],[-144.12202,-16.71407],[-144.11665,-16.70962],[-144.11385,-16.71029],[-144.11443,-16.70828]]],[[[-144.09969,-16.7077],[-144.102,-16.70938],[-144.0892,-16.70936],[-144.09969,-16.7077]]],[[[-144.21551,-16.67244],[-144.2163,-16.67453],[-144.21317,-16.67604],[-144.21551,-16.67244]]],[[[-144.1856,-16.66925],[-144.18511,-16.66745],[-144.18671,-16.66785],[-144.1856,-16.66925]]],[[[-144.21373,-16.62457],[-144.2174,-16.62433],[-144.21799,-16.6266],[-144.20854,-16.62797],[-144.19427,-16.63677],[-144.18846,-16.6454],[-144.18599,-16.65712],[-144.18376,-16.6568],[-144.18634,-16.64582],[-144.1923,-16.63609],[-144.20266,-16.62793],[-144.21373,-16.62457]]],[[[-144.23115,-16.62849],[-144.23333,-16.62825],[-144.23369,-16.63043],[-144.2307,-16.63021],[-144.23115,-16.62849]]],[[[-144.22867,-16.62786],[-144.23095,-16.62914],[-144.2282,-16.62951],[-144.22867,-16.62786]]],[[[-144.21901,-16.62715],[-144.22013,-16.62517],[-144.22343,-16.62733],[-144.21901,-16.62715]]],[[[-143.78709,-16.53768],[-143.79359,-16.53395],[-143.79543,-16.53519],[-143.79451,-16.53722],[-143.79215,-16.53564],[-143.79259,-16.53759],[-143.78701,-16.54117],[-143.78554,-16.53961],[-143.78709,-16.53768]]],[[[-143.79908,-16.53381],[-143.7976,-16.53218],[-143.79989,-16.53031],[-143.80123,-16.53303],[-143.79908,-16.53381]]],[[[-143.80468,-16.53013],[-143.80298,-16.5311],[-143.80221,-16.52907],[-143.80468,-16.53013]]],[[[-143.81671,-16.50915],[-143.81894,-16.5082],[-143.81793,-16.51821],[-143.80497,-16.5294],[-143.80375,-16.52788],[-143.81403,-16.51705],[-143.81671,-16.50915]]],[[[-143.81708,-16.50647],[-143.81782,-16.50389],[-143.81983,-16.50748],[-143.81708,-16.50647]]],[[[-143.81935,-16.50343],[-143.81777,-16.50331],[-143.81879,-16.50134],[-143.81935,-16.50343]]],[[[-143.82052,-16.50067],[-143.81897,-16.50084],[-143.81915,-16.49833],[-143.82099,-16.49805],[-143.82052,-16.50067]]],[[[-143.82177,-16.49032],[-143.82254,-16.488],[-143.82465,-16.48836],[-143.82236,-16.49526],[-143.82071,-16.49469],[-143.82177,-16.49032]]],[[[-143.82585,-16.4823],[-143.82907,-16.4806],[-143.82795,-16.48431],[-143.82603,-16.48379],[-143.82592,-16.48767],[-143.82339,-16.48649],[-143.82585,-16.4823]]],[[[-143.99022,-16.47298],[-143.9928,-16.47346],[-143.99781,-16.48151],[-143.9956,-16.48764],[-143.99022,-16.47298]]],[[[-143.82844,-16.47806],[-143.82981,-16.47505],[-143.83199,-16.47614],[-143.83084,-16.47903],[-143.82783,-16.47946],[-143.82844,-16.47806]]],[[[-143.83097,-16.47471],[-143.83267,-16.47135],[-143.83503,-16.47222],[-143.83097,-16.47471]]],[[[-143.83379,-16.47067],[-143.83473,-16.46814],[-143.83634,-16.47059],[-143.83379,-16.47067]]],[[[-143.98233,-16.46469],[-143.98753,-16.46808],[-143.98775,-16.47111],[-143.98233,-16.46469]]],[[[-143.84818,-16.45672],[-143.85676,-16.4523],[-143.85688,-16.45471],[-143.84521,-16.46093],[-143.83714,-16.46835],[-143.83588,-16.4665],[-143.83978,-16.46181],[-143.84818,-16.45672]]],[[[-143.86102,-16.45011],[-143.86434,-16.44953],[-143.86551,-16.45246],[-143.85767,-16.45454],[-143.85775,-16.45149],[-143.86102,-16.45011]]],[[[-143.96473,-16.45011],[-143.9703,-16.44831],[-143.97387,-16.45212],[-143.97117,-16.45317],[-143.96473,-16.45011]]],[[[-143.92124,-16.43878],[-143.93021,-16.43672],[-143.9317,-16.43928],[-143.88746,-16.44543],[-143.86648,-16.45172],[-143.86599,-16.4497],[-143.88653,-16.44301],[-143.92124,-16.43878]]],[[[-143.94958,-16.44054],[-143.94974,-16.43801],[-143.95591,-16.44035],[-143.95594,-16.44221],[-143.94958,-16.44054]]],[[[-143.93271,-16.43724],[-143.93709,-16.43941],[-143.9326,-16.43929],[-143.93271,-16.43724]]],[[[-143.94205,-16.43658],[-143.94651,-16.43729],[-143.94655,-16.43976],[-143.93918,-16.43886],[-143.94205,-16.43658]]],[[[-143.4559,-17.48258],[-143.4568,-17.48056],[-143.45838,-17.4817],[-143.4568,-17.48382],[-143.45811,-17.48749],[-143.4559,-17.48258]]],[[[-143.43574,-17.47579],[-143.44595,-17.47912],[-143.44183,-17.48065],[-143.43627,-17.47815],[-143.43574,-17.47579]]],[[[-143.46213,-17.47592],[-143.46182,-17.47174],[-143.46906,-17.47776],[-143.46676,-17.48068],[-143.45979,-17.47779],[-143.46213,-17.47592]]],[[[-143.4688,-17.46964],[-143.47085,-17.47015],[-143.46998,-17.47158],[-143.4688,-17.46964]]],[[[-143.45364,-17.44573],[-143.47694,-17.44554],[-143.48123,-17.44734],[-143.47927,-17.45311],[-143.4751,-17.45063],[-143.47024,-17.45172],[-143.46198,-17.44758],[-143.43931,-17.4518],[-143.424,-17.4587],[-143.42085,-17.4697],[-143.41772,-17.46903],[-143.4159,-17.46407],[-143.42275,-17.45705],[-143.44326,-17.44797],[-143.45364,-17.44573]]],[[[-143.32753,-16.92839],[-143.32834,-16.92962],[-143.32523,-16.92876],[-143.32753,-16.92839]]],[[[-143.22419,-16.92325],[-143.22186,-16.92414],[-143.22221,-16.9223],[-143.22419,-16.92325]]],[[[-143.39348,-16.64643],[-143.39569,-16.64494],[-143.39696,-16.64645],[-143.38189,-16.66354],[-143.38198,-16.66992],[-143.37907,-16.66692],[-143.39348,-16.64643]]],[[[-143.41521,-16.62716],[-143.41803,-16.62815],[-143.39733,-16.64611],[-143.39707,-16.64285],[-143.41521,-16.62716]]],[[[-143.41804,-16.62478],[-143.41967,-16.62573],[-143.41803,-16.62709],[-143.41804,-16.62478]]],[[[-143.57378,-16.62307],[-143.57266,-16.62517],[-143.56816,-16.62538],[-143.56596,-16.62227],[-143.56905,-16.62037],[-143.57378,-16.62307]]],[[[-143.50655,-16.61836],[-143.5106,-16.61858],[-143.51058,-16.62168],[-143.50378,-16.62113],[-143.50431,-16.61835],[-143.50655,-16.61836]]],[[[-143.54334,-16.61722],[-143.55486,-16.6172],[-143.56045,-16.62148],[-143.53575,-16.61984],[-143.53694,-16.61752],[-143.54334,-16.61722]]],[[[-143.52513,-16.61801],[-143.53091,-16.61796],[-143.53185,-16.62065],[-143.51255,-16.62173],[-143.51143,-16.61866],[-143.52513,-16.61801]]],[[[-143.5002,-16.61785],[-143.50285,-16.61806],[-143.50358,-16.62044],[-143.49874,-16.61962],[-143.5002,-16.61785]]],[[[-143.5327,-16.62014],[-143.53295,-16.61788],[-143.53571,-16.61801],[-143.5327,-16.62014]]],[[[-143.48188,-16.61151],[-143.48208,-16.60952],[-143.48491,-16.61069],[-143.49732,-16.61713],[-143.49808,-16.61991],[-143.48188,-16.61151]]],[[[-143.43704,-16.61164],[-143.43909,-16.61055],[-143.43996,-16.61252],[-143.43704,-16.61164]]],[[[-143.47426,-16.60817],[-143.47546,-16.60644],[-143.48103,-16.60906],[-143.48,-16.61078],[-143.47426,-16.60817]]],[[[-143.45112,-16.60899],[-143.45195,-16.60629],[-143.45302,-16.60897],[-143.45112,-16.60899]]],[[[-143.47114,-16.60729],[-143.47426,-16.60622],[-143.47345,-16.60866],[-143.47114,-16.60729]]],[[[-143.45305,-16.60687],[-143.45554,-16.60595],[-143.45626,-16.60847],[-143.45305,-16.60687]]],[[[-143.46887,-16.6068],[-143.4706,-16.60572],[-143.47076,-16.60777],[-143.46887,-16.6068]]],[[[-143.46002,-16.60563],[-143.4639,-16.60557],[-143.46376,-16.60838],[-143.45718,-16.60823],[-143.45692,-16.60624],[-143.46002,-16.60563]]],[[[-143.46534,-16.60531],[-143.46829,-16.60591],[-143.46764,-16.60867],[-143.46419,-16.60828],[-143.46534,-16.60531]]],[[[-143.57412,-16.62598],[-143.57395,-16.62304],[-143.58212,-16.62489],[-143.59614,-16.62277],[-143.63252,-16.60722],[-143.64182,-16.60117],[-143.65069,-16.58856],[-143.65979,-16.5816],[-143.68177,-16.5705],[-143.72338,-16.55497],[-143.72328,-16.55784],[-143.71257,-16.5629],[-143.68104,-16.57379],[-143.65792,-16.58511],[-143.64414,-16.60268],[-143.64243,-16.60152],[-143.64254,-16.60359],[-143.63314,-16.61016],[-143.62943,-16.60983],[-143.62663,-16.61252],[-143.62498,-16.61096],[-143.62235,-16.61496],[-143.61058,-16.61974],[-143.60901,-16.6183],[-143.60837,-16.62098],[-143.59348,-16.62638],[-143.57412,-16.62598]]],[[[-143.72391,-16.55695],[-143.72467,-16.55476],[-143.72951,-16.55531],[-143.72851,-16.55734],[-143.72391,-16.55695]]],[[[-143.74451,-16.5528],[-143.75242,-16.55022],[-143.75413,-16.55335],[-143.73003,-16.55709],[-143.73002,-16.55525],[-143.74451,-16.5528]]],[[[-143.75616,-16.55131],[-143.7544,-16.5519],[-143.75345,-16.5496],[-143.75674,-16.54851],[-143.75616,-16.55131]]],[[[-143.75759,-16.54981],[-143.75976,-16.54661],[-143.76001,-16.54937],[-143.75759,-16.54981]]],[[[-143.76276,-16.54487],[-143.7674,-16.5425],[-143.76568,-16.54672],[-143.7621,-16.54803],[-143.76276,-16.54487]]],[[[-143.22404,-16.30876],[-143.22223,-16.30829],[-143.22624,-16.29956],[-143.22404,-16.30876]]],[[[-143.22819,-16.28914],[-143.23132,-16.28748],[-143.23227,-16.28952],[-143.22869,-16.29737],[-143.2258,-16.28895],[-143.22819,-16.28914]]],[[[-143.22584,-16.28675],[-143.22792,-16.28352],[-143.2305,-16.28725],[-143.22845,-16.28851],[-143.22584,-16.28675]]],[[[-143.22469,-16.2846],[-143.22587,-16.28252],[-143.22659,-16.28415],[-143.22469,-16.2846]]],[[[-143.219,-16.28245],[-143.22012,-16.28064],[-143.22373,-16.28149],[-143.2224,-16.28345],[-143.219,-16.28245]]],[[[-143.06113,-17.12752],[-143.06525,-17.10713],[-143.06508,-17.096],[-143.06673,-17.09539],[-143.06744,-17.10969],[-143.06113,-17.12752]]],[[[-143.066,-17.09109],[-143.06577,-17.09366],[-143.06469,-17.08912],[-143.066,-17.09109]]],[[[-143.06613,-17.08453],[-143.06476,-17.08635],[-143.06456,-17.08389],[-143.06613,-17.08453]]],[[[-143.06572,-17.07815],[-143.06472,-17.07929],[-143.06587,-17.07139],[-143.06572,-17.07815]]],[[[-143.06708,-17.06976],[-143.06506,-17.07003],[-143.06696,-17.06176],[-143.06708,-17.06976]]],[[[-143.06724,-17.05442],[-143.0658,-17.05696],[-143.06557,-17.05417],[-143.06724,-17.05442]]],[[[-143.06546,-17.05264],[-143.06687,-17.05184],[-143.06689,-17.05371],[-143.06546,-17.05264]]],[[[-143.06573,-17.04024],[-143.06582,-17.04258],[-143.06424,-17.03963],[-143.06573,-17.04024]]],[[[-143.06111,-17.02539],[-143.06446,-17.03102],[-143.0648,-17.03928],[-143.06111,-17.02539]]],[[[-143.07157,-16.9837],[-143.0815,-16.98062],[-143.08222,-16.98321],[-143.06766,-16.98837],[-143.05992,-16.99363],[-143.06394,-16.98793],[-143.07157,-16.9837]]],[[[-143.09725,-16.97417],[-143.10755,-16.96856],[-143.10754,-16.97083],[-143.09738,-16.97741],[-143.08343,-16.98266],[-143.08246,-16.98108],[-143.09725,-16.97417]]],[[[-143.11942,-16.96161],[-143.12649,-16.9569],[-143.12805,-16.9581],[-143.11001,-16.96956],[-143.1081,-16.96829],[-143.11942,-16.96161]]],[[[-143.12723,-16.957],[-143.13311,-16.95347],[-143.1288,-16.95807],[-143.12723,-16.957]]],[[[-143.13742,-16.95015],[-143.13523,-16.95015],[-143.13747,-16.9477],[-143.13742,-16.95015]]],[[[-143.14049,-16.94656],[-143.13826,-16.94713],[-143.14068,-16.94494],[-143.14049,-16.94656]]],[[[-143.1847,-16.36207],[-143.18707,-16.3624],[-143.18562,-16.36545],[-143.1847,-16.36207]]],[[[-143.20647,-16.35005],[-143.20315,-16.34959],[-143.20577,-16.34457],[-143.20647,-16.35005]]],[[[-143.11375,-16.32531],[-143.11551,-16.32702],[-143.11213,-16.32608],[-143.11375,-16.32531]]],[[[-143.11899,-16.32357],[-143.12021,-16.32465],[-143.1176,-16.32611],[-143.117,-16.32424],[-143.11899,-16.32357]]],[[[-143.12434,-16.32148],[-143.12588,-16.32227],[-143.12212,-16.32427],[-143.12434,-16.32148]]],[[[-143.15065,-16.30139],[-143.15259,-16.3029],[-143.13021,-16.31992],[-143.12914,-16.31836],[-143.13363,-16.31374],[-143.15065,-16.30139]]],[[[-143.15215,-16.30114],[-143.15388,-16.29976],[-143.15425,-16.30215],[-143.15215,-16.30114]]],[[[-143.17285,-16.28605],[-143.1743,-16.28795],[-143.15961,-16.29846],[-143.15768,-16.2979],[-143.15545,-16.30166],[-143.1544,-16.29949],[-143.16375,-16.2911],[-143.17285,-16.28605]]],[[[-143.18006,-16.28014],[-143.18253,-16.28019],[-143.18254,-16.2822],[-143.17674,-16.28623],[-143.17468,-16.28456],[-143.18006,-16.28014]]],[[[-143.19704,-16.27801],[-143.19973,-16.28009],[-143.18264,-16.28134],[-143.18292,-16.27947],[-143.18855,-16.27797],[-143.19704,-16.27801]]],[[[-143.20379,-16.27972],[-143.20973,-16.27969],[-143.20877,-16.28146],[-143.20379,-16.27972]]],[[[-143.05715,-17.13321],[-143.06064,-17.12749],[-143.05606,-17.14194],[-143.05293,-17.14486],[-143.05406,-17.14694],[-143.03674,-17.16976],[-143.03414,-17.17988],[-143.03147,-17.1827],[-143.03386,-17.18745],[-143.03013,-17.19042],[-143.03018,-17.18275],[-143.03326,-17.17291],[-143.05715,-17.13321]]],[[[-143.05553,-17.00438],[-143.05435,-17.00576],[-143.05501,-17.00262],[-143.05553,-17.00438]]],[[[-142.86911,-16.74998],[-142.86939,-16.74735],[-142.87415,-16.74775],[-142.87758,-16.75339],[-142.87624,-16.75815],[-142.87397,-16.75779],[-142.87214,-16.75151],[-142.86911,-16.74998]]],[[[-142.81156,-16.73113],[-142.81297,-16.73208],[-142.81013,-16.73257],[-142.81156,-16.73113]]],[[[-142.87283,-16.6898],[-142.87476,-16.69216],[-142.87718,-16.71337],[-142.87476,-16.71689],[-142.87313,-16.71633],[-142.87177,-16.70473],[-142.87283,-16.6898]]],[[[-142.87139,-16.66738],[-142.87407,-16.66779],[-142.87156,-16.67784],[-142.87322,-16.68836],[-142.86928,-16.67829],[-142.87139,-16.66738]]],[[[-142.86158,-16.65028],[-142.87794,-16.65358],[-142.87983,-16.65864],[-142.87595,-16.66428],[-142.87357,-16.66383],[-142.87228,-16.65605],[-142.86299,-16.6527],[-142.86158,-16.65028]]],[[[-142.82953,-16.63476],[-142.8374,-16.6295],[-142.84292,-16.63005],[-142.84255,-16.63342],[-142.836,-16.63265],[-142.81481,-16.64667],[-142.81106,-16.65232],[-142.80993,-16.66608],[-142.80779,-16.66889],[-142.81064,-16.64795],[-142.82953,-16.63476]]],[[[-142.85709,-16.64914],[-142.85873,-16.64709],[-142.85992,-16.64816],[-142.8591,-16.65052],[-142.85709,-16.64914]]],[[[-142.8518,-16.64361],[-142.85398,-16.6424],[-142.85692,-16.64582],[-142.85586,-16.6481],[-142.8518,-16.64361]]],[[[-142.84947,-16.63631],[-142.85289,-16.63881],[-142.8519,-16.64302],[-142.8482,-16.63792],[-142.84947,-16.63631]]],[[[-142.84531,-16.63575],[-142.84737,-16.63295],[-142.84918,-16.63466],[-142.84741,-16.63716],[-142.84531,-16.63575]]],[[[-143.01072,-16.39305],[-143.01238,-16.39566],[-143.01017,-16.39526],[-143.01072,-16.39305]]],[[[-143.00768,-16.38834],[-143.00944,-16.38603],[-143.01091,-16.39087],[-143.00768,-16.38834]]],[[[-143.03322,-16.36508],[-143.03469,-16.36653],[-143.03328,-16.36794],[-143.03175,-16.3663],[-143.03322,-16.36508]]],[[[-143.05521,-16.34872],[-143.0582,-16.34983],[-143.05294,-16.35281],[-143.05217,-16.3503],[-143.05521,-16.34872]]],[[[-142.78653,-16.74],[-142.78681,-16.7383],[-142.78809,-16.74003],[-142.78653,-16.74]]],[[[-142.78475,-16.73368],[-142.78585,-16.73213],[-142.78678,-16.73369],[-142.78475,-16.73368]]],[[[-142.78312,-16.72706],[-142.78103,-16.72507],[-142.78634,-16.72918],[-142.78586,-16.73117],[-142.78312,-16.72706]]],[[[-142.8046,-16.67934],[-142.80609,-16.68078],[-142.7974,-16.69605],[-142.77884,-16.71729],[-142.77751,-16.72517],[-142.77981,-16.72834],[-142.77799,-16.7309],[-142.77932,-16.73387],[-142.77567,-16.7263],[-142.77686,-16.71597],[-142.79775,-16.69205],[-142.8046,-16.67934]]],[[[-142.80664,-16.67296],[-142.80871,-16.67207],[-142.80537,-16.67764],[-142.80664,-16.67296]]],[[[-142.45101,-16.23203],[-142.45344,-16.23239],[-142.45153,-16.23375],[-142.45101,-16.23203]]],[[[-142.51107,-16.1945],[-142.51347,-16.19369],[-142.5136,-16.19526],[-142.50919,-16.21897],[-142.50236,-16.2353],[-142.50038,-16.23323],[-142.50468,-16.22634],[-142.51107,-16.1945]]],[[[-142.51161,-16.19192],[-142.51265,-16.18865],[-142.51515,-16.18958],[-142.51349,-16.19253],[-142.51161,-16.19192]]],[[[-142.51578,-16.18259],[-142.51825,-16.18274],[-142.51655,-16.18658],[-142.51443,-16.18619],[-142.51578,-16.18259]]],[[[-142.51916,-16.17588],[-142.52197,-16.17684],[-142.52106,-16.17885],[-142.51813,-16.17825],[-142.51916,-16.17588]]],[[[-142.52116,-16.17237],[-142.52464,-16.17272],[-142.52253,-16.17596],[-142.52116,-16.17237]]],[[[-142.52353,-16.16919],[-142.5251,-16.17201],[-142.52262,-16.17066],[-142.52353,-16.16919]]],[[[-142.5259,-16.15367],[-142.53149,-16.15686],[-142.53238,-16.15968],[-142.52632,-16.17057],[-142.52417,-16.16867],[-142.52851,-16.1629],[-142.5259,-16.15367]]],[[[-142.52068,-16.1476],[-142.52344,-16.1487],[-142.52284,-16.15163],[-142.52068,-16.1476]]],[[[-142.51754,-16.14415],[-142.5204,-16.14566],[-142.5191,-16.14691],[-142.51754,-16.14415]]],[[[-142.50187,-16.10221],[-142.5044,-16.10209],[-142.50634,-16.10741],[-142.51422,-16.13991],[-142.50841,-16.12775],[-142.50187,-16.10221]]],[[[-142.49942,-16.09558],[-142.50084,-16.09474],[-142.50281,-16.09775],[-142.50168,-16.10164],[-142.49942,-16.09558]]],[[[-142.49602,-16.08474],[-142.49963,-16.08828],[-142.49845,-16.09345],[-142.49602,-16.08474]]],[[[-142.49405,-16.08097],[-142.49574,-16.07989],[-142.49588,-16.08327],[-142.49405,-16.08097]]],[[[-142.49154,-16.0741],[-142.49401,-16.07719],[-142.49243,-16.07791],[-142.49154,-16.0741]]],[[[-142.48906,-16.06979],[-142.49129,-16.07042],[-142.49177,-16.07347],[-142.49036,-16.07407],[-142.48906,-16.06979]]],[[[-142.48813,-16.06779],[-142.4899,-16.06764],[-142.48812,-16.06976],[-142.48813,-16.06779]]],[[[-142.4825,-16.06418],[-142.48574,-16.06331],[-142.48801,-16.0665],[-142.48645,-16.06841],[-142.4825,-16.06418]]],[[[-142.46947,-16.03437],[-142.47271,-16.0338],[-142.47758,-16.04135],[-142.47843,-16.05784],[-142.47677,-16.05887],[-142.47428,-16.05522],[-142.47511,-16.04461],[-142.46947,-16.03437]]],[[[-142.45725,-16.02301],[-142.45759,-16.02133],[-142.45977,-16.02418],[-142.45725,-16.02301]]],[[[-142.44576,-16.2216],[-142.44778,-16.22144],[-142.44627,-16.22296],[-142.44576,-16.2216]]],[[[-142.4412,-16.21068],[-142.44298,-16.21298],[-142.44088,-16.2138],[-142.4412,-16.21068]]],[[[-142.43444,-16.20154],[-142.43604,-16.20184],[-142.43521,-16.20389],[-142.43444,-16.20154]]],[[[-142.41392,-16.17169],[-142.4162,-16.17405],[-142.41411,-16.1761],[-142.41392,-16.17169]]],[[[-142.44599,-16.006],[-142.44797,-16.00585],[-142.44778,-16.00856],[-142.44599,-16.006]]],[[[-142.41144,-15.97762],[-142.41474,-15.97788],[-142.41896,-15.98222],[-142.41144,-15.97762]]],[[[-142.3982,-16.15338],[-142.40145,-16.15431],[-142.39875,-16.15611],[-142.3982,-16.15338]]],[[[-142.38955,-16.13841],[-142.39265,-16.14051],[-142.39124,-16.14179],[-142.38955,-16.13841]]],[[[-142.3757,-16.09768],[-142.37752,-16.09788],[-142.37698,-16.10683],[-142.37486,-16.10715],[-142.37258,-16.10329],[-142.3757,-16.09768]]],[[[-142.40147,-15.96476],[-142.40301,-15.96577],[-142.4012,-15.96665],[-142.40147,-15.96476]]],[[[-142.39657,-15.95866],[-142.39885,-15.95862],[-142.3983,-15.96036],[-142.39657,-15.95866]]],[[[-142.38967,-15.95407],[-142.39351,-15.95572],[-142.39222,-15.95706],[-142.38861,-15.95511],[-142.38967,-15.95407]]],[[[-142.37898,-15.94831],[-142.38084,-15.94794],[-142.38114,-15.95048],[-142.37898,-15.94831]]],[[[-142.36991,-15.94155],[-142.37432,-15.94273],[-142.37409,-15.9444],[-142.36991,-15.94155]]],[[[-142.31395,-15.95605],[-142.31539,-15.9569],[-142.31241,-15.95722],[-142.31395,-15.95605]]],[[[-142.31371,-15.95447],[-142.31249,-15.95604],[-142.31156,-15.95475],[-142.31371,-15.95447]]],[[[-142.31297,-15.9427],[-142.31598,-15.94298],[-142.31396,-15.94644],[-142.31297,-15.9427]]],[[[-142.31671,-15.93421],[-142.32063,-15.93352],[-142.32144,-15.93658],[-142.3149,-15.94218],[-142.31371,-15.93793],[-142.31671,-15.93421]]],[[[-142.35566,-15.93483],[-142.3585,-15.93469],[-142.35767,-15.93631],[-142.35566,-15.93483]]],[[[-142.32359,-15.93081],[-142.32279,-15.93482],[-142.32137,-15.93166],[-142.32359,-15.93081]]],[[[-142.34788,-15.93071],[-142.35046,-15.93009],[-142.35141,-15.93256],[-142.34788,-15.93071]]],[[[-142.32962,-15.92913],[-142.33143,-15.92791],[-142.33129,-15.93064],[-142.32962,-15.92913]]],[[[-142.31226,-15.95316],[-142.31415,-15.95397],[-142.31131,-15.95423],[-142.31226,-15.95316]]],[[[-142.31133,-15.94929],[-142.31421,-15.949],[-142.31393,-15.95074],[-142.31032,-15.9512],[-142.31133,-15.94929]]],[[[-142.26527,-15.84988],[-142.2675,-15.84753],[-142.26991,-15.85555],[-142.26763,-15.85971],[-142.26373,-15.86123],[-142.26309,-15.85774],[-142.26594,-15.85567],[-142.26527,-15.84988]]],[[[-142.26424,-15.84652],[-142.26671,-15.84656],[-142.26442,-15.84814],[-142.26424,-15.84652]]],[[[-142.25201,-15.82431],[-142.25384,-15.82548],[-142.25252,-15.82702],[-142.25201,-15.82431]]],[[[-142.22626,-15.80212],[-142.22762,-15.80561],[-142.2254,-15.80456],[-142.22626,-15.80212]]],[[[-142.22251,-15.80078],[-142.22511,-15.80186],[-142.22431,-15.8037],[-142.22138,-15.80213],[-142.22251,-15.80078]]],[[[-142.17851,-15.7931],[-142.18099,-15.79638],[-142.17835,-15.7956],[-142.17851,-15.7931]]],[[[-142.20982,-15.79138],[-142.21165,-15.79189],[-142.21028,-15.79409],[-142.20982,-15.79138]]],[[[-142.205,-15.78859],[-142.20635,-15.78777],[-142.20575,-15.79059],[-142.205,-15.78859]]],[[[-142.20014,-15.78468],[-142.20359,-15.78561],[-142.20169,-15.78754],[-142.20014,-15.78468]]],[[[-142.19007,-15.77712],[-142.19036,-15.77572],[-142.19186,-15.77711],[-142.19055,-15.77936],[-142.19007,-15.77712]]],[[[-142.17785,-15.76521],[-142.17954,-15.76472],[-142.18397,-15.77023],[-142.18268,-15.77313],[-142.17785,-15.76521]]],[[[-142.17477,-15.76045],[-142.17848,-15.76184],[-142.17731,-15.76468],[-142.17477,-15.76045]]],[[[-142.14433,-15.75467],[-142.14543,-15.75722],[-142.14333,-15.756],[-142.14433,-15.75467]]],[[[-142.17078,-15.75407],[-142.17318,-15.75376],[-142.17213,-15.75693],[-142.17078,-15.75407]]],[[[-142.16895,-15.74768],[-142.17157,-15.75108],[-142.16933,-15.75243],[-142.16682,-15.75051],[-142.16895,-15.74768]]],[[[-142.16662,-15.74556],[-142.16878,-15.747],[-142.16722,-15.74916],[-142.16662,-15.74556]]],[[[-142.135,-15.74555],[-142.13679,-15.74529],[-142.13604,-15.74735],[-142.135,-15.74555]]],[[[-142.16342,-15.74274],[-142.16545,-15.74259],[-142.16508,-15.74638],[-142.16342,-15.74274]]],[[[-142.15463,-15.73836],[-142.15745,-15.73907],[-142.15674,-15.74169],[-142.15396,-15.74119],[-142.15463,-15.73836]]],[[[-142.1284,-15.73086],[-142.13326,-15.73109],[-142.13617,-15.73381],[-142.13596,-15.74432],[-142.13349,-15.74559],[-142.12439,-15.73642],[-142.12394,-15.73244],[-142.1284,-15.73086]]],[[[-142.15002,-15.73733],[-142.15082,-15.7359],[-142.15257,-15.73738],[-142.15038,-15.73993],[-142.15002,-15.73733]]],[[[-142.13827,-15.73428],[-142.14067,-15.73653],[-142.13956,-15.73777],[-142.13827,-15.73428]]],[[[-142.13615,-15.73276],[-142.13774,-15.7324],[-142.13659,-15.73722],[-142.13615,-15.73276]]],[[[-146.39579,-14.56081],[-146.39781,-14.55734],[-146.40142,-14.55831],[-146.39879,-14.56517],[-146.39239,-14.56815],[-146.38175,-14.56181],[-146.38268,-14.5586],[-146.38888,-14.56365],[-146.39579,-14.56081]]],[[[-146.38134,-14.55799],[-146.37809,-14.55927],[-146.37727,-14.55585],[-146.38134,-14.55799]]],[[[-146.39541,-14.55285],[-146.39761,-14.55104],[-146.40086,-14.55403],[-146.39663,-14.55687],[-146.39541,-14.55285]]],[[[-146.39518,-14.54645],[-146.39779,-14.54884],[-146.3949,-14.55038],[-146.39518,-14.54645]]],[[[-146.36841,-14.54793],[-146.36587,-14.54925],[-146.35899,-14.54375],[-146.36126,-14.54281],[-146.36841,-14.54793]]],[[[-146.39347,-14.54586],[-146.39368,-14.54192],[-146.39539,-14.54433],[-146.39347,-14.54586]]],[[[-146.39136,-14.53964],[-146.39349,-14.5396],[-146.39308,-14.54201],[-146.39136,-14.53964]]],[[[-146.35398,-14.53676],[-146.3579,-14.54212],[-146.35261,-14.53999],[-146.35398,-14.53676]]],[[[-146.34239,-14.53484],[-146.34279,-14.53244],[-146.34537,-14.53378],[-146.34239,-14.53484]]],[[[-146.38622,-14.53013],[-146.38963,-14.53111],[-146.38708,-14.53252],[-146.38622,-14.53013]]],[[[-146.38421,-14.52459],[-146.38581,-14.52602],[-146.38443,-14.52677],[-146.38421,-14.52459]]],[[[-146.38078,-14.51969],[-146.37988,-14.51744],[-146.38209,-14.51772],[-146.38078,-14.51969]]],[[[-146.37864,-14.51723],[-146.37841,-14.51507],[-146.38006,-14.51546],[-146.37864,-14.51723]]],[[[-146.37259,-14.49281],[-146.37054,-14.48968],[-146.37351,-14.48987],[-146.37259,-14.49281]]],[[[-146.37059,-14.47815],[-146.37131,-14.48046],[-146.36923,-14.48063],[-146.37059,-14.47815]]],[[[-146.36869,-14.47501],[-146.37165,-14.47639],[-146.36882,-14.47813],[-146.36869,-14.47501]]],[[[-146.36553,-14.4655],[-146.36875,-14.46843],[-146.36831,-14.47144],[-146.36636,-14.47178],[-146.36317,-14.46767],[-146.36553,-14.4655]]],[[[-146.35724,-14.46066],[-146.36107,-14.4596],[-146.36294,-14.46383],[-146.35724,-14.46066]]],[[[-146.35392,-14.45496],[-146.35531,-14.4538],[-146.3577,-14.45653],[-146.35623,-14.45792],[-146.35392,-14.45496]]],[[[-146.34422,-14.4465],[-146.34941,-14.4491],[-146.34919,-14.45219],[-146.34269,-14.44782],[-146.34422,-14.4465]]],[[[-146.33655,-14.53093],[-146.33881,-14.53139],[-146.33716,-14.53354],[-146.33655,-14.53093]]],[[[-146.32707,-14.53124],[-146.32758,-14.52872],[-146.32998,-14.52977],[-146.32707,-14.53124]]],[[[-146.31856,-14.52599],[-146.32388,-14.5281],[-146.32313,-14.52938],[-146.31825,-14.52861],[-146.31856,-14.52599]]],[[[-146.30237,-14.52171],[-146.30347,-14.5205],[-146.3102,-14.52363],[-146.30237,-14.52171]]],[[[-146.29606,-14.52126],[-146.29618,-14.51971],[-146.3026,-14.52039],[-146.30145,-14.52284],[-146.29606,-14.52126]]],[[[-146.28967,-14.52031],[-146.29005,-14.51835],[-146.29564,-14.51954],[-146.29559,-14.52142],[-146.28967,-14.52031]]],[[[-146.27331,-14.51748],[-146.27735,-14.51946],[-146.28685,-14.51892],[-146.28421,-14.52143],[-146.2769,-14.52181],[-146.27308,-14.52011],[-146.27331,-14.51748]]],[[[-146.26641,-14.51631],[-146.26583,-14.51319],[-146.27069,-14.51563],[-146.26947,-14.51753],[-146.26641,-14.51631]]],[[[-146.25378,-14.50294],[-146.25593,-14.50551],[-146.25347,-14.50498],[-146.25378,-14.50294]]],[[[-146.25246,-14.50285],[-146.25022,-14.50174],[-146.25162,-14.50066],[-146.25246,-14.50285]]],[[[-146.24455,-14.49831],[-146.24445,-14.49595],[-146.24736,-14.49781],[-146.24455,-14.49831]]],[[[-146.22835,-14.47602],[-146.23535,-14.49153],[-146.22977,-14.48891],[-146.22618,-14.47724],[-146.22835,-14.47602]]],[[[-146.26032,-14.42676],[-146.26348,-14.42841],[-146.26273,-14.43059],[-146.24957,-14.42984],[-146.22361,-14.43945],[-146.22054,-14.44894],[-146.22417,-14.46191],[-146.22103,-14.46176],[-146.2179,-14.44575],[-146.22126,-14.43519],[-146.23935,-14.43105],[-146.25119,-14.42541],[-146.26032,-14.42676]]],[[[-146.33333,-14.4423],[-146.33928,-14.44206],[-146.3413,-14.44579],[-146.33294,-14.44381],[-146.33333,-14.4423]]],[[[-146.31962,-14.43823],[-146.32862,-14.43848],[-146.33314,-14.44159],[-146.33166,-14.44319],[-146.31962,-14.43823]]],[[[-146.31351,-14.43692],[-146.31489,-14.43479],[-146.31756,-14.43665],[-146.3165,-14.43838],[-146.31351,-14.43692]]],[[[-146.30086,-14.43252],[-146.31033,-14.43249],[-146.31354,-14.43621],[-146.30089,-14.43424],[-146.30086,-14.43252]]],[[[-146.28195,-14.43266],[-146.26341,-14.43098],[-146.26566,-14.42864],[-146.30047,-14.43171],[-146.30038,-14.43427],[-146.28195,-14.43266]]],[[[-146.22863,-14.47481],[-146.22609,-14.47409],[-146.22837,-14.47328],[-146.22863,-14.47481]]],[[[-146.22363,-14.46281],[-146.2261,-14.47054],[-146.22212,-14.46613],[-146.22363,-14.46281]]],[[[-146.02623,-14.46351],[-146.03747,-14.46568],[-146.03726,-14.46737],[-146.0299,-14.46651],[-146.02623,-14.46351]]],[[[-146.05577,-14.46075],[-146.06015,-14.45806],[-146.05684,-14.46322],[-146.05047,-14.4647],[-146.05577,-14.46075]]],[[[-145.98654,-14.45728],[-145.99103,-14.45696],[-145.99127,-14.45865],[-145.98911,-14.45991],[-145.98654,-14.45728]]],[[[-145.97985,-14.45686],[-145.98067,-14.45368],[-145.98637,-14.45678],[-145.98502,-14.45818],[-145.97985,-14.45686]]],[[[-145.9716,-14.44956],[-145.97167,-14.44797],[-145.97364,-14.4502],[-145.9716,-14.44956]]],[[[-146.06054,-14.43142],[-146.05309,-14.42396],[-146.05348,-14.42199],[-146.03427,-14.41454],[-146.03514,-14.4126],[-146.05335,-14.41823],[-146.07665,-14.44148],[-146.07615,-14.44898],[-146.06233,-14.45856],[-146.06287,-14.45274],[-146.06961,-14.45115],[-146.07108,-14.44614],[-146.06556,-14.43576],[-146.06054,-14.43142]]],[[[-146.02756,-14.40995],[-146.03329,-14.41183],[-146.03263,-14.41407],[-146.02674,-14.41178],[-146.02756,-14.40995]]],[[[-146.02447,-14.41095],[-146.02224,-14.41003],[-146.02437,-14.4085],[-146.02447,-14.41095]]],[[[-146.0182,-14.40725],[-146.02084,-14.40706],[-146.02068,-14.40895],[-146.0182,-14.40725]]],[[[-145.98625,-14.38814],[-145.99947,-14.38834],[-145.99944,-14.39209],[-146.00166,-14.3911],[-146.00226,-14.39417],[-145.98571,-14.38964],[-145.98625,-14.38814]]],[[[-145.96642,-14.372],[-145.97065,-14.37341],[-145.97117,-14.37796],[-145.96449,-14.37436],[-145.96642,-14.372]]],[[[-145.93412,-14.44228],[-145.9356,-14.4402],[-145.93906,-14.4419],[-145.93815,-14.44415],[-145.93412,-14.44228]]],[[[-145.91675,-14.43392],[-145.91649,-14.43236],[-145.92127,-14.43351],[-145.9199,-14.43503],[-145.91675,-14.43392]]],[[[-145.96126,-14.37273],[-145.96463,-14.37153],[-145.9639,-14.37395],[-145.96126,-14.37273]]],[[[-145.9569,-14.36879],[-145.96086,-14.36996],[-145.96063,-14.37221],[-145.95609,-14.37085],[-145.9569,-14.36879]]],[[[-145.94796,-14.36568],[-145.95148,-14.3663],[-145.95261,-14.36922],[-145.94331,-14.36817],[-145.94796,-14.36568]]],[[[-145.94131,-14.36752],[-145.93996,-14.36628],[-145.94244,-14.3657],[-145.9432,-14.36715],[-145.94131,-14.36752]]],[[[-145.9138,-14.34622],[-145.91536,-14.34383],[-145.9261,-14.34809],[-145.92442,-14.35099],[-145.9138,-14.34622]]],[[[-145.90288,-14.42558],[-145.90267,-14.41992],[-145.90907,-14.42649],[-145.9077,-14.42822],[-145.90288,-14.42558]]],[[[-145.88734,-14.41123],[-145.8922,-14.41146],[-145.88972,-14.41377],[-145.88734,-14.41123]]],[[[-145.88069,-14.40656],[-145.8822,-14.40562],[-145.88146,-14.40809],[-145.88069,-14.40656]]],[[[-145.87606,-14.40715],[-145.87184,-14.40433],[-145.87067,-14.39987],[-145.87849,-14.40525],[-145.87606,-14.40715]]],[[[-145.8658,-14.39388],[-145.86317,-14.39196],[-145.86447,-14.39031],[-145.8658,-14.39388]]],[[[-145.8571,-14.38713],[-145.85775,-14.38562],[-145.8602,-14.3868],[-145.8571,-14.38713]]],[[[-145.85426,-14.3848],[-145.85689,-14.38471],[-145.85564,-14.38632],[-145.85426,-14.3848]]],[[[-145.85162,-14.38369],[-145.85075,-14.38094],[-145.85324,-14.38258],[-145.85162,-14.38369]]],[[[-145.86149,-14.32918],[-145.86486,-14.33021],[-145.86515,-14.33337],[-145.86031,-14.33345],[-145.85298,-14.33995],[-145.84041,-14.36305],[-145.84185,-14.36975],[-145.84986,-14.37968],[-145.84961,-14.38203],[-145.83741,-14.36856],[-145.83699,-14.36282],[-145.85175,-14.33554],[-145.85621,-14.33066],[-145.86149,-14.32918]]],[[[-145.90213,-14.33736],[-145.90753,-14.33975],[-145.90794,-14.34185],[-145.90065,-14.33912],[-145.90213,-14.33736]]],[[[-145.88505,-14.3357],[-145.89744,-14.33559],[-145.90058,-14.33799],[-145.89992,-14.33967],[-145.88456,-14.33715],[-145.88505,-14.3357]]],[[[-145.86607,-14.33093],[-145.87842,-14.33065],[-145.88328,-14.33479],[-145.88252,-14.33612],[-145.8762,-14.33319],[-145.86616,-14.33305],[-145.86607,-14.33093]]],[[[-153.98138,-16.80538],[-153.99014,-16.80544],[-153.99156,-16.80712],[-153.98526,-16.8116],[-153.98138,-16.80538]]],[[[-153.9608,-16.77686],[-153.96103,-16.77404],[-153.96335,-16.77415],[-153.96393,-16.77654],[-153.9608,-16.77686]]],[[[-154.63154,-16.57888],[-154.63274,-16.57579],[-154.63609,-16.57788],[-154.63154,-16.57888]]],[[[-154.61988,-16.56399],[-154.62022,-16.56063],[-154.62393,-16.56581],[-154.62297,-16.56754],[-154.62117,-16.56779],[-154.61988,-16.56399]]],[[[-154.62209,-16.54949],[-154.62674,-16.55205],[-154.62363,-16.552],[-154.62072,-16.55933],[-154.61931,-16.55296],[-154.62209,-16.54949]]],[[[-154.62928,-16.54914],[-154.63202,-16.54957],[-154.63021,-16.55072],[-154.62928,-16.54914]]],[[[-154.63345,-16.54564],[-154.63684,-16.54629],[-154.63353,-16.54876],[-154.63163,-16.54698],[-154.63345,-16.54564]]],[[[-154.64889,-16.52365],[-154.65027,-16.5209],[-154.64545,-16.53487],[-154.64889,-16.52365]]],[[[-154.65402,-16.50085],[-154.658,-16.49992],[-154.64873,-16.50561],[-154.64788,-16.51316],[-154.64414,-16.51233],[-154.64331,-16.50814],[-154.65402,-16.50085]]],[[[-154.68232,-16.48626],[-154.68713,-16.48259],[-154.69009,-16.48468],[-154.6836,-16.48742],[-154.68232,-16.48626]]],[[[-154.5362,-15.81431],[-154.54341,-15.81861],[-154.53959,-15.82445],[-154.53395,-15.815],[-154.5362,-15.81431]]],[[[-154.52083,-15.79917],[-154.52702,-15.80006],[-154.52771,-15.80415],[-154.51947,-15.80253],[-154.51358,-15.80781],[-154.51426,-15.81041],[-154.51106,-15.81435],[-154.51856,-15.82545],[-154.5238,-15.82526],[-154.52383,-15.82977],[-154.52042,-15.83094],[-154.50999,-15.8197],[-154.50705,-15.81268],[-154.51507,-15.80036],[-154.52083,-15.79917]]],[[[-154.53185,-15.80907],[-154.5303,-15.80852],[-154.53155,-15.8062],[-154.53185,-15.80907]]],[[[-153.92373,-16.83769],[-153.92569,-16.83654],[-153.92496,-16.83991],[-153.92373,-16.83769]]],[[[-153.95124,-16.77157],[-153.95425,-16.77155],[-153.95582,-16.77456],[-153.95464,-16.77643],[-153.94811,-16.77555],[-153.94067,-16.78271],[-153.93976,-16.79612],[-153.92386,-16.82232],[-153.92391,-16.82844],[-153.92856,-16.83345],[-153.92134,-16.83515],[-153.91949,-16.82595],[-153.93847,-16.79333],[-153.93903,-16.7814],[-153.95124,-16.77157]]],[[[-152.25307,-16.43524],[-152.26053,-16.43575],[-152.26847,-16.44336],[-152.26958,-16.44789],[-152.27505,-16.44859],[-152.27397,-16.45284],[-152.26265,-16.45019],[-152.25862,-16.45399],[-152.25113,-16.45644],[-152.24711,-16.44463],[-152.24868,-16.43835],[-152.25307,-16.43524]]],[[[-152.28871,-16.42635],[-152.29581,-16.45341],[-152.29476,-16.45776],[-152.29003,-16.46036],[-152.28333,-16.45974],[-152.28008,-16.4515],[-152.28483,-16.44392],[-152.28397,-16.42844],[-152.27241,-16.42579],[-152.26852,-16.42721],[-152.26419,-16.42214],[-152.2659,-16.42001],[-152.28871,-16.42635]]],[[[-152.25868,-16.41733],[-152.26202,-16.41835],[-152.26024,-16.42423],[-152.25868,-16.41733]]],[[[-152.24687,-16.47568],[-152.24921,-16.47688],[-152.24822,-16.48268],[-152.24564,-16.48034],[-152.2479,-16.47753],[-152.24687,-16.47568]]],[[[-152.24271,-16.47057],[-152.24397,-16.46824],[-152.24365,-16.4816],[-152.23994,-16.47445],[-152.24271,-16.47057]]],[[[-152.25361,-16.41629],[-152.25647,-16.41661],[-152.2567,-16.42464],[-152.25346,-16.42189],[-152.24987,-16.42215],[-152.24473,-16.42614],[-152.24822,-16.42699],[-152.24398,-16.42689],[-152.23739,-16.43177],[-152.23538,-16.43727],[-152.23623,-16.44411],[-152.241,-16.44997],[-152.23933,-16.45136],[-152.23432,-16.44986],[-152.23208,-16.44305],[-152.23465,-16.42974],[-152.25361,-16.41629]]],[[[-150.63003,-17.63308],[-150.6344,-17.63399],[-150.64329,-17.64534],[-150.64589,-17.65611],[-150.64918,-17.65674],[-150.64794,-17.65939],[-150.65154,-17.66031],[-150.65219,-17.66407],[-150.65037,-17.66705],[-150.64207,-17.6642],[-150.63756,-17.66546],[-150.6347,-17.66909],[-150.63262,-17.66749],[-150.62886,-17.68015],[-150.62656,-17.68086],[-150.62206,-17.67926],[-150.61805,-17.67421],[-150.61177,-17.67304],[-150.60949,-17.6589],[-150.63003,-17.63308]]],[[[-149.7736,-17.47381],[-149.79314,-17.48011],[-149.80368,-17.48011],[-149.81574,-17.48371],[-149.81844,-17.49068],[-149.81679,-17.50153],[-149.81963,-17.50684],[-149.82399,-17.50596],[-149.82337,-17.49984],[-149.82788,-17.48585],[-149.84492,-17.4847],[-149.85094,-17.49181],[-149.85407,-17.50088],[-149.84966,-17.51183],[-149.85103,-17.518],[-149.8588,-17.50976],[-149.85829,-17.50616],[-149.86323,-17.49728],[-149.87091,-17.49177],[-149.87646,-17.49132],[-149.87756,-17.49395],[-149.88535,-17.49078],[-149.89092,-17.49245],[-149.89385,-17.48962],[-149.89744,-17.49196],[-149.90794,-17.49057],[-149.91003,-17.49325],[-149.9136,-17.49347],[-149.91574,-17.50087],[-149.91217,-17.52249],[-149.90417,-17.53241],[-149.90308,-17.53728],[-149.88178,-17.55087],[-149.87771,-17.55571],[-149.87415,-17.5563],[-149.87016,-17.56588],[-149.86031,-17.57673],[-149.85643,-17.57836],[-149.85439,-17.576],[-149.84975,-17.58643],[-149.84252,-17.58143],[-149.83923,-17.58805],[-149.84049,-17.58985],[-149.83747,-17.59213],[-149.80833,-17.59216],[-149.80483,-17.59033],[-149.80768,-17.587],[-149.79885,-17.58194],[-149.79574,-17.57086],[-149.79266,-17.57002],[-149.79406,-17.56717],[-149.7888,-17.55711],[-149.79022,-17.55062],[-149.78634,-17.55049],[-149.77468,-17.54282],[-149.77279,-17.53189],[-149.77687,-17.52408],[-149.78074,-17.52299],[-149.78113,-17.51986],[-149.77508,-17.51986],[-149.7714,-17.51725],[-149.76378,-17.5],[-149.7548,-17.49791],[-149.75298,-17.49548],[-149.75337,-17.4923],[-149.76238,-17.48744],[-149.76663,-17.47888],[-149.7736,-17.47381]]],[[[-149.9196,-17.48878],[-149.91916,-17.49185],[-149.9137,-17.49061],[-149.91706,-17.48734],[-149.9196,-17.48878]]],[[[-149.91469,-17.48686],[-149.91037,-17.4884],[-149.91158,-17.48597],[-149.91469,-17.48686]]],[[[-141.24598,-14.18767],[-141.246,-14.19332],[-141.23887,-14.19283],[-141.23875,-14.19023],[-141.24161,-14.19088],[-141.24598,-14.18767]]],[[[-141.24777,-14.19206],[-141.24752,-14.1877],[-141.25018,-14.19135],[-141.24777,-14.19206]]],[[[-141.26153,-14.1612],[-141.27004,-14.16264],[-141.27486,-14.1665],[-141.27047,-14.17642],[-141.26231,-14.18027],[-141.26216,-14.17603],[-141.26968,-14.17334],[-141.27131,-14.16878],[-141.26723,-14.1648],[-141.26041,-14.16322],[-141.26153,-14.1612]]],[[[-141.24478,-14.14802],[-141.24933,-14.14838],[-141.2505,-14.15232],[-141.24378,-14.15139],[-141.24478,-14.14802]]],[[[-141.42733,-14.09787],[-141.4321,-14.09227],[-141.43523,-14.09191],[-141.43503,-14.10231],[-141.42915,-14.108],[-141.42184,-14.11075],[-141.42073,-14.10706],[-141.42733,-14.09787]]],[[[-141.21453,-14.18656],[-141.21659,-14.18723],[-141.21593,-14.19262],[-141.20848,-14.19079],[-141.2101,-14.18694],[-141.21281,-14.18933],[-141.21467,-14.189],[-141.21453,-14.18656]]],[[[-141.22733,-14.15212],[-141.23855,-14.14867],[-141.24015,-14.15147],[-141.21456,-14.16025],[-141.20089,-14.17351],[-141.19774,-14.17315],[-141.1918,-14.18115],[-141.1867,-14.18166],[-141.18248,-14.18634],[-141.18682,-14.18949],[-141.19116,-14.18801],[-141.19127,-14.19125],[-141.18414,-14.19697],[-141.17816,-14.19588],[-141.17712,-14.18888],[-141.18208,-14.18184],[-141.19588,-14.17359],[-141.21311,-14.15717],[-141.22733,-14.15212]],[[-141.18469,-14.18877],[-141.17916,-14.18835],[-141.17997,-14.19445],[-141.18273,-14.19589],[-141.1871,-14.19364],[-141.18469,-14.18877]]],[[[-140.61778,-8.67379],[-140.62078,-8.67542],[-140.62064,-8.67906],[-140.61511,-8.67699],[-140.61778,-8.67379]]],[[[-140.6515,-7.95503],[-140.65471,-7.9559],[-140.65545,-7.96206],[-140.66128,-7.95777],[-140.66275,-7.96403],[-140.66768,-7.96857],[-140.67245,-7.96303],[-140.67395,-7.96769],[-140.68008,-7.96727],[-140.68681,-7.97128],[-140.68829,-7.96983],[-140.68945,-7.97373],[-140.6974,-7.97147],[-140.70106,-7.97551],[-140.70292,-7.97298],[-140.70475,-7.97905],[-140.70882,-7.9798],[-140.7059,-7.98535],[-140.71226,-7.985],[-140.70756,-7.99473],[-140.71203,-7.9957],[-140.71694,-7.9924],[-140.71998,-8.01291],[-140.72317,-8.01654],[-140.71994,-8.0189],[-140.7216,-8.03034],[-140.71774,-8.04012],[-140.71272,-8.04585],[-140.70651,-8.04714],[-140.70204,-8.0418],[-140.69721,-8.04742],[-140.6952,-8.04583],[-140.69398,-8.01933],[-140.68326,-7.99945],[-140.66352,-7.98862],[-140.64938,-7.98863],[-140.65311,-7.98329],[-140.64029,-7.97367],[-140.63731,-7.96815],[-140.63707,-7.962],[-140.64026,-7.96591],[-140.64223,-7.96609],[-140.64373,-7.96216],[-140.64844,-7.96352],[-140.64683,-7.95759],[-140.6515,-7.95503]]],[[[-140.56051,-7.89861],[-140.56693,-7.90922],[-140.57127,-7.91006],[-140.57163,-7.91284],[-140.57876,-7.91611],[-140.58246,-7.9223],[-140.59027,-7.9243],[-140.59675,-7.92958],[-140.5943,-7.93099],[-140.59147,-7.92962],[-140.58869,-7.93216],[-140.58125,-7.9308],[-140.55659,-7.91496],[-140.5571,-7.91134],[-140.5504,-7.90637],[-140.55119,-7.90357],[-140.55425,-7.90471],[-140.56051,-7.89861]]],[[[-140.3774,-7.86343],[-140.3743,-7.86985],[-140.37678,-7.85899],[-140.3774,-7.86343]]],[[[-140.10885,-8.93587],[-140.10997,-8.93815],[-140.10838,-8.93836],[-140.10885,-8.93587]]],[[[-140.06799,-8.91972],[-140.06546,-8.91844],[-140.06088,-8.92093],[-140.05805,-8.91863],[-140.05566,-8.92121],[-140.05746,-8.91744],[-140.05701,-8.91527],[-140.0549,-8.91581],[-140.05581,-8.91385],[-140.04986,-8.91408],[-140.0473,-8.91095],[-140.04214,-8.91232],[-140.0436,-8.9033],[-140.05343,-8.89553],[-140.05171,-8.88726],[-140.04343,-8.89257],[-140.04841,-8.88221],[-140.05362,-8.87747],[-140.05187,-8.87491],[-140.0368,-8.88488],[-140.0309,-8.89774],[-140.02598,-8.90238],[-140.02846,-8.88995],[-140.02541,-8.8895],[-140.01885,-8.90427],[-140.01352,-8.91083],[-140.01957,-8.9228],[-140.01762,-8.92805],[-140.01127,-8.92364],[-140.00948,-8.90339],[-140.01181,-8.89951],[-140.00972,-8.89159],[-140.0137,-8.88659],[-140.01146,-8.88475],[-140.01164,-8.88067],[-140.01588,-8.8743],[-140.0088,-8.87025],[-140.01611,-8.86713],[-140.01198,-8.86032],[-140.014,-8.85917],[-140.00611,-8.853],[-140.01487,-8.8508],[-140.01242,-8.84713],[-140.02286,-8.84765],[-140.02216,-8.84568],[-140.02717,-8.84458],[-140.03173,-8.84673],[-140.03575,-8.84328],[-140.03943,-8.84306],[-140.04005,-8.83798],[-140.04284,-8.83906],[-140.04761,-8.83288],[-140.0464,-8.82776],[-140.03889,-8.82657],[-140.03946,-8.82238],[-140.03554,-8.81669],[-140.02382,-8.8153],[-140.01755,-8.81178],[-140.01578,-8.80721],[-140.01057,-8.80533],[-140.00915,-8.80029],[-140.01468,-8.79328],[-140.01603,-8.79898],[-140.02648,-8.80551],[-140.02785,-8.7997],[-140.03228,-8.80083],[-140.03123,-8.79396],[-140.03347,-8.79259],[-140.04068,-8.81135],[-140.04548,-8.81658],[-140.05095,-8.81244],[-140.04738,-8.80126],[-140.04836,-8.79679],[-140.05001,-8.79751],[-140.05432,-8.81007],[-140.05361,-8.82692],[-140.06021,-8.82852],[-140.06566,-8.8263],[-140.06721,-8.82285],[-140.06629,-8.81933],[-140.06253,-8.81949],[-140.06205,-8.81732],[-140.06681,-8.81296],[-140.06617,-8.80371],[-140.06936,-8.80506],[-140.07209,-8.80201],[-140.07469,-8.80827],[-140.07689,-8.80531],[-140.08069,-8.80643],[-140.08374,-8.80401],[-140.0793,-8.80873],[-140.08138,-8.81689],[-140.07958,-8.82273],[-140.08147,-8.8275],[-140.08533,-8.82849],[-140.08948,-8.82387],[-140.09261,-8.81432],[-140.09382,-8.81696],[-140.09636,-8.81461],[-140.10152,-8.8147],[-140.10315,-8.81281],[-140.10015,-8.80944],[-140.10431,-8.80734],[-140.10714,-8.80972],[-140.11224,-8.8077],[-140.11275,-8.81427],[-140.11855,-8.81162],[-140.12157,-8.8151],[-140.12638,-8.81633],[-140.13084,-8.81386],[-140.12718,-8.80771],[-140.12769,-8.80332],[-140.13323,-8.80724],[-140.1368,-8.80282],[-140.13846,-8.80466],[-140.14117,-8.80164],[-140.14209,-8.8051],[-140.14742,-8.79974],[-140.14602,-8.80532],[-140.15068,-8.80286],[-140.1497,-8.8087],[-140.15121,-8.80976],[-140.15666,-8.80372],[-140.16137,-8.80715],[-140.15718,-8.79131],[-140.16146,-8.79214],[-140.16509,-8.78959],[-140.16832,-8.78154],[-140.17313,-8.78434],[-140.17588,-8.78092],[-140.18051,-8.78237],[-140.17643,-8.78808],[-140.17916,-8.79023],[-140.18725,-8.7838],[-140.18739,-8.78868],[-140.19305,-8.78995],[-140.19423,-8.79301],[-140.19665,-8.79063],[-140.19632,-8.78404],[-140.20064,-8.78214],[-140.20256,-8.78489],[-140.20911,-8.78385],[-140.21195,-8.78997],[-140.21839,-8.78692],[-140.23567,-8.79466],[-140.23898,-8.7944],[-140.24055,-8.79808],[-140.24402,-8.79646],[-140.24662,-8.79875],[-140.24997,-8.81629],[-140.24687,-8.82602],[-140.25154,-8.82557],[-140.25162,-8.83392],[-140.24871,-8.8462],[-140.24355,-8.85327],[-140.23861,-8.85436],[-140.24204,-8.85789],[-140.23849,-8.86063],[-140.23533,-8.85996],[-140.23423,-8.86234],[-140.23471,-8.86524],[-140.23795,-8.86626],[-140.23189,-8.86888],[-140.23617,-8.87218],[-140.22936,-8.88224],[-140.22902,-8.88885],[-140.23173,-8.89277],[-140.22734,-8.89438],[-140.22614,-8.90747],[-140.22174,-8.91464],[-140.22613,-8.91566],[-140.22452,-8.92321],[-140.22724,-8.9313],[-140.22617,-8.93321],[-140.22137,-8.92916],[-140.21723,-8.93271],[-140.21423,-8.93109],[-140.21404,-8.93515],[-140.20795,-8.93844],[-140.20315,-8.9456],[-140.19872,-8.94549],[-140.19978,-8.94884],[-140.19406,-8.95221],[-140.1942,-8.95473],[-140.1884,-8.96089],[-140.18773,-8.96563],[-140.18102,-8.95964],[-140.17861,-8.96146],[-140.17235,-8.95959],[-140.17078,-8.96085],[-140.17018,-8.95636],[-140.16437,-8.95775],[-140.16644,-8.95605],[-140.16563,-8.95357],[-140.1694,-8.95068],[-140.16942,-8.94236],[-140.16712,-8.94387],[-140.16255,-8.94161],[-140.16133,-8.94284],[-140.16417,-8.94752],[-140.1617,-8.94989],[-140.15727,-8.94091],[-140.15421,-8.94706],[-140.15051,-8.94934],[-140.14696,-8.94406],[-140.14087,-8.94218],[-140.12883,-8.94456],[-140.13024,-8.93943],[-140.12856,-8.93632],[-140.12444,-8.93416],[-140.12142,-8.93539],[-140.12145,-8.92907],[-140.11975,-8.93078],[-140.11629,-8.92567],[-140.11351,-8.9288],[-140.11434,-8.93485],[-140.1114,-8.93273],[-140.10962,-8.93526],[-140.10571,-8.92238],[-140.10869,-8.91582],[-140.10507,-8.91235],[-140.0953,-8.91389],[-140.09337,-8.9188],[-140.09553,-8.92199],[-140.09452,-8.92627],[-140.09714,-8.92888],[-140.09399,-8.93062],[-140.09228,-8.93624],[-140.08791,-8.93608],[-140.08177,-8.92754],[-140.08174,-8.92441],[-140.0748,-8.92764],[-140.07142,-8.92478],[-140.07332,-8.92016],[-140.06799,-8.91972]]],[[[-139.21337,-19.32816],[-139.21842,-19.32955],[-139.21995,-19.33361],[-139.21313,-19.33015],[-139.20708,-19.3311],[-139.20097,-19.33521],[-139.19746,-19.34178],[-139.20508,-19.36007],[-139.21087,-19.36479],[-139.21753,-19.36457],[-139.21795,-19.36735],[-139.21416,-19.36828],[-139.20428,-19.36253],[-139.19551,-19.34061],[-139.2032,-19.33147],[-139.21337,-19.32816]]],[[[-139.23191,-19.34006],[-139.23694,-19.33894],[-139.2602,-19.35393],[-139.25372,-19.3568],[-139.24937,-19.3563],[-139.2495,-19.35365],[-139.254,-19.35258],[-139.23191,-19.34006]]],[[[-138.85384,-18.77377],[-138.86067,-18.77863],[-138.8593,-18.78268],[-138.85399,-18.78166],[-138.85101,-18.77646],[-138.84774,-18.77606],[-138.85384,-18.77377]]],[[[-139.21012,-18.55392],[-139.2178,-18.55482],[-139.22069,-18.55856],[-139.21455,-18.56122],[-139.20368,-18.55912],[-139.20385,-18.55677],[-139.21012,-18.55392]]],[[[-138.67388,-19.38715],[-138.68191,-19.38892],[-138.68398,-19.39453],[-138.67888,-19.39496],[-138.67936,-19.39048],[-138.67342,-19.38956],[-138.67007,-19.40077],[-138.67489,-19.40017],[-138.67812,-19.39594],[-138.68179,-19.39833],[-138.67662,-19.40241],[-138.67071,-19.40289],[-138.6679,-19.39936],[-138.67052,-19.38983],[-138.67388,-19.38715]]],[[[-138.76651,-19.27363],[-138.78035,-19.27888],[-138.80542,-19.27582],[-138.80866,-19.28142],[-138.80645,-19.28352],[-138.78776,-19.2826],[-138.76617,-19.28575],[-138.763,-19.28279],[-138.76252,-19.27843],[-138.76355,-19.27474],[-138.76651,-19.27363]]],[[[-138.84008,-18.76904],[-138.84305,-18.76917],[-138.84256,-18.77192],[-138.84008,-18.76904]]],[[[-138.80473,-18.76102],[-138.82391,-18.76291],[-138.82905,-18.76597],[-138.81609,-18.76436],[-138.79602,-18.76543],[-138.79038,-18.76729],[-138.7876,-18.77171],[-138.79261,-18.776],[-138.78647,-18.77438],[-138.78499,-18.77033],[-138.78814,-18.76557],[-138.80473,-18.76102]]],[[[-149.56832,-17.52355],[-149.56779,-17.52215],[-149.58284,-17.53367],[-149.57833,-17.53337],[-149.58012,-17.53721],[-149.57651,-17.53938],[-149.57449,-17.53581],[-149.57854,-17.53225],[-149.56832,-17.52355]]],[[[-138.82505,-14.81967],[-138.82606,-14.81805],[-138.8269,-14.82437],[-138.82505,-14.81967]]],[[[-138.83264,-14.82173],[-138.83454,-14.8228],[-138.83256,-14.82328],[-138.83264,-14.82173]]],[[[-138.82914,-14.82005],[-138.82794,-14.8183],[-138.83095,-14.82159],[-138.82914,-14.82005]]],[[[-138.8403,-14.80944],[-138.84325,-14.80865],[-138.84236,-14.81045],[-138.84766,-14.81587],[-138.84094,-14.8212],[-138.83428,-14.8134],[-138.83081,-14.81542],[-138.82704,-14.81269],[-138.82925,-14.81005],[-138.83477,-14.81152],[-138.8403,-14.80944]]],[[[-138.83394,-14.81067],[-138.83194,-14.80955],[-138.83522,-14.80574],[-138.83394,-14.81067]]],[[[-138.8318,-14.80818],[-138.82963,-14.80603],[-138.83299,-14.80347],[-138.8318,-14.80818]]],[[[-138.80086,-14.8253],[-138.80068,-14.82352],[-138.80383,-14.82241],[-138.80086,-14.8253]]],[[[-138.81439,-14.82094],[-138.81757,-14.82088],[-138.81182,-14.82218],[-138.81439,-14.82094]]],[[[-138.81817,-14.79751],[-138.82811,-14.79898],[-138.83228,-14.80253],[-138.8282,-14.8063],[-138.82506,-14.80324],[-138.81738,-14.80719],[-138.81492,-14.80573],[-138.81696,-14.80807],[-138.81552,-14.81064],[-138.81329,-14.81073],[-138.80955,-14.81603],[-138.80706,-14.81401],[-138.80235,-14.81791],[-138.80384,-14.82124],[-138.79913,-14.82145],[-138.80122,-14.82713],[-138.79784,-14.82681],[-138.79841,-14.82951],[-138.80373,-14.83983],[-138.79534,-14.83822],[-138.79215,-14.83323],[-138.79383,-14.82306],[-138.81281,-14.8065],[-138.81817,-14.79751]]],[[[-147.68126,-23.90501],[-147.68286,-23.90306],[-147.68321,-23.90494],[-147.68126,-23.90501]]],[[[-147.68336,-23.90293],[-147.68827,-23.90093],[-147.68725,-23.90598],[-147.68345,-23.90494],[-147.68336,-23.90293]]],[[[-147.65433,-23.87582],[-147.64141,-23.86789],[-147.62122,-23.86126],[-147.61908,-23.85672],[-147.64384,-23.85181],[-147.65979,-23.85443],[-147.67094,-23.86069],[-147.67549,-23.86108],[-147.68185,-23.8577],[-147.68363,-23.85954],[-147.68018,-23.8623],[-147.68041,-23.86755],[-147.68284,-23.86954],[-147.68588,-23.86765],[-147.68771,-23.86994],[-147.69611,-23.87014],[-147.70065,-23.87783],[-147.68732,-23.8775],[-147.68094,-23.88252],[-147.67032,-23.88615],[-147.66619,-23.88525],[-147.66886,-23.88779],[-147.65457,-23.88369],[-147.66519,-23.88576],[-147.65433,-23.87582]]],[[[-147.65883,-23.90205],[-147.6612,-23.9013],[-147.66362,-23.90399],[-147.66033,-23.90493],[-147.65883,-23.90205]]],[[[-147.62127,-23.87482],[-147.62159,-23.88334],[-147.62701,-23.89016],[-147.61863,-23.88904],[-147.61532,-23.88522],[-147.62038,-23.87978],[-147.62127,-23.87482]]],[[[-147.59361,-23.86866],[-147.59525,-23.87336],[-147.60346,-23.87705],[-147.59535,-23.87485],[-147.59177,-23.87069],[-147.59361,-23.86866]]],[[[-147.59074,-23.86416],[-147.5926,-23.86807],[-147.59067,-23.86916],[-147.5885,-23.86603],[-147.59074,-23.86416]]],[[[-147.60048,-23.83314],[-147.61246,-23.83499],[-147.59221,-23.83631],[-147.58847,-23.83997],[-147.58801,-23.84464],[-147.58614,-23.84416],[-147.58788,-23.83681],[-147.60048,-23.83314]]],[[[-148.25839,-15.80759],[-148.26111,-15.80509],[-148.26574,-15.80526],[-148.27528,-15.81242],[-148.28252,-15.84821],[-148.27477,-15.85908],[-148.26439,-15.86696],[-148.25544,-15.87139],[-148.24732,-15.87263],[-148.23704,-15.86887],[-148.22527,-15.86003],[-148.21924,-15.84737],[-148.22676,-15.84041],[-148.23783,-15.83977],[-148.24718,-15.83296],[-148.25718,-15.81639],[-148.25839,-15.80759]]],[[[-148.25716,-15.09819],[-148.25527,-15.0973],[-148.25759,-15.09579],[-148.25716,-15.09819]]],[[[-148.28492,-15.04552],[-148.28673,-15.0461],[-148.28335,-15.04795],[-148.28492,-15.04552]]],[[[-148.28627,-15.03792],[-148.28795,-15.04206],[-148.28474,-15.04431],[-148.28314,-15.04343],[-148.28385,-15.03819],[-148.28627,-15.03792]]],[[[-148.2846,-15.03141],[-148.28638,-15.03192],[-148.28395,-15.03327],[-148.2846,-15.03141]]],[[[-148.28195,-15.02283],[-148.284,-15.02356],[-148.28236,-15.02469],[-148.28195,-15.02283]]],[[[-148.28039,-15.01322],[-148.28266,-15.01471],[-148.2807,-15.0173],[-148.28039,-15.01322]]],[[[-148.27626,-15.00791],[-148.27426,-15.0047],[-148.27736,-15.00258],[-148.27834,-15.0068],[-148.27626,-15.00791]]],[[[-148.27445,-14.99697],[-148.2769,-14.99606],[-148.27818,-15.00091],[-148.27327,-15.00309],[-148.27445,-14.99697]]],[[[-148.27283,-14.98772],[-148.27758,-14.98904],[-148.27574,-14.99482],[-148.27418,-14.99491],[-148.27283,-14.98772]]],[[[-148.27382,-14.98321],[-148.27428,-14.98484],[-148.27058,-14.98587],[-148.27382,-14.98321]]],[[[-148.26732,-14.97306],[-148.26994,-14.97332],[-148.27147,-14.97787],[-148.26729,-14.97886],[-148.26532,-14.97433],[-148.26732,-14.97306]]],[[[-148.26318,-14.97132],[-148.26179,-14.97026],[-148.26539,-14.96779],[-148.26318,-14.97132]]],[[[-148.25781,-14.96145],[-148.26019,-14.96123],[-148.25834,-14.96395],[-148.26156,-14.96207],[-148.26148,-14.9662],[-148.25912,-14.96705],[-148.25667,-14.96253],[-148.25781,-14.96145]]],[[[-148.25161,-14.9569],[-148.25334,-14.95462],[-148.25571,-14.95606],[-148.25286,-14.95828],[-148.2558,-14.95678],[-148.2561,-14.95816],[-148.25278,-14.96047],[-148.25161,-14.9569]]],[[[-148.24911,-14.95424],[-148.25194,-14.95319],[-148.25043,-14.95564],[-148.24911,-14.95424]]],[[[-148.24616,-14.94922],[-148.25076,-14.95102],[-148.24802,-14.95465],[-148.24458,-14.95185],[-148.24616,-14.94922]]],[[[-148.2416,-14.9499],[-148.24311,-14.94755],[-148.245,-14.94915],[-148.2416,-14.9499]]],[[[-148.67367,-14.8983],[-148.67524,-14.90383],[-148.67385,-14.90799],[-148.66506,-14.9085],[-148.65788,-14.90561],[-148.66108,-14.89838],[-148.66576,-14.89974],[-148.67367,-14.8983]]],[[[-148.6804,-14.89682],[-148.68208,-14.89667],[-148.68108,-14.89967],[-148.6829,-14.90545],[-148.67851,-14.90669],[-148.67735,-14.90506],[-148.67603,-14.90763],[-148.67533,-14.89883],[-148.6804,-14.89682]]],[[[-148.68779,-14.89738],[-148.6909,-14.89543],[-148.6916,-14.90295],[-148.6865,-14.90445],[-148.68185,-14.90186],[-148.68342,-14.89688],[-148.68779,-14.89738]]],[[[-148.65093,-14.89692],[-148.65372,-14.89665],[-148.6536,-14.89918],[-148.65093,-14.89692]]],[[[-148.70716,-14.88794],[-148.70924,-14.88917],[-148.71053,-14.88232],[-148.70635,-14.87559],[-148.70919,-14.87471],[-148.70602,-14.86811],[-148.711,-14.86524],[-148.71605,-14.87691],[-148.71385,-14.8921],[-148.70857,-14.89717],[-148.69735,-14.89983],[-148.69604,-14.9034],[-148.69394,-14.90297],[-148.6918,-14.89563],[-148.69315,-14.89304],[-148.7011,-14.89166],[-148.70217,-14.88766],[-148.70489,-14.88941],[-148.70716,-14.88794]]],[[[-148.71036,-14.86326],[-148.7028,-14.86809],[-148.69923,-14.86255],[-148.69534,-14.86477],[-148.69405,-14.86151],[-148.68541,-14.8678],[-148.67709,-14.86295],[-148.64222,-14.87053],[-148.63241,-14.8776],[-148.62899,-14.883],[-148.62949,-14.8863],[-148.63787,-14.89242],[-148.6459,-14.89224],[-148.65232,-14.89515],[-148.64714,-14.89817],[-148.64645,-14.90275],[-148.63247,-14.9005],[-148.62527,-14.89465],[-148.62537,-14.88455],[-148.62846,-14.8765],[-148.64055,-14.86858],[-148.67372,-14.85994],[-148.68335,-14.8602],[-148.69248,-14.85615],[-148.70073,-14.85597],[-148.71036,-14.86326]]],[[[-148.22289,-15.11697],[-148.22255,-15.11889],[-148.22223,-15.11551],[-148.22289,-15.11697]]],[[[-148.24102,-15.11484],[-148.2456,-15.11129],[-148.2499,-15.10355],[-148.25165,-15.10407],[-148.2511,-15.11314],[-148.24002,-15.12286],[-148.23252,-15.12582],[-148.22434,-15.12313],[-148.22436,-15.11604],[-148.23256,-15.11774],[-148.24102,-15.11484]]],[[[-148.20016,-15.10747],[-148.19795,-15.10838],[-148.19857,-15.10578],[-148.20016,-15.10747]]],[[[-148.23901,-14.94603],[-148.24138,-14.94449],[-148.23887,-14.94751],[-148.23901,-14.94603]]],[[[-148.22474,-14.93872],[-148.22489,-14.93671],[-148.22847,-14.93571],[-148.2349,-14.93988],[-148.23203,-14.94271],[-148.22474,-14.93872]]],[[[-148.2135,-14.92517],[-148.21592,-14.93083],[-148.21156,-14.92629],[-148.2135,-14.92517]]],[[[-148.20289,-14.91576],[-148.21074,-14.92064],[-148.21149,-14.92409],[-148.20891,-14.92601],[-148.19969,-14.91845],[-148.20289,-14.91576]]],[[[-148.17619,-14.90862],[-148.18639,-14.90855],[-148.1945,-14.91185],[-148.19288,-14.91415],[-148.17545,-14.91043],[-148.17619,-14.90862]]],[[[-148.16524,-15.09266],[-148.16605,-15.09121],[-148.16419,-15.09631],[-148.16524,-15.09266]]],[[[-148.15244,-15.08892],[-148.15483,-15.08655],[-148.15426,-15.09027],[-148.15173,-15.09021],[-148.15244,-15.08892]]],[[[-148.14006,-15.08296],[-148.13903,-15.0812],[-148.14123,-15.07992],[-148.14006,-15.08296]]],[[[-148.13658,-15.08115],[-148.13822,-15.07668],[-148.13959,-15.07737],[-148.13658,-15.08115]]],[[[-148.17424,-14.9076],[-148.17588,-14.90822],[-148.17372,-14.91011],[-148.17424,-14.9076]]],[[[-148.16074,-14.9056],[-148.16792,-14.90645],[-148.16694,-14.90909],[-148.15935,-14.90833],[-148.16074,-14.9056]]],[[[-148.15434,-14.90522],[-148.15633,-14.90525],[-148.15659,-14.90851],[-148.15345,-14.90882],[-148.15434,-14.90522]]],[[[-148.15798,-14.90502],[-148.15992,-14.90584],[-148.159,-14.90839],[-148.15798,-14.90502]]],[[[-148.11819,-15.06864],[-148.12043,-15.06786],[-148.11922,-15.07041],[-148.11819,-15.06864]]],[[[-148.0941,-15.05157],[-148.09646,-15.05216],[-148.09475,-15.05338],[-148.0941,-15.05157]]],[[[-148.08053,-15.04592],[-148.0815,-15.04408],[-148.08321,-15.04546],[-148.08053,-15.04592]]],[[[-148.0764,-15.0422],[-148.07458,-15.0408],[-148.07625,-15.03916],[-148.0764,-15.0422]]],[[[-148.07125,-15.03763],[-148.07314,-15.0355],[-148.07443,-15.03674],[-148.0722,-15.03904],[-148.07125,-15.03763]]],[[[-148.0601,-15.0232],[-148.06127,-15.0192],[-148.06255,-15.02143],[-148.0601,-15.0232]]],[[[-148.05697,-15.01809],[-148.06012,-15.01631],[-148.06095,-15.01789],[-148.05835,-15.02015],[-148.05697,-15.01809]]],[[[-148.05303,-15.01334],[-148.05664,-15.01075],[-148.05514,-15.0139],[-148.05303,-15.01334]]],[[[-148.14924,-14.90506],[-148.15282,-14.90588],[-148.15286,-14.90881],[-148.13422,-14.91156],[-148.11926,-14.91654],[-148.08027,-14.93363],[-148.06122,-14.94522],[-148.05534,-14.95204],[-148.0496,-14.97012],[-148.04805,-14.9794],[-148.05177,-14.99724],[-148.0471,-14.99831],[-148.04576,-14.97885],[-148.04907,-14.95811],[-148.05818,-14.94442],[-148.07479,-14.93316],[-148.10731,-14.91756],[-148.13072,-14.90859],[-148.14924,-14.90506]]],[[[-147.93347,-15.13174],[-147.93738,-15.13085],[-147.93678,-15.13425],[-147.9331,-15.13435],[-147.93347,-15.13174]]],[[[-147.94104,-15.09953],[-147.94168,-15.09517],[-147.94373,-15.098],[-147.94248,-15.10243],[-147.94104,-15.09953]]],[[[-147.9367,-15.0976],[-147.93657,-15.09596],[-147.93882,-15.09634],[-147.9367,-15.0976]]],[[[-147.92759,-15.09354],[-147.926,-15.09284],[-147.92793,-15.09195],[-147.92759,-15.09354]]],[[[-147.93908,-15.08922],[-147.94099,-15.08914],[-147.94162,-15.09318],[-147.93986,-15.09316],[-147.93908,-15.08922]]],[[[-147.936,-15.07811],[-147.937,-15.07519],[-147.94208,-15.07546],[-147.93972,-15.08501],[-147.93723,-15.08814],[-147.93443,-15.08698],[-147.92959,-15.08915],[-147.936,-15.07811]]],[[[-147.93543,-15.07051],[-147.94034,-15.07006],[-147.94106,-15.07431],[-147.93581,-15.07476],[-147.93543,-15.07051]]],[[[-147.93533,-15.06402],[-147.93912,-15.0628],[-147.93461,-15.0662],[-147.93533,-15.06402]]],[[[-147.93446,-15.05952],[-147.93555,-15.05777],[-147.93771,-15.0603],[-147.9326,-15.06306],[-147.93446,-15.05952]]],[[[-147.92737,-15.04896],[-147.92666,-15.04681],[-147.93023,-15.04481],[-147.92737,-15.04896]]],[[[-147.92509,-15.04549],[-147.92496,-15.04165],[-147.92914,-15.04158],[-147.93024,-15.04353],[-147.92509,-15.04549]]],[[[-148.05294,-15.00859],[-148.05463,-15.00855],[-148.05408,-15.01057],[-148.05159,-15.01162],[-148.05294,-15.00859]]],[[[-148.05263,-15.00635],[-148.05443,-15.0069],[-148.05073,-15.0097],[-148.05263,-15.00635]]],[[[-148.05162,-14.99894],[-148.05411,-15.00409],[-148.04899,-15.00591],[-148.04831,-14.99943],[-148.05162,-14.99894]]],[[[-147.73117,-15.24308],[-147.73165,-15.24566],[-147.72888,-15.24608],[-147.72938,-15.24298],[-147.73117,-15.24308]]],[[[-147.71266,-15.24197],[-147.7128,-15.24412],[-147.71,-15.24375],[-147.71166,-15.23999],[-147.71266,-15.24197]]],[[[-147.70827,-15.23828],[-147.71074,-15.23897],[-147.70948,-15.24311],[-147.70827,-15.23828]]],[[[-147.71593,-15.23949],[-147.71728,-15.23878],[-147.71725,-15.24093],[-147.71593,-15.23949]]],[[[-147.70399,-15.2365],[-147.70639,-15.23682],[-147.706,-15.2391],[-147.70399,-15.2365]]],[[[-147.69061,-15.2372],[-147.68481,-15.23507],[-147.68737,-15.23128],[-147.70341,-15.23615],[-147.70513,-15.24174],[-147.69061,-15.2372]]],[[[-147.76263,-15.22364],[-147.76602,-15.22065],[-147.7677,-15.22581],[-147.74399,-15.24177],[-147.73256,-15.24607],[-147.73262,-15.23917],[-147.73972,-15.2376],[-147.76263,-15.22364]]],[[[-147.77029,-15.21857],[-147.78078,-15.21175],[-147.78373,-15.21369],[-147.78441,-15.21636],[-147.77282,-15.22326],[-147.76897,-15.22053],[-147.77029,-15.21857]]],[[[-147.78429,-15.21083],[-147.78649,-15.20895],[-147.78827,-15.21443],[-147.78645,-15.21528],[-147.78429,-15.21083]]],[[[-147.7947,-15.20941],[-147.79346,-15.21018],[-147.79424,-15.20754],[-147.7947,-15.20941]]],[[[-147.81726,-15.20242],[-147.81582,-15.20279],[-147.81664,-15.20074],[-147.81726,-15.20242]]],[[[-147.83971,-15.19433],[-147.84131,-15.19362],[-147.84148,-15.19536],[-147.83971,-15.19433]]],[[[-147.91287,-15.02295],[-147.91497,-15.0224],[-147.91268,-15.02513],[-147.91287,-15.02295]]],[[[-147.88732,-14.99867],[-147.88683,-14.99641],[-147.89632,-15.00309],[-147.89559,-15.00679],[-147.88732,-14.99867]]],[[[-147.86018,-14.95296],[-147.86315,-14.95339],[-147.87093,-14.9744],[-147.88601,-14.99397],[-147.8855,-14.99613],[-147.88036,-14.99363],[-147.86631,-14.97764],[-147.85764,-14.95758],[-147.86018,-14.95296]]],[[[-147.68734,-14.94489],[-147.68977,-14.94763],[-147.68766,-14.94773],[-147.68734,-14.94489]]],[[[-147.70671,-14.93726],[-147.71008,-14.93813],[-147.70981,-14.94482],[-147.69856,-14.94473],[-147.68977,-14.94749],[-147.68882,-14.94472],[-147.70671,-14.93726]]],[[[-147.7451,-14.93204],[-147.76715,-14.93246],[-147.76756,-14.93618],[-147.76703,-14.93702],[-147.74301,-14.94152],[-147.7278,-14.9406],[-147.72179,-14.94197],[-147.71865,-14.94547],[-147.71514,-14.94371],[-147.71395,-14.94513],[-147.71722,-14.93517],[-147.7451,-14.93204]]],[[[-147.84716,-14.93005],[-147.8551,-14.92596],[-147.85909,-14.93699],[-147.85831,-14.94436],[-147.8613,-14.94825],[-147.86052,-14.95225],[-147.85823,-14.95137],[-147.8588,-14.94918],[-147.85267,-14.94971],[-147.85042,-14.94612],[-147.85322,-14.9457],[-147.85043,-14.94296],[-147.85119,-14.93884],[-147.84716,-14.93005]]],[[[-147.76967,-14.93205],[-147.77045,-14.93684],[-147.76746,-14.93711],[-147.76785,-14.93494],[-147.76763,-14.93241],[-147.76967,-14.93205]]],[[[-147.77123,-14.93204],[-147.77291,-14.93656],[-147.77072,-14.93696],[-147.77123,-14.93204]]],[[[-147.77894,-14.93599],[-147.77744,-14.93138],[-147.77921,-14.93148],[-147.77894,-14.93599]]],[[[-147.77475,-14.9314],[-147.77709,-14.93143],[-147.77791,-14.93627],[-147.77405,-14.93577],[-147.77475,-14.9314]]],[[[-147.80045,-14.9232],[-147.80376,-14.92817],[-147.79279,-14.92998],[-147.78055,-14.93621],[-147.77955,-14.9327],[-147.78167,-14.93014],[-147.80045,-14.9232]]],[[[-147.83801,-14.91754],[-147.85089,-14.9179],[-147.85372,-14.92495],[-147.84749,-14.92882],[-147.8435,-14.92395],[-147.83732,-14.92213],[-147.82719,-14.92304],[-147.82612,-14.91937],[-147.82485,-14.92439],[-147.81441,-14.92502],[-147.80612,-14.92813],[-147.80415,-14.92801],[-147.80209,-14.92327],[-147.81682,-14.91946],[-147.83801,-14.91754]]],[[[-147.45348,-15.31294],[-147.45389,-15.30893],[-147.45568,-15.31354],[-147.45348,-15.31294]]],[[[-147.43969,-15.30617],[-147.44596,-15.3092],[-147.4519,-15.30874],[-147.45284,-15.31334],[-147.41977,-15.31429],[-147.40352,-15.31115],[-147.4058,-15.3062],[-147.42309,-15.31011],[-147.43969,-15.30617]]],[[[-147.50717,-15.29705],[-147.5066,-15.29573],[-147.50898,-15.29595],[-147.51261,-15.29963],[-147.50134,-15.30328],[-147.48218,-15.31599],[-147.45815,-15.31387],[-147.46076,-15.30941],[-147.47586,-15.31326],[-147.48326,-15.31217],[-147.49913,-15.29866],[-147.50265,-15.29678],[-147.50359,-15.29963],[-147.50312,-15.29709],[-147.5061,-15.2954],[-147.50717,-15.29705]]],[[[-147.51789,-15.28974],[-147.51733,-15.28785],[-147.52037,-15.29118],[-147.51789,-15.28974]]],[[[-147.57164,-15.25415],[-147.57463,-15.25221],[-147.56793,-15.26094],[-147.56258,-15.26356],[-147.56201,-15.25737],[-147.56555,-15.26174],[-147.56382,-15.2561],[-147.56749,-15.25289],[-147.57134,-15.25543],[-147.56798,-15.25284],[-147.5691,-15.25112],[-147.57164,-15.25415]]],[[[-147.59505,-15.236],[-147.59743,-15.23703],[-147.59797,-15.24057],[-147.59369,-15.24173],[-147.59186,-15.23693],[-147.59505,-15.236]]],[[[-147.61655,-15.23597],[-147.61803,-15.2356],[-147.61679,-15.2407],[-147.61655,-15.23597]]],[[[-147.60467,-15.23534],[-147.60846,-15.23542],[-147.60691,-15.24039],[-147.60467,-15.24039],[-147.60299,-15.23709],[-147.60467,-15.23534]]],[[[-147.58605,-15.23631],[-147.58736,-15.23701],[-147.58533,-15.23973],[-147.58605,-15.23631]]],[[[-147.59674,-15.23541],[-147.59912,-15.23519],[-147.59812,-15.23686],[-147.59674,-15.23541]]],[[[-147.62354,-15.23462],[-147.62633,-15.23957],[-147.62,-15.24062],[-147.61962,-15.23566],[-147.62354,-15.23462]]],[[[-147.61207,-15.23712],[-147.61448,-15.23604],[-147.61385,-15.23807],[-147.61207,-15.23712]]],[[[-147.62866,-15.2328],[-147.62995,-15.23204],[-147.63277,-15.23686],[-147.62741,-15.23862],[-147.62866,-15.2328]]],[[[-147.63359,-15.23044],[-147.63391,-15.23461],[-147.63201,-15.23264],[-147.63359,-15.23044]]],[[[-147.67127,-15.23175],[-147.67291,-15.22845],[-147.67562,-15.23104],[-147.67478,-15.23291],[-147.67127,-15.23175]]],[[[-147.64459,-15.22768],[-147.64986,-15.23281],[-147.64321,-15.23395],[-147.64459,-15.22768]]],[[[-147.65331,-15.22796],[-147.65592,-15.22759],[-147.65472,-15.23281],[-147.65314,-15.2328],[-147.65331,-15.22796]]],[[[-147.65738,-15.22967],[-147.65707,-15.22767],[-147.65994,-15.22734],[-147.6587,-15.23251],[-147.65636,-15.23264],[-147.65738,-15.22967]]],[[[-147.66871,-15.22896],[-147.66861,-15.22585],[-147.67117,-15.22739],[-147.67078,-15.23224],[-147.66863,-15.23243],[-147.66871,-15.22896]]],[[[-147.6744,-15.22848],[-147.67737,-15.22762],[-147.67637,-15.23031],[-147.6744,-15.22848]]],[[[-147.64874,-15.2268],[-147.65163,-15.2266],[-147.65067,-15.22966],[-147.64874,-15.2268]]],[[[-147.5899,-14.9939],[-147.59599,-14.99176],[-147.59744,-14.99382],[-147.58915,-14.99872],[-147.5809,-15.00849],[-147.56919,-15.03029],[-147.54317,-15.05151],[-147.54139,-15.05072],[-147.52813,-15.07326],[-147.50045,-15.09383],[-147.49167,-15.10378],[-147.48005,-15.10866],[-147.4789,-15.11136],[-147.46996,-15.11258],[-147.45758,-15.12065],[-147.45584,-15.11885],[-147.45703,-15.12107],[-147.45481,-15.12216],[-147.45182,-15.12118],[-147.45194,-15.12435],[-147.43376,-15.13991],[-147.42699,-15.15201],[-147.42064,-15.15785],[-147.41281,-15.15934],[-147.41166,-15.16367],[-147.39943,-15.1796],[-147.39367,-15.17897],[-147.39342,-15.18169],[-147.38429,-15.18768],[-147.35396,-15.20474],[-147.34818,-15.21113],[-147.33579,-15.21816],[-147.33236,-15.22547],[-147.33088,-15.22124],[-147.33415,-15.21463],[-147.35123,-15.20196],[-147.39446,-15.17762],[-147.41172,-15.15827],[-147.42655,-15.14624],[-147.44285,-15.12676],[-147.46886,-15.10939],[-147.48656,-15.10255],[-147.52199,-15.07368],[-147.54178,-15.04892],[-147.56524,-15.02969],[-147.5899,-14.9939]]],[[[-147.61135,-14.98269],[-147.61492,-14.98232],[-147.61541,-14.98477],[-147.59785,-14.99339],[-147.59729,-14.99157],[-147.61135,-14.98269]]],[[[-147.61964,-14.97853],[-147.62473,-14.97167],[-147.62712,-14.97188],[-147.62728,-14.97731],[-147.61549,-14.98498],[-147.6151,-14.9823],[-147.61964,-14.97853]]],[[[-147.63633,-14.9608],[-147.6458,-14.95843],[-147.64671,-14.96084],[-147.63473,-14.96582],[-147.63416,-14.97182],[-147.63203,-14.97294],[-147.62941,-14.9679],[-147.63633,-14.9608]]],[[[-147.64821,-14.95722],[-147.65015,-14.95932],[-147.64744,-14.96043],[-147.64821,-14.95722]]],[[[-147.67602,-14.94913],[-147.67952,-14.95109],[-147.6544,-14.95836],[-147.64985,-14.95767],[-147.67602,-14.94913]]],[[[-147.68103,-14.94733],[-147.68346,-14.94968],[-147.67966,-14.95073],[-147.68103,-14.94733]]],[[[-147.68599,-14.94541],[-147.68758,-14.94803],[-147.68363,-14.94937],[-147.68293,-14.94694],[-147.68599,-14.94541]]],[[[-147.31313,-15.32051],[-147.3102,-15.32046],[-147.31316,-15.3181],[-147.31313,-15.32051]]],[[[-147.3732,-15.31693],[-147.37657,-15.3167],[-147.36255,-15.321],[-147.3732,-15.31693]]],[[[-147.31618,-15.31774],[-147.31606,-15.3132],[-147.32234,-15.31478],[-147.31815,-15.32241],[-147.31657,-15.32236],[-147.31618,-15.31774]]],[[[-147.32722,-15.31603],[-147.33042,-15.31565],[-147.32948,-15.3176],[-147.32722,-15.31603]]],[[[-147.31303,-15.31675],[-147.31077,-15.31584],[-147.31346,-15.31468],[-147.31303,-15.31675]]],[[[-147.30831,-15.31048],[-147.31195,-15.31177],[-147.30571,-15.31978],[-147.30445,-15.31317],[-147.30831,-15.31048]]],[[[-147.37998,-15.31314],[-147.38252,-15.31222],[-147.37779,-15.31582],[-147.37998,-15.31314]]],[[[-147.3964,-15.30849],[-147.40047,-15.30928],[-147.40009,-15.31125],[-147.39531,-15.3106],[-147.3964,-15.30849]]],[[[-147.29913,-15.30456],[-147.29657,-15.30379],[-147.29779,-15.30115],[-147.30155,-15.30375],[-147.29913,-15.30456]]],[[[-147.24297,-15.27985],[-147.24552,-15.27951],[-147.24304,-15.28293],[-147.24297,-15.27985]]],[[[-147.23093,-15.28347],[-147.23102,-15.27759],[-147.23273,-15.28333],[-147.23093,-15.28347]]],[[[-147.22494,-15.27955],[-147.22405,-15.28251],[-147.22458,-15.27687],[-147.22494,-15.27955]]],[[[-147.24794,-15.28043],[-147.2466,-15.28224],[-147.24733,-15.27544],[-147.24794,-15.28043]]],[[[-147.22526,-15.27279],[-147.22821,-15.27105],[-147.22722,-15.28297],[-147.22504,-15.28255],[-147.22526,-15.27279]]],[[[-147.24184,-15.22486],[-147.24522,-15.22396],[-147.25744,-15.23383],[-147.27031,-15.23737],[-147.2703,-15.2399],[-147.26657,-15.24206],[-147.24358,-15.23475],[-147.23498,-15.25519],[-147.22989,-15.26144],[-147.23157,-15.26276],[-147.22588,-15.26734],[-147.2237,-15.27756],[-147.22168,-15.28066],[-147.21377,-15.28204],[-147.21158,-15.28076],[-147.21108,-15.27636],[-147.22722,-15.25922],[-147.24038,-15.23308],[-147.24184,-15.22486]]],[[[-147.32607,-15.22865],[-147.32826,-15.22636],[-147.3313,-15.22852],[-147.32313,-15.24087],[-147.32117,-15.24004],[-147.31902,-15.23787],[-147.32116,-15.2397],[-147.32303,-15.23843],[-147.32032,-15.23561],[-147.31492,-15.23961],[-147.31153,-15.24027],[-147.31017,-15.23772],[-147.31057,-15.24072],[-147.30752,-15.24249],[-147.30574,-15.24096],[-147.30575,-15.24266],[-147.30055,-15.24343],[-147.28614,-15.24284],[-147.28374,-15.24482],[-147.2782,-15.24259],[-147.27779,-15.2391],[-147.2796,-15.23823],[-147.30873,-15.23586],[-147.32223,-15.23191],[-147.32607,-15.22865]]],[[[-144.32597,-27.65171],[-144.32655,-27.65033],[-144.32782,-27.65173],[-144.32597,-27.65171]]],[[[-144.33083,-27.64684],[-144.33347,-27.64797],[-144.33318,-27.65074],[-144.33083,-27.64684]]],[[[-144.37323,-27.57917],[-144.37816,-27.57896],[-144.38035,-27.58151],[-144.37651,-27.58267],[-144.37634,-27.58509],[-144.38078,-27.59914],[-144.37454,-27.60318],[-144.37548,-27.60614],[-144.38136,-27.60859],[-144.37682,-27.61876],[-144.36906,-27.61541],[-144.36392,-27.6175],[-144.36381,-27.62161],[-144.36998,-27.62517],[-144.36737,-27.62715],[-144.36719,-27.63241],[-144.36294,-27.63105],[-144.36296,-27.63469],[-144.35908,-27.63579],[-144.3531,-27.63353],[-144.3473,-27.63635],[-144.34447,-27.63394],[-144.3397,-27.63493],[-144.3388,-27.63734],[-144.34325,-27.64169],[-144.33573,-27.63993],[-144.32894,-27.64108],[-144.33014,-27.64598],[-144.32617,-27.64986],[-144.31729,-27.64306],[-144.31777,-27.6363],[-144.31166,-27.63806],[-144.30739,-27.63676],[-144.31149,-27.6297],[-144.31991,-27.62861],[-144.32167,-27.62542],[-144.31843,-27.6233],[-144.30488,-27.62211],[-144.31483,-27.61991],[-144.31306,-27.61591],[-144.31507,-27.61312],[-144.32064,-27.61351],[-144.3302,-27.61936],[-144.34224,-27.61646],[-144.35095,-27.60682],[-144.35116,-27.60372],[-144.34235,-27.59972],[-144.34002,-27.6021],[-144.34045,-27.60624],[-144.33385,-27.61069],[-144.31913,-27.60435],[-144.31249,-27.60473],[-144.31789,-27.60005],[-144.31049,-27.59771],[-144.30961,-27.59162],[-144.31193,-27.59007],[-144.30851,-27.58708],[-144.31637,-27.58024],[-144.31465,-27.57714],[-144.31795,-27.57566],[-144.31865,-27.57965],[-144.32397,-27.58346],[-144.32903,-27.57811],[-144.32896,-27.56975],[-144.33359,-27.57482],[-144.33378,-27.56923],[-144.34162,-27.56657],[-144.34162,-27.57687],[-144.34417,-27.57804],[-144.34692,-27.57115],[-144.3495,-27.5765],[-144.35428,-27.57836],[-144.35729,-27.57597],[-144.35682,-27.57159],[-144.36423,-27.56898],[-144.35943,-27.5775],[-144.36248,-27.57837],[-144.36508,-27.57605],[-144.37323,-27.57917]]],[[[-144.31168,-27.64321],[-144.31364,-27.64429],[-144.31095,-27.64691],[-144.30558,-27.64493],[-144.31168,-27.64321]]],[[[-144.30135,-27.62041],[-144.30389,-27.62226],[-144.3018,-27.62305],[-144.30135,-27.62041]]],[[[-137.04659,-18.30571],[-137.04492,-18.30561],[-137.0462,-18.30321],[-137.04659,-18.30571]]],[[[-137.06504,-18.27272],[-137.06464,-18.27114],[-137.06663,-18.27269],[-137.06504,-18.27272]]],[[[-136.44131,-18.48616],[-136.44268,-18.48739],[-136.44074,-18.48805],[-136.44131,-18.48616]]],[[[-137.06583,-18.26228],[-137.07213,-18.26385],[-137.06721,-18.2716],[-137.06438,-18.27047],[-137.06183,-18.27136],[-137.05897,-18.2688],[-137.0527,-18.27154],[-137.03016,-18.28632],[-137.00808,-18.3052],[-136.97063,-18.3453],[-136.97106,-18.35079],[-136.96749,-18.35402],[-136.9711,-18.35615],[-136.97265,-18.36108],[-136.96356,-18.35985],[-136.96267,-18.35589],[-136.96806,-18.34488],[-137.00277,-18.30673],[-137.03091,-18.28243],[-137.0557,-18.26622],[-137.06583,-18.26228]]],[[[-136.41712,-18.49731],[-136.41649,-18.49542],[-136.41848,-18.49659],[-136.41712,-18.49731]]],[[[-136.36839,-18.5315],[-136.37057,-18.53107],[-136.37163,-18.53476],[-136.3681,-18.53364],[-136.36839,-18.5315]]],[[[-136.3731,-18.5263],[-136.37723,-18.52767],[-136.37562,-18.52947],[-136.3731,-18.5263]]],[[[-136.45042,-18.46168],[-136.46226,-18.46407],[-136.4666,-18.46841],[-136.46501,-18.47494],[-136.45613,-18.48492],[-136.44406,-18.48849],[-136.44202,-18.48523],[-136.45186,-18.48236],[-136.45881,-18.47552],[-136.45862,-18.46832],[-136.45441,-18.46454],[-136.44929,-18.46402],[-136.43883,-18.46715],[-136.42529,-18.47635],[-136.40243,-18.48733],[-136.38072,-18.49486],[-136.36327,-18.51283],[-136.35225,-18.52027],[-136.3314,-18.52896],[-136.29835,-18.55716],[-136.29566,-18.56537],[-136.30408,-18.57256],[-136.30339,-18.57671],[-136.29539,-18.5754],[-136.29064,-18.57203],[-136.29174,-18.56264],[-136.30272,-18.54943],[-136.32893,-18.52828],[-136.35732,-18.51441],[-136.3771,-18.49501],[-136.40459,-18.48329],[-136.43832,-18.46515],[-136.45042,-18.46168]]],[[[-136.30498,-18.57343],[-136.30778,-18.57329],[-136.30945,-18.5768],[-136.30543,-18.57628],[-136.30498,-18.57343]]],[[[-152.81809,-22.65798],[-152.80842,-22.66425],[-152.80463,-22.66162],[-152.80007,-22.66328],[-152.79407,-22.6584],[-152.7903,-22.65112],[-152.7922,-22.63839],[-152.80349,-22.63524],[-152.815,-22.63695],[-152.82082,-22.64368],[-152.82307,-22.65036],[-152.82201,-22.65528],[-152.81809,-22.65798]]],[[[-154.72013,-21.81419],[-154.71882,-21.81355],[-154.72134,-21.81196],[-154.72263,-21.8133],[-154.72013,-21.81419]]],[[[-154.70759,-21.80994],[-154.71047,-21.80985],[-154.71185,-21.81499],[-154.70759,-21.80994]]],[[[-151.34114,-22.52387],[-151.33543,-22.52026],[-151.32262,-22.49671],[-151.32232,-22.45796],[-151.32342,-22.45515],[-151.33517,-22.45421],[-151.34067,-22.45136],[-151.34921,-22.43779],[-151.3675,-22.43078],[-151.37581,-22.43998],[-151.37713,-22.45348],[-151.37254,-22.4653],[-151.36835,-22.46947],[-151.35351,-22.47645],[-151.35181,-22.48669],[-151.35706,-22.49905],[-151.34683,-22.52396],[-151.34114,-22.52387]]],[[[-154.69647,-21.822],[-154.69632,-21.81956],[-154.70033,-21.81615],[-154.70248,-21.82203],[-154.69925,-21.82401],[-154.69647,-21.822]]],[[[-154.69894,-21.79639],[-154.70153,-21.79783],[-154.70084,-21.80357],[-154.69329,-21.80948],[-154.69253,-21.8025],[-154.69894,-21.79639]]],[[[-151.51783,-16.66191],[-151.51605,-16.65815],[-151.51422,-16.6584],[-151.51162,-16.66911],[-151.50886,-16.67162],[-151.50338,-16.67161],[-151.50087,-16.67601],[-151.49773,-16.67677],[-151.49525,-16.66627],[-151.49759,-16.65645],[-151.49653,-16.65514],[-151.49296,-16.65935],[-151.48967,-16.65422],[-151.48679,-16.66688],[-151.48365,-16.66596],[-151.48271,-16.6675],[-151.48475,-16.68415],[-151.47677,-16.68041],[-151.46928,-16.68206],[-151.46732,-16.68057],[-151.46523,-16.68271],[-151.45617,-16.67677],[-151.45876,-16.66799],[-151.4512,-16.67168],[-151.44614,-16.66219],[-151.45664,-16.65987],[-151.45702,-16.65715],[-151.45373,-16.65505],[-151.45719,-16.64909],[-151.48536,-16.64343],[-151.49121,-16.63756],[-151.49034,-16.63556],[-151.4861,-16.63352],[-151.47807,-16.63965],[-151.47112,-16.63648],[-151.46316,-16.6365],[-151.45952,-16.64349],[-151.4486,-16.64705],[-151.44656,-16.64241],[-151.44295,-16.64248],[-151.44466,-16.63937],[-151.4418,-16.63597],[-151.44927,-16.63276],[-151.45873,-16.63234],[-151.45969,-16.62729],[-151.45619,-16.62542],[-151.43684,-16.63065],[-151.43482,-16.6277],[-151.43468,-16.61449],[-151.44218,-16.61389],[-151.44551,-16.61131],[-151.44621,-16.60773],[-151.4428,-16.60512],[-151.44598,-16.60144],[-151.45209,-16.60058],[-151.45521,-16.59712],[-151.45796,-16.5981],[-151.46301,-16.59462],[-151.46265,-16.58909],[-151.46915,-16.58615],[-151.47158,-16.58853],[-151.47418,-16.58744],[-151.47694,-16.58186],[-151.48248,-16.58496],[-151.48667,-16.58076],[-151.49175,-16.58342],[-151.49589,-16.58171],[-151.498,-16.58432],[-151.49995,-16.58105],[-151.50515,-16.5808],[-151.50941,-16.5774],[-151.51701,-16.57858],[-151.52272,-16.58191],[-151.52495,-16.58862],[-151.5302,-16.58761],[-151.53696,-16.5933],[-151.54171,-16.59989],[-151.54065,-16.60374],[-151.54551,-16.60416],[-151.54795,-16.61075],[-151.5424,-16.61371],[-151.54128,-16.61835],[-151.54838,-16.6186],[-151.54996,-16.62081],[-151.54595,-16.6348],[-151.54721,-16.63799],[-151.54062,-16.64415],[-151.53299,-16.64746],[-151.5116,-16.63981],[-151.51522,-16.64464],[-151.52913,-16.65317],[-151.51783,-16.66191]]],[[[-151.56633,-16.60453],[-151.5676,-16.60282],[-151.56902,-16.60409],[-151.56613,-16.61041],[-151.56262,-16.60833],[-151.56633,-16.60453]]],[[[-151.56582,-16.60139],[-151.56717,-16.60278],[-151.5648,-16.60431],[-151.56582,-16.60139]]],[[[-151.56443,-16.59951],[-151.56587,-16.60075],[-151.56276,-16.60266],[-151.56443,-16.59951]]],[[[-151.52921,-16.55559],[-151.53405,-16.55604],[-151.53323,-16.5622],[-151.52721,-16.56274],[-151.5187,-16.55961],[-151.52253,-16.556],[-151.52921,-16.55559]]],[[[-151.50576,-16.55511],[-151.50569,-16.56009],[-151.49968,-16.5592],[-151.50055,-16.55566],[-151.50576,-16.55511]]],[[[-151.4876,-16.67487],[-151.48702,-16.67076],[-151.48906,-16.67153],[-151.4876,-16.67487]]],[[[-151.47539,-16.55728],[-151.47697,-16.55938],[-151.47481,-16.559],[-151.47539,-16.55728]]],[[[-151.42586,-16.65219],[-151.42978,-16.64929],[-151.42895,-16.65201],[-151.42586,-16.65219]]],[[[-151.43851,-16.57791],[-151.44074,-16.57967],[-151.4375,-16.58264],[-151.43643,-16.58079],[-151.43851,-16.57791]]],[[[-151.45001,-16.56176],[-151.45026,-16.56393],[-151.4493,-16.56478],[-151.44879,-16.56333],[-151.44703,-16.56618],[-151.44923,-16.56671],[-151.44887,-16.56805],[-151.44286,-16.57561],[-151.44258,-16.57287],[-151.44665,-16.56576],[-151.45001,-16.56176]]],[[[-151.45376,-16.55874],[-151.45355,-16.56348],[-151.45196,-16.56001],[-151.45376,-16.55874]]],[[[-139.09926,-9.89586],[-139.09904,-9.89996],[-139.10303,-9.90122],[-139.10254,-9.9033],[-139.10567,-9.90505],[-139.10206,-9.90755],[-139.10294,-9.9093],[-139.10721,-9.90998],[-139.10663,-9.91444],[-139.10908,-9.9163],[-139.11143,-9.91492],[-139.11414,-9.91781],[-139.11191,-9.92029],[-139.1181,-9.9291],[-139.11805,-9.93146],[-139.11203,-9.93313],[-139.10938,-9.93666],[-139.11271,-9.9409],[-139.11687,-9.93996],[-139.11967,-9.9432],[-139.11986,-9.94857],[-139.1171,-9.9527],[-139.12211,-9.95616],[-139.12201,-9.95924],[-139.11881,-9.95938],[-139.1178,-9.96363],[-139.12316,-9.96968],[-139.12871,-9.96816],[-139.13118,-9.97012],[-139.13236,-9.97826],[-139.12852,-9.97837],[-139.12724,-9.9819],[-139.13031,-9.98274],[-139.13184,-9.98816],[-139.12958,-9.99308],[-139.13092,-10.00009],[-139.12477,-10.00192],[-139.12579,-10.00715],[-139.12309,-10.009],[-139.12484,-10.01125],[-139.12193,-10.01227],[-139.12165,-10.01783],[-139.12017,-10.02],[-139.1177,-10.01944],[-139.11816,-10.02375],[-139.11577,-10.02662],[-139.11461,-10.01728],[-139.11027,-10.01854],[-139.10971,-10.01638],[-139.1114,-10.00883],[-139.10897,-10.00457],[-139.10645,-10.0043],[-139.10795,-9.99693],[-139.10569,-9.99146],[-139.10618,-9.98499],[-139.10071,-9.98251],[-139.09659,-9.98742],[-139.09415,-9.98393],[-139.09575,-9.98194],[-139.0918,-9.97036],[-139.08344,-9.9695],[-139.07799,-9.96575],[-139.07643,-9.96778],[-139.07675,-9.96448],[-139.07224,-9.9641],[-139.07879,-9.95927],[-139.0781,-9.9568],[-139.07264,-9.95623],[-139.07089,-9.95162],[-139.06667,-9.95421],[-139.06239,-9.9508],[-139.05757,-9.95275],[-139.05844,-9.95074],[-139.05463,-9.94877],[-139.04395,-9.96012],[-139.04235,-9.95967],[-139.04454,-9.95175],[-139.03527,-9.94198],[-139.04148,-9.9374],[-139.04199,-9.93483],[-139.03408,-9.93297],[-139.03548,-9.92912],[-139.04008,-9.92861],[-139.03814,-9.92562],[-139.04271,-9.91859],[-139.04904,-9.91639],[-139.04721,-9.91362],[-139.05113,-9.91375],[-139.05015,-9.91136],[-139.05323,-9.91399],[-139.05613,-9.9115],[-139.05146,-9.90439],[-139.05355,-9.90571],[-139.05805,-9.90251],[-139.06643,-9.90511],[-139.06891,-9.89844],[-139.06344,-9.89234],[-139.06426,-9.89093],[-139.0666,-9.89241],[-139.06999,-9.88836],[-139.07269,-9.89154],[-139.07424,-9.89064],[-139.07518,-9.89484],[-139.07755,-9.89153],[-139.08059,-9.89217],[-139.08223,-9.89555],[-139.08838,-9.89215],[-139.09166,-9.89545],[-139.09742,-9.8937],[-139.09926,-9.89586]]],[[[-148.0673,-17.86779],[-148.07551,-17.87284],[-148.0721,-17.88272],[-148.06945,-17.88145],[-148.06308,-17.88317],[-148.05977,-17.87565],[-148.06059,-17.87085],[-148.0673,-17.86779]]],[[[-145.19656,-14.65531],[-145.20088,-14.65616],[-145.20201,-14.65994],[-145.20603,-14.66014],[-145.20926,-14.66353],[-145.20119,-14.66063],[-145.19656,-14.65531]]],[[[-145.21601,-14.5989],[-145.21833,-14.59702],[-145.22861,-14.60185],[-145.2375,-14.61564],[-145.23887,-14.63715],[-145.24314,-14.65369],[-145.24843,-14.66944],[-145.25851,-14.68349],[-145.26187,-14.69378],[-145.26142,-14.69967],[-145.24683,-14.71335],[-145.23261,-14.70347],[-145.22917,-14.69714],[-145.22359,-14.69389],[-145.21713,-14.68212],[-145.20999,-14.67661],[-145.21063,-14.66338],[-145.2138,-14.6741],[-145.22485,-14.69041],[-145.23282,-14.69625],[-145.23306,-14.69936],[-145.23949,-14.70522],[-145.24292,-14.70668],[-145.25029,-14.70437],[-145.25674,-14.69779],[-145.25569,-14.68688],[-145.25011,-14.68088],[-145.24039,-14.65808],[-145.2358,-14.63882],[-145.23397,-14.61672],[-145.2253,-14.60408],[-145.21601,-14.5989]]],[[[-145.18588,-14.64551],[-145.18249,-14.63917],[-145.19349,-14.65068],[-145.19207,-14.65156],[-145.18588,-14.64551]]],[[[-145.17886,-14.63425],[-145.17893,-14.63167],[-145.18314,-14.63836],[-145.18056,-14.6381],[-145.17886,-14.63425]]],[[[-145.17018,-14.61823],[-145.17885,-14.63099],[-145.17483,-14.63006],[-145.17018,-14.61823]]],[[[-145.16541,-14.61286],[-145.16879,-14.6145],[-145.16596,-14.61494],[-145.16541,-14.61286]]],[[[-145.21425,-14.59715],[-145.21696,-14.59606],[-145.21549,-14.59816],[-145.21425,-14.59715]]],[[[-145.16026,-14.55064],[-145.19036,-14.56187],[-145.19401,-14.56795],[-145.19183,-14.56898],[-145.18629,-14.56387],[-145.1638,-14.55481],[-145.15751,-14.55483],[-145.15254,-14.55747],[-145.14667,-14.5639],[-145.14394,-14.57678],[-145.14509,-14.58398],[-145.15417,-14.59728],[-145.15308,-14.59852],[-145.14882,-14.59528],[-145.14145,-14.57967],[-145.14113,-14.57078],[-145.14813,-14.55658],[-145.16026,-14.55064]]],[[[-145.19815,-14.57617],[-145.19443,-14.57119],[-145.19574,-14.56983],[-145.20024,-14.57351],[-145.19815,-14.57617]]],[[[-145.19335,-14.57015],[-145.19206,-14.56943],[-145.1944,-14.56899],[-145.19335,-14.57015]]],[[[-145.1605,-14.60448],[-145.16273,-14.6066],[-145.16083,-14.60755],[-145.1605,-14.60448]]],[[[-145.15707,-14.60383],[-145.15831,-14.60222],[-145.16015,-14.60336],[-145.15707,-14.60383]]],[[[-145.1548,-14.60081],[-145.15586,-14.59949],[-145.1584,-14.60188],[-145.1548,-14.60081]]],[[[-145.05422,-14.51057],[-145.05761,-14.51078],[-145.05587,-14.51225],[-145.05422,-14.51057]]],[[[-145.05214,-14.50906],[-145.05383,-14.50869],[-145.05304,-14.51112],[-145.05214,-14.50906]]],[[[-145.04509,-14.50826],[-145.05194,-14.50902],[-145.04985,-14.51052],[-145.04509,-14.50826]]],[[[-145.0548,-14.50293],[-145.05586,-14.5002],[-145.06679,-14.50454],[-145.07106,-14.5122],[-145.06381,-14.5155],[-145.05887,-14.51422],[-145.05993,-14.51134],[-145.06198,-14.51317],[-145.0658,-14.51178],[-145.06597,-14.50837],[-145.0548,-14.50293]]],[[[-145.05315,-14.49961],[-145.05426,-14.50151],[-145.05204,-14.50084],[-145.05315,-14.49961]]],[[[-145.04714,-14.49559],[-145.04969,-14.49496],[-145.04914,-14.49665],[-145.04714,-14.49559]]],[[[-145.04523,-14.4918],[-145.04486,-14.48899],[-145.04644,-14.48979],[-145.04523,-14.4918]]],[[[-145.03706,-14.47414],[-145.03785,-14.47123],[-145.04106,-14.47064],[-145.03706,-14.47414]]],[[[-145.03057,-14.50814],[-145.03224,-14.50737],[-145.03216,-14.50942],[-145.03057,-14.50814]]],[[[-145.01428,-14.50431],[-145.02968,-14.50701],[-145.03023,-14.50863],[-145.02652,-14.51013],[-145.01526,-14.50631],[-145.01428,-14.50431]]],[[[-145.00625,-14.50035],[-145.00226,-14.4986],[-145.00329,-14.49596],[-145.01147,-14.49995],[-145.00917,-14.5019],[-145.00625,-14.50035]]],[[[-144.99297,-14.4938],[-145.00161,-14.49711],[-144.99498,-14.49682],[-144.99213,-14.49528],[-144.99297,-14.4938]]],[[[-144.98756,-14.49298],[-144.98883,-14.49111],[-144.9925,-14.49272],[-144.99059,-14.49461],[-144.98756,-14.49298]]],[[[-144.98583,-14.49097],[-144.98816,-14.49069],[-144.98612,-14.49252],[-144.98583,-14.49097]]],[[[-144.97912,-14.48701],[-144.9846,-14.48882],[-144.98185,-14.48989],[-144.97912,-14.48701]]],[[[-144.97619,-14.48581],[-144.97737,-14.48404],[-144.97906,-14.48538],[-144.97778,-14.48722],[-144.97619,-14.48581]]],[[[-144.97227,-14.4839],[-144.97329,-14.48221],[-144.97619,-14.48382],[-144.97433,-14.48531],[-144.97227,-14.4839]]],[[[-144.96361,-14.48019],[-144.96457,-14.47803],[-144.97201,-14.48132],[-144.97034,-14.48331],[-144.96361,-14.48019]]],[[[-144.95853,-14.47796],[-144.95851,-14.47478],[-144.96422,-14.47757],[-144.96254,-14.47969],[-144.95853,-14.47796]]],[[[-144.98227,-14.43086],[-144.98114,-14.42952],[-144.98386,-14.42921],[-145.01288,-14.45195],[-145.03031,-14.45566],[-145.04047,-14.46823],[-145.03628,-14.46922],[-145.03363,-14.46213],[-145.02677,-14.45836],[-145.01027,-14.45414],[-144.98508,-14.43507],[-144.98227,-14.43086]]],[[[-144.97229,-14.42039],[-144.97435,-14.41821],[-144.97758,-14.41997],[-144.97994,-14.4247],[-144.97761,-14.42664],[-144.97229,-14.42039]]],[[[-144.97201,-14.41933],[-144.96997,-14.41917],[-144.97181,-14.4174],[-144.97201,-14.41933]]],[[[-144.96925,-14.41846],[-144.96749,-14.41538],[-144.96958,-14.41579],[-144.96925,-14.41846]]],[[[-144.96636,-14.4166],[-144.9636,-14.41559],[-144.96429,-14.4131],[-144.96666,-14.41431],[-144.96636,-14.4166]]],[[[-144.96329,-14.4148],[-144.96096,-14.41395],[-144.96212,-14.41225],[-144.96329,-14.4148]]],[[[-144.53973,-14.94285],[-144.55218,-14.94507],[-144.55585,-14.95215],[-144.56372,-14.95943],[-144.54826,-14.95839],[-144.53238,-14.94912],[-144.53189,-14.94682],[-144.53973,-14.94285]]],[[[-144.95153,-14.47216],[-144.95771,-14.47429],[-144.95694,-14.47578],[-144.9533,-14.47521],[-144.95153,-14.47216]]],[[[-144.94419,-14.4684],[-144.94537,-14.46639],[-144.95211,-14.47143],[-144.95032,-14.47272],[-144.94419,-14.4684]]],[[[-144.93971,-14.46096],[-144.94109,-14.4605],[-144.94065,-14.4629],[-144.93971,-14.46096]]],[[[-144.93505,-14.45531],[-144.93575,-14.45252],[-144.93702,-14.4547],[-144.93505,-14.45531]]],[[[-144.93103,-14.44917],[-144.9291,-14.44533],[-144.93055,-14.44324],[-144.93373,-14.44885],[-144.93103,-14.44917]]],[[[-144.92721,-14.44287],[-144.9244,-14.43962],[-144.92962,-14.44241],[-144.92721,-14.44287]]],[[[-144.92082,-14.43699],[-144.92249,-14.43724],[-144.92142,-14.43935],[-144.92082,-14.43699]]],[[[-144.89406,-14.42596],[-144.89458,-14.42232],[-144.90198,-14.42869],[-144.91883,-14.43437],[-144.91656,-14.43613],[-144.89766,-14.42916],[-144.89406,-14.42596]]],[[[-144.94273,-14.40648],[-144.95462,-14.40813],[-144.95937,-14.41019],[-144.95954,-14.4124],[-144.94676,-14.40964],[-144.93174,-14.41109],[-144.92249,-14.40952],[-144.92507,-14.40702],[-144.94273,-14.40648]]],[[[-144.92103,-14.40845],[-144.92284,-14.40693],[-144.92212,-14.40943],[-144.92103,-14.40845]]],[[[-144.92008,-14.40562],[-144.92102,-14.40814],[-144.91852,-14.40782],[-144.92008,-14.40562]]],[[[-144.89087,-14.38692],[-144.89993,-14.38866],[-144.91964,-14.40565],[-144.91815,-14.40744],[-144.91411,-14.40572],[-144.89942,-14.39295],[-144.89424,-14.39125],[-144.87906,-14.39127],[-144.86845,-14.39458],[-144.86568,-14.39894],[-144.86853,-14.40699],[-144.88829,-14.41651],[-144.89414,-14.42133],[-144.89246,-14.42234],[-144.87998,-14.41433],[-144.856,-14.40549],[-144.85821,-14.39772],[-144.86465,-14.39126],[-144.87203,-14.38805],[-144.89087,-14.38692]]],[[[-151.43439,-16.74591],[-151.43759,-16.74522],[-151.43534,-16.73615],[-151.43892,-16.73546],[-151.43911,-16.73213],[-151.4432,-16.72958],[-151.44373,-16.72653],[-151.44883,-16.725],[-151.44892,-16.72224],[-151.46452,-16.72231],[-151.46588,-16.72077],[-151.47767,-16.727],[-151.47575,-16.73053],[-151.48032,-16.73165],[-151.48146,-16.7297],[-151.4821,-16.73554],[-151.48645,-16.73902],[-151.48129,-16.74625],[-151.49045,-16.7451],[-151.49277,-16.75705],[-151.48638,-16.75798],[-151.49217,-16.76425],[-151.49293,-16.76817],[-151.48889,-16.7804],[-151.48926,-16.78907],[-151.49328,-16.79421],[-151.48998,-16.7983],[-151.49046,-16.80312],[-151.48364,-16.81896],[-151.48115,-16.81949],[-151.4796,-16.81657],[-151.47728,-16.82236],[-151.48127,-16.8258],[-151.47893,-16.82998],[-151.48347,-16.83851],[-151.48078,-16.8424],[-151.48294,-16.84534],[-151.47827,-16.85031],[-151.4818,-16.85471],[-151.48209,-16.85909],[-151.47964,-16.86013],[-151.47304,-16.85643],[-151.46538,-16.85844],[-151.47177,-16.86626],[-151.46302,-16.88429],[-151.45827,-16.88736],[-151.46421,-16.89247],[-151.47061,-16.90628],[-151.45795,-16.90994],[-151.45923,-16.91572],[-151.45346,-16.91531],[-151.44941,-16.91801],[-151.44578,-16.91671],[-151.44132,-16.90981],[-151.43341,-16.90693],[-151.43303,-16.89365],[-151.42886,-16.8943],[-151.42577,-16.89092],[-151.42909,-16.88522],[-151.42651,-16.87942],[-151.42342,-16.87843],[-151.42187,-16.88077],[-151.41621,-16.89549],[-151.41432,-16.89513],[-151.41525,-16.89078],[-151.39552,-16.89154],[-151.39099,-16.88675],[-151.39336,-16.88286],[-151.39182,-16.88099],[-151.3885,-16.8806],[-151.38239,-16.88403],[-151.38337,-16.87675],[-151.37699,-16.87598],[-151.37527,-16.8732],[-151.37315,-16.87666],[-151.36928,-16.87627],[-151.37106,-16.87083],[-151.36827,-16.86898],[-151.36767,-16.87221],[-151.36474,-16.87192],[-151.35641,-16.8638],[-151.35197,-16.85182],[-151.35351,-16.84547],[-151.36146,-16.8477],[-151.3708,-16.84642],[-151.36723,-16.8429],[-151.3602,-16.84161],[-151.35724,-16.83634],[-151.37358,-16.83665],[-151.37512,-16.83386],[-151.37001,-16.82928],[-151.37127,-16.82687],[-151.38194,-16.82265],[-151.38975,-16.82847],[-151.3921,-16.82748],[-151.3926,-16.82029],[-151.3977,-16.81946],[-151.39829,-16.81659],[-151.39534,-16.80908],[-151.40305,-16.80729],[-151.41391,-16.82004],[-151.42076,-16.82298],[-151.41558,-16.81337],[-151.39968,-16.79583],[-151.4081,-16.79465],[-151.40803,-16.78643],[-151.41397,-16.7852],[-151.4153,-16.78272],[-151.41402,-16.77532],[-151.41572,-16.77445],[-151.4172,-16.77738],[-151.42202,-16.77822],[-151.42417,-16.77639],[-151.4215,-16.77187],[-151.42229,-16.7633],[-151.43344,-16.75115],[-151.4315,-16.74888],[-151.43439,-16.74591]]],[[[-151.3856,-16.78952],[-151.38456,-16.7871],[-151.38975,-16.79079],[-151.3856,-16.78952]]],[[[-138.37285,-17.35305],[-138.3749,-17.35086],[-138.37511,-17.35306],[-138.37285,-17.35305]]],[[[-138.35608,-17.34581],[-138.36205,-17.34713],[-138.36025,-17.35071],[-138.35582,-17.34926],[-138.35608,-17.34581]]],[[[-138.35278,-17.34283],[-138.35301,-17.34617],[-138.35122,-17.34512],[-138.35278,-17.34283]]],[[[-138.33689,-17.32622],[-138.41619,-17.32876],[-138.44319,-17.3379],[-138.45327,-17.34441],[-138.45686,-17.35247],[-138.45343,-17.35591],[-138.44154,-17.35613],[-138.442,-17.35252],[-138.44977,-17.34799],[-138.44761,-17.34462],[-138.43671,-17.33953],[-138.43735,-17.33788],[-138.4359,-17.33901],[-138.41768,-17.33217],[-138.39499,-17.32959],[-138.36801,-17.33133],[-138.33381,-17.32922],[-138.33471,-17.33088],[-138.33133,-17.33504],[-138.32975,-17.32941],[-138.33689,-17.32622]]],[[[-138.34072,-17.3389],[-138.33908,-17.33783],[-138.34171,-17.33539],[-138.34072,-17.3389]]],[[[-138.33656,-17.33456],[-138.33716,-17.33609],[-138.33448,-17.3366],[-138.33656,-17.33456]]],[[[-149.44489,-23.38711],[-149.43925,-23.38085],[-149.43666,-23.37318],[-149.43859,-23.3582],[-149.44704,-23.34883],[-149.46292,-23.34278],[-149.47488,-23.34266],[-149.49318,-23.34756],[-149.50541,-23.35414],[-149.51443,-23.35443],[-149.5309,-23.36932],[-149.52611,-23.38055],[-149.50585,-23.40324],[-149.48548,-23.39659],[-149.45584,-23.39342],[-149.44489,-23.38711]]],[[[-149.39609,-23.37047],[-149.39442,-23.36703],[-149.39787,-23.36437],[-149.39609,-23.37047]]],[[[-149.40965,-23.34446],[-149.41208,-23.34421],[-149.4073,-23.34721],[-149.40965,-23.34446]]],[[[-149.41307,-23.34067],[-149.41526,-23.34162],[-149.41341,-23.34454],[-149.41158,-23.3422],[-149.41307,-23.34067]]],[[[-151.47324,-16.86857],[-151.47442,-16.86728],[-151.47616,-16.86932],[-151.47045,-16.87021],[-151.47324,-16.86857]]],[[[-151.42271,-16.91623],[-151.43109,-16.91779],[-151.42045,-16.91847],[-151.42271,-16.91623]]],[[[-151.4267,-16.89995],[-151.42535,-16.90761],[-151.42373,-16.90085],[-151.4267,-16.89995]]],[[[-151.46713,-16.88768],[-151.46444,-16.88588],[-151.46479,-16.88363],[-151.47068,-16.88827],[-151.46713,-16.88768]]],[[[-139.01914,-21.88851],[-139.02044,-21.88699],[-139.02437,-21.88803],[-139.01685,-21.89114],[-139.00757,-21.88874],[-139.00916,-21.88654],[-139.01914,-21.88851]]],[[[-139.00568,-21.88791],[-139.00355,-21.88676],[-139.00489,-21.8858],[-139.00723,-21.8883],[-139.00568,-21.88791]]],[[[-139.02934,-21.88565],[-139.03014,-21.8844],[-139.03121,-21.88674],[-139.02845,-21.88748],[-139.02934,-21.88565]]],[[[-139.00082,-21.88621],[-138.99827,-21.88636],[-138.99888,-21.8842],[-139.00082,-21.88621]]],[[[-139.03807,-21.8844],[-139.03391,-21.88641],[-139.03236,-21.88477],[-139.03457,-21.88067],[-139.03488,-21.87716],[-139.03247,-21.8763],[-139.03399,-21.87411],[-139.04212,-21.88131],[-139.03807,-21.8844]]],[[[-139.00414,-21.85742],[-139.00817,-21.85708],[-139.00868,-21.86036],[-138.99591,-21.8611],[-138.99623,-21.85796],[-139.00414,-21.85742]]],[[[-140.66158,-21.66499],[-140.66824,-21.6681],[-140.66961,-21.67204],[-140.66635,-21.67282],[-140.66158,-21.66499]]],[[[-140.65148,-21.64235],[-140.6558,-21.64727],[-140.65592,-21.6571],[-140.65148,-21.64235]]],[[[-140.62398,-21.62405],[-140.62794,-21.62433],[-140.62714,-21.62898],[-140.62218,-21.62766],[-140.61426,-21.62975],[-140.6095,-21.64672],[-140.6127,-21.62805],[-140.62398,-21.62405]]],[[[-140.64379,-21.62508],[-140.6473,-21.6282],[-140.65127,-21.64176],[-140.64231,-21.63073],[-140.63443,-21.63174],[-140.63024,-21.62899],[-140.639,-21.62876],[-140.64379,-21.62508]]],[[[-139.13831,-20.76771],[-139.14814,-20.76996],[-139.15144,-20.77572],[-139.15206,-20.78234],[-139.14816,-20.78173],[-139.14396,-20.77218],[-139.1378,-20.77032],[-139.13103,-20.77414],[-139.13897,-20.79214],[-139.14545,-20.79079],[-139.14814,-20.78707],[-139.14768,-20.78261],[-139.15203,-20.78254],[-139.14901,-20.79159],[-139.14496,-20.79554],[-139.14012,-20.7953],[-139.13632,-20.79235],[-139.13107,-20.78303],[-139.13062,-20.77139],[-139.13831,-20.76771]]],[[[-138.84084,-21.87408],[-138.84113,-21.87122],[-138.85735,-21.87619],[-138.85084,-21.87716],[-138.84084,-21.87408]]],[[[-138.92793,-21.87276],[-138.92946,-21.87154],[-138.93275,-21.87535],[-138.92793,-21.87276]]],[[[-138.92181,-21.87075],[-138.92172,-21.86845],[-138.92782,-21.8711],[-138.92181,-21.87075]]],[[[-138.89292,-21.86554],[-138.89801,-21.86432],[-138.9015,-21.86641],[-138.86297,-21.8767],[-138.86321,-21.87412],[-138.86552,-21.87573],[-138.86915,-21.87186],[-138.8762,-21.87202],[-138.87643,-21.86999],[-138.89292,-21.86554]]],[[[-138.90868,-21.86588],[-138.92,-21.86785],[-138.9209,-21.86984],[-138.91203,-21.86877],[-138.90868,-21.86588]]],[[[-138.90781,-21.86729],[-138.90609,-21.86725],[-138.90695,-21.8658],[-138.90781,-21.86729]]],[[[-138.89288,-21.77816],[-138.90584,-21.77824],[-138.91258,-21.7847],[-138.9019,-21.78015],[-138.89517,-21.78052],[-138.87434,-21.78406],[-138.86252,-21.78944],[-138.86452,-21.78593],[-138.87023,-21.78305],[-138.89288,-21.77816]]],[[[-138.75948,-22.26715],[-138.76194,-22.26699],[-138.762,-22.27199],[-138.75901,-22.27145],[-138.75948,-22.26715]]],[[[-138.75941,-22.25927],[-138.76177,-22.25774],[-138.76123,-22.2634],[-138.75941,-22.25927]]],[[[-138.78342,-22.2269],[-138.78322,-22.22506],[-138.78589,-22.22632],[-138.78342,-22.2269]]],[[[-138.78442,-22.22252],[-138.788,-22.22026],[-138.7913,-22.22269],[-138.7894,-22.22503],[-138.78442,-22.22252]]],[[[-138.77576,-22.21189],[-138.77336,-22.20991],[-138.77511,-22.20944],[-138.77576,-22.21189]]],[[[-138.7604,-22.20154],[-138.76857,-22.20503],[-138.76744,-22.20608],[-138.7604,-22.20154]]],[[[-138.82912,-21.86787],[-138.82762,-21.86551],[-138.83441,-21.86889],[-138.83295,-21.87009],[-138.82912,-21.86787]]],[[[-138.79117,-21.83875],[-138.81704,-21.85385],[-138.82664,-21.86529],[-138.82162,-21.86346],[-138.81439,-21.8549],[-138.78373,-21.83801],[-138.77947,-21.83087],[-138.79016,-21.81771],[-138.80359,-21.80841],[-138.84303,-21.80557],[-138.82717,-21.81095],[-138.80721,-21.81082],[-138.79882,-21.81394],[-138.78543,-21.82568],[-138.78584,-21.83503],[-138.79117,-21.83875]]],[[[-138.72494,-22.2628],[-138.74763,-22.27187],[-138.75515,-22.27919],[-138.76186,-22.27461],[-138.7604,-22.28155],[-138.75406,-22.28043],[-138.74747,-22.27443],[-138.72485,-22.26466],[-138.72494,-22.2628]]],[[[-138.71808,-22.26177],[-138.72216,-22.26399],[-138.71846,-22.26383],[-138.71808,-22.26177]]],[[[-138.74673,-22.19638],[-138.75077,-22.19519],[-138.7589,-22.20018],[-138.75699,-22.20124],[-138.75074,-22.19717],[-138.7384,-22.20296],[-138.70599,-22.23626],[-138.70685,-22.25483],[-138.70973,-22.2596],[-138.71658,-22.26134],[-138.71602,-22.26384],[-138.71002,-22.26293],[-138.70659,-22.25923],[-138.70353,-22.23634],[-138.73193,-22.20581],[-138.74673,-22.19638]]],[[[-138.53331,-20.87321],[-138.53556,-20.87454],[-138.53323,-20.87532],[-138.53331,-20.87321]]],[[[-138.55377,-20.86244],[-138.55575,-20.86431],[-138.55254,-20.86769],[-138.54557,-20.86865],[-138.55377,-20.86244]]],[[[-138.57316,-20.83924],[-138.57513,-20.84744],[-138.5737,-20.84994],[-138.56732,-20.85156],[-138.56662,-20.85015],[-138.57216,-20.84653],[-138.57316,-20.83924]]],[[[-138.57272,-20.83183],[-138.5741,-20.83425],[-138.57258,-20.83519],[-138.57272,-20.83183]]],[[[-138.56461,-20.76903],[-138.56816,-20.77171],[-138.57312,-20.80714],[-138.57147,-20.80771],[-138.56766,-20.79821],[-138.56525,-20.77489],[-138.56023,-20.77254],[-138.5124,-20.80093],[-138.50728,-20.80752],[-138.50394,-20.82294],[-138.51089,-20.84983],[-138.51109,-20.87132],[-138.5138,-20.88197],[-138.52121,-20.88438],[-138.52582,-20.88361],[-138.53181,-20.87549],[-138.53341,-20.87619],[-138.5275,-20.88516],[-138.51554,-20.88598],[-138.50986,-20.87849],[-138.50851,-20.84934],[-138.50222,-20.8222],[-138.50646,-20.80402],[-138.55215,-20.77376],[-138.56461,-20.76903]]],[[[-138.57532,-20.8221],[-138.572,-20.80962],[-138.57398,-20.8087],[-138.57737,-20.81726],[-138.57532,-20.8221]]],[[[-139.59785,-8.95495],[-139.59935,-8.95674],[-139.59627,-8.95649],[-139.59785,-8.95495]]],[[[-139.59295,-8.95333],[-139.59468,-8.95481],[-139.59134,-8.95432],[-139.59295,-8.95333]]],[[[-139.55062,-8.8654],[-139.55834,-8.86794],[-139.5607,-8.87174],[-139.5624,-8.86923],[-139.56727,-8.87082],[-139.56904,-8.8761],[-139.57271,-8.87381],[-139.57727,-8.87605],[-139.57675,-8.87107],[-139.58678,-8.86921],[-139.58585,-8.87664],[-139.58872,-8.87776],[-139.58817,-8.88064],[-139.59157,-8.88154],[-139.59312,-8.88693],[-139.5963,-8.88695],[-139.59483,-8.8895],[-139.60005,-8.89092],[-139.59896,-8.89515],[-139.60271,-8.89394],[-139.6058,-8.89582],[-139.60982,-8.90511],[-139.60873,-8.9071],[-139.61154,-8.90666],[-139.61151,-8.91699],[-139.61447,-8.92197],[-139.61063,-8.92723],[-139.61321,-8.92958],[-139.6099,-8.93187],[-139.60795,-8.92987],[-139.59703,-8.94326],[-139.59412,-8.94149],[-139.59114,-8.95039],[-139.58216,-8.95106],[-139.58105,-8.95429],[-139.57135,-8.94483],[-139.57475,-8.93759],[-139.56885,-8.94434],[-139.56259,-8.93849],[-139.55186,-8.94047],[-139.54821,-8.93256],[-139.5455,-8.9336],[-139.54371,-8.93069],[-139.53938,-8.93503],[-139.53596,-8.93292],[-139.53467,-8.9248],[-139.52877,-8.93256],[-139.52476,-8.93169],[-139.5206,-8.92743],[-139.51704,-8.92861],[-139.51516,-8.9339],[-139.50984,-8.92844],[-139.50122,-8.93976],[-139.49559,-8.93748],[-139.49043,-8.94145],[-139.49284,-8.93868],[-139.48815,-8.93726],[-139.4869,-8.93384],[-139.49484,-8.93084],[-139.49106,-8.92949],[-139.48968,-8.9253],[-139.48436,-8.92567],[-139.48615,-8.92149],[-139.49499,-8.92036],[-139.49499,-8.91863],[-139.48883,-8.91689],[-139.48562,-8.91339],[-139.48793,-8.91301],[-139.49152,-8.90733],[-139.49901,-8.90777],[-139.49965,-8.90622],[-139.49321,-8.90197],[-139.49552,-8.89752],[-139.50215,-8.89947],[-139.50402,-8.89789],[-139.49859,-8.89284],[-139.5015,-8.88599],[-139.50482,-8.88624],[-139.50418,-8.88402],[-139.50912,-8.88218],[-139.51322,-8.88655],[-139.51487,-8.88205],[-139.51831,-8.88569],[-139.52067,-8.87365],[-139.5222,-8.87806],[-139.52492,-8.87764],[-139.52677,-8.87079],[-139.53441,-8.87114],[-139.53611,-8.87421],[-139.53842,-8.86801],[-139.54209,-8.87258],[-139.5427,-8.86942],[-139.54549,-8.86797],[-139.54709,-8.86969],[-139.55062,-8.8654]]],[[[-140.05564,-9.467],[-140.05283,-9.4662],[-140.05015,-9.46105],[-140.04868,-9.45259],[-140.04581,-9.44988],[-140.04256,-9.45179],[-140.03686,-9.44826],[-140.03842,-9.43659],[-140.04464,-9.43694],[-140.04565,-9.4333],[-140.0358,-9.43077],[-140.03922,-9.42466],[-140.0361,-9.42288],[-140.03802,-9.42133],[-140.03114,-9.41598],[-140.0305,-9.41219],[-140.03723,-9.40774],[-140.02932,-9.40451],[-140.0293,-9.39877],[-140.03145,-9.39728],[-140.02956,-9.39504],[-140.03174,-9.39276],[-140.02781,-9.39209],[-140.02499,-9.38702],[-140.03661,-9.38531],[-140.03761,-9.38274],[-140.0314,-9.37651],[-140.024,-9.37531],[-140.02645,-9.37182],[-140.02396,-9.36668],[-140.01989,-9.36406],[-140.02423,-9.36291],[-140.02737,-9.36621],[-140.03403,-9.3584],[-140.03849,-9.36214],[-140.04095,-9.35963],[-140.03931,-9.35524],[-140.04494,-9.35564],[-140.04671,-9.35972],[-140.04989,-9.35934],[-140.05063,-9.3509],[-140.05605,-9.34616],[-140.05936,-9.34696],[-140.05989,-9.34447],[-140.07133,-9.33934],[-140.06966,-9.33605],[-140.07268,-9.3356],[-140.07413,-9.33752],[-140.08086,-9.33699],[-140.08172,-9.34259],[-140.08942,-9.34597],[-140.09253,-9.34516],[-140.09271,-9.3413],[-140.09365,-9.34412],[-140.09643,-9.34437],[-140.09583,-9.34716],[-140.10092,-9.3487],[-140.10305,-9.35859],[-140.10698,-9.35951],[-140.11015,-9.35671],[-140.11299,-9.35947],[-140.11102,-9.3612],[-140.11112,-9.36758],[-140.11472,-9.3698],[-140.11497,-9.37249],[-140.11951,-9.37271],[-140.12251,-9.37881],[-140.12754,-9.37803],[-140.12808,-9.38271],[-140.13509,-9.38162],[-140.13206,-9.38487],[-140.12702,-9.38416],[-140.12624,-9.38568],[-140.12901,-9.39536],[-140.12648,-9.39846],[-140.13108,-9.40115],[-140.12885,-9.40148],[-140.1278,-9.40485],[-140.12415,-9.40432],[-140.1227,-9.40955],[-140.12021,-9.40954],[-140.11414,-9.41603],[-140.11443,-9.42117],[-140.11177,-9.42356],[-140.10866,-9.42275],[-140.10543,-9.43184],[-140.09612,-9.4336],[-140.09594,-9.44321],[-140.08881,-9.44258],[-140.09107,-9.44701],[-140.08705,-9.44784],[-140.08589,-9.45382],[-140.07635,-9.4541],[-140.0761,-9.46138],[-140.06639,-9.46367],[-140.06282,-9.46114],[-140.05564,-9.467]]],[[[-140.04782,-9.47508],[-140.05053,-9.47883],[-140.04416,-9.48409],[-140.04782,-9.47508]]],[[[-140.01154,-9.36129],[-140.01439,-9.36244],[-140.01205,-9.36338],[-140.01154,-9.36129]]],[[[-140.01792,-9.35988],[-140.01953,-9.36273],[-140.01592,-9.36187],[-140.01792,-9.35988]]]]},"properties":{"code":"987","nom":"Polynésie française"}},
{"type":"Feature","geometry":{"type":"MultiPolygon","coordinates":[[[[163.70653,-19.90209],[163.70766,-19.89583],[163.70587,-19.89706],[163.70653,-19.90209]]],[[[163.69776,-19.84664],[163.70023,-19.83857],[163.69736,-19.8396],[163.69776,-19.84664]]],[[[163.69558,-19.83391],[163.70004,-19.83351],[163.69853,-19.8279],[163.69546,-19.82761],[163.69558,-19.83391]]],[[[163.67948,-19.81484],[163.67833,-19.82049],[163.67291,-19.82248],[163.67322,-19.82678],[163.68146,-19.8255],[163.68888,-19.81822],[163.68456,-19.80933],[163.67948,-19.81484]]],[[[163.70241,-19.76936],[163.70504,-19.76458],[163.70471,-19.75554],[163.69911,-19.73833],[163.6945,-19.74067],[163.6893,-19.73912],[163.68162,-19.72913],[163.6773,-19.72936],[163.67307,-19.72382],[163.67578,-19.71646],[163.67461,-19.69347],[163.66993,-19.68077],[163.64571,-19.64798],[163.63397,-19.627],[163.62174,-19.62102],[163.62371,-19.63123],[163.63883,-19.64784],[163.64085,-19.66201],[163.64609,-19.67062],[163.64497,-19.67447],[163.63802,-19.67762],[163.62936,-19.68897],[163.63175,-19.69314],[163.63074,-19.6968],[163.63543,-19.7052],[163.63284,-19.71052],[163.63789,-19.70966],[163.64593,-19.71355],[163.64004,-19.72184],[163.64231,-19.72785],[163.65223,-19.73698],[163.65299,-19.75354],[163.66308,-19.76102],[163.66378,-19.76578],[163.67297,-19.77139],[163.67302,-19.77691],[163.67089,-19.77817],[163.67488,-19.78215],[163.67622,-19.78736],[163.67836,-19.78565],[163.67929,-19.77136],[163.68158,-19.76845],[163.68727,-19.76605],[163.69181,-19.76949],[163.70241,-19.76936]]],[[[163.57398,-19.56344],[163.57963,-19.57137],[163.58279,-19.57061],[163.58441,-19.56653],[163.58717,-19.56776],[163.59043,-19.57435],[163.58887,-19.579],[163.58211,-19.58115],[163.5847,-19.58574],[163.58401,-19.59299],[163.59404,-19.60385],[163.59756,-19.60356],[163.60272,-19.59911],[163.61314,-19.59707],[163.61752,-19.59259],[163.60974,-19.58901],[163.6056,-19.58393],[163.6058,-19.58091],[163.5985,-19.57561],[163.59751,-19.56875],[163.58935,-19.56266],[163.58728,-19.55547],[163.5769,-19.53941],[163.57269,-19.54161],[163.57586,-19.54789],[163.5697,-19.55511],[163.57398,-19.56344]]],[[[166.02739,-22.06202],[166.02565,-22.06057],[166.02593,-22.06332],[166.02739,-22.06202]]],[[[166.05491,-22.03732],[166.05436,-22.03248],[166.04966,-22.02871],[166.04305,-22.02741],[166.04006,-22.03653],[166.03307,-22.04108],[166.03025,-22.04034],[166.0272,-22.04586],[166.03077,-22.05146],[166.037,-22.05446],[166.0407,-22.066],[166.04546,-22.07128],[166.06292,-22.07814],[166.06297,-22.07594],[166.05449,-22.07218],[166.05028,-22.06564],[166.04831,-22.06579],[166.04513,-22.05902],[166.0477,-22.05355],[166.0546,-22.05221],[166.05573,-22.05002],[166.05263,-22.04051],[166.05491,-22.03732]]],[[[165.93819,-22.00797],[165.93549,-22.00781],[165.93695,-22.01112],[165.9441,-22.00926],[165.93819,-22.00797]]],[[[166.10406,-21.99673],[166.10219,-22.0004],[166.1049,-22.00447],[166.10782,-22.00406],[166.10895,-22.00062],[166.10406,-21.99673]]],[[[166.1429,-21.9967],[166.14227,-21.99829],[166.14432,-21.99844],[166.14504,-21.9969],[166.1429,-21.9967]]],[[[166.06085,-22.00544],[166.06202,-22.00352],[166.07108,-22.00372],[166.06851,-21.99489],[166.05537,-21.99334],[166.05189,-22.00309],[166.04921,-22.00343],[166.04539,-22.00136],[166.0476,-21.99581],[166.04424,-21.99095],[166.02105,-21.98388],[166.01936,-21.9849],[166.02575,-22.00033],[166.02308,-22.01027],[166.03053,-22.02753],[166.04513,-22.02235],[166.04641,-22.01209],[166.05256,-22.01254],[166.05211,-22.00729],[166.05394,-22.00583],[166.06686,-22.01456],[166.06243,-22.01101],[166.06085,-22.00544]],[[166.02938,-22.01156],[166.03213,-22.00789],[166.03648,-22.00986],[166.03701,-22.01368],[166.03302,-22.013],[166.03162,-22.01518],[166.02938,-22.01156]]],[[[166.10167,-21.98331],[166.09462,-21.98119],[166.09809,-21.98689],[166.10167,-21.98331]]],[[[166.11134,-21.9812],[166.10607,-21.97929],[166.1053,-21.98061],[166.10911,-21.98268],[166.10865,-21.98546],[166.11199,-21.98328],[166.11134,-21.9812]]],[[[166.06636,-21.98083],[166.06693,-21.97774],[166.06354,-21.97768],[166.0641,-21.98115],[166.06636,-21.98083]]],[[[166.01052,-21.97002],[166.01262,-21.96898],[166.00924,-21.9676],[166.01052,-21.97002]]],[[[165.96789,-21.9751],[165.96819,-21.97044],[165.96399,-21.96462],[165.95749,-21.96622],[165.94405,-21.96324],[165.95072,-21.97533],[165.95868,-21.97629],[165.9594,-21.97931],[165.96389,-21.98178],[165.96842,-21.98087],[165.96789,-21.9751]]],[[[165.97209,-21.96644],[165.99841,-21.98935],[166.00159,-21.98813],[166.00335,-21.98404],[166.01471,-21.97829],[166.00806,-21.9737],[165.99745,-21.97107],[165.99478,-21.96645],[165.98619,-21.96604],[165.98047,-21.96232],[165.97232,-21.96232],[165.97209,-21.96644]]],[[[166.08324,-21.9748],[166.07682,-21.97591],[166.07449,-21.9833],[166.0764,-21.98711],[166.08326,-21.98581],[166.08356,-21.98267],[166.09412,-21.9785],[166.09414,-21.96756],[166.09941,-21.96387],[166.09307,-21.9598],[166.09275,-21.95384],[166.09005,-21.95393],[166.08952,-21.95857],[166.0833,-21.95801],[166.09088,-21.96217],[166.08324,-21.9748]]],[[[166.03393,-21.94909],[166.02869,-21.95116],[166.02665,-21.95479],[166.03459,-21.95362],[166.03393,-21.94909]]],[[[166.09849,-21.94586],[166.097,-21.94809],[166.10172,-21.9474],[166.09849,-21.94586]]],[[[166.06727,-21.94446],[166.06555,-21.94575],[166.06763,-21.94759],[166.06727,-21.94446]]],[[[166.10994,-21.94189],[166.10397,-21.94236],[166.10633,-21.94373],[166.10994,-21.94189]]],[[[166.09259,-21.94505],[166.0911,-21.94229],[166.08832,-21.94208],[166.0901,-21.94538],[166.09259,-21.94505]]],[[[165.91968,-21.94581],[165.92401,-21.94765],[165.91707,-21.93763],[165.91573,-21.94216],[165.91968,-21.94581]]],[[[166.11656,-21.93844],[166.11507,-21.93825],[166.1187,-21.93905],[166.11656,-21.93844]]],[[[165.91305,-21.93356],[165.9108,-21.93292],[165.91096,-21.9359],[165.91485,-21.93616],[165.91305,-21.93356]]],[[[166.09442,-21.93083],[166.09388,-21.9325],[166.09641,-21.93146],[166.09442,-21.93083]]],[[[166.09023,-21.9315],[166.09298,-21.93265],[166.09172,-21.92962],[166.09023,-21.9315]]],[[[165.90742,-21.93032],[165.90219,-21.92664],[165.89923,-21.92793],[165.90795,-21.93486],[165.91,-21.93317],[165.90742,-21.93032]]],[[[165.9294,-21.91946],[165.92598,-21.92186],[165.9287,-21.92534],[165.9294,-21.91946]]],[[[166.03464,-21.90315],[166.03394,-21.90468],[166.03757,-21.9035],[166.03464,-21.90315]]],[[[166.0362,-21.90119],[166.04011,-21.89917],[166.03702,-21.89904],[166.0362,-21.90119]]],[[[166.05591,-21.89103],[166.06193,-21.89192],[166.0624,-21.89033],[166.05702,-21.8894],[166.05591,-21.89103]]],[[[166.04924,-21.88983],[166.04842,-21.89133],[166.05242,-21.89138],[166.04924,-21.88983]]],[[[166.03533,-21.88994],[166.03866,-21.88821],[166.03738,-21.8871],[166.03134,-21.8928],[166.03533,-21.88994]]],[[[166.16189,-21.99372],[166.14663,-22.00278],[166.15098,-22.00768],[166.14943,-22.01675],[166.15583,-22.01305],[166.1581,-22.00873],[166.16576,-22.01016],[166.16536,-22.01514],[166.16058,-22.01586],[166.16225,-22.01883],[166.16527,-22.0193],[166.16551,-22.01645],[166.17037,-22.01452],[166.17378,-22.02119],[166.18272,-22.01639],[166.18449,-22.01785],[166.18389,-22.02379],[166.18652,-22.02328],[166.18449,-22.02947],[166.18921,-22.0269],[166.19243,-22.03013],[166.19238,-22.02805],[166.19681,-22.02653],[166.19573,-22.02061],[166.19801,-22.02403],[166.19786,-22.02153],[166.20338,-22.01939],[166.20314,-22.01445],[166.20019,-22.01345],[166.2015,-22.01698],[166.19867,-22.01542],[166.19713,-22.01006],[166.19904,-22.00945],[166.20248,-22.0106],[166.20755,-22.01963],[166.19799,-22.02268],[166.19918,-22.02622],[166.20243,-22.02604],[166.20378,-22.03003],[166.20838,-22.03019],[166.20826,-22.02642],[166.21057,-22.0281],[166.20939,-22.03258],[166.21678,-22.03418],[166.20795,-22.03249],[166.20525,-22.03588],[166.20738,-22.03865],[166.2034,-22.03658],[166.20065,-22.03792],[166.19892,-22.04426],[166.19561,-22.04458],[166.19648,-22.04679],[166.19281,-22.04233],[166.1862,-22.04012],[166.17703,-22.04134],[166.1757,-22.03609],[166.17157,-22.0334],[166.17386,-22.0392],[166.17244,-22.03987],[166.16743,-22.0351],[166.16551,-22.0383],[166.15931,-22.03945],[166.15207,-22.03317],[166.14782,-22.03375],[166.14528,-22.03132],[166.14109,-22.03647],[166.13613,-22.03737],[166.11711,-22.02508],[166.116,-22.02735],[166.11797,-22.02991],[166.11485,-22.03186],[166.11868,-22.03632],[166.13094,-22.04025],[166.14538,-22.03683],[166.14588,-22.04177],[166.1557,-22.04152],[166.16255,-22.04556],[166.16357,-22.05328],[166.15614,-22.05647],[166.16124,-22.06092],[166.16372,-22.07058],[166.16862,-22.07282],[166.16918,-22.07979],[166.17243,-22.07928],[166.16967,-22.08281],[166.17288,-22.0871],[166.16538,-22.08608],[166.16372,-22.07707],[166.16108,-22.07496],[166.15762,-22.07666],[166.14833,-22.07377],[166.15015,-22.07808],[166.14719,-22.07865],[166.14751,-22.07586],[166.1422,-22.07522],[166.14298,-22.07239],[166.13758,-22.06873],[166.13323,-22.07153],[166.12835,-22.06954],[166.13094,-22.06348],[166.12951,-22.06207],[166.11718,-22.05957],[166.11199,-22.06272],[166.12144,-22.0636],[166.1209,-22.06699],[166.12565,-22.0706],[166.1263,-22.07673],[166.11483,-22.08849],[166.12548,-22.09094],[166.12349,-22.09188],[166.12703,-22.10017],[166.13829,-22.09781],[166.14026,-22.08954],[166.15068,-22.08272],[166.16194,-22.08426],[166.17063,-22.09631],[166.17525,-22.0975],[166.17399,-22.10308],[166.17134,-22.1025],[166.17047,-22.09726],[166.1693,-22.10278],[166.17185,-22.10475],[166.18087,-22.10499],[166.18476,-22.10769],[166.19559,-22.10948],[166.21983,-22.12645],[166.22484,-22.13326],[166.22141,-22.13389],[166.22212,-22.13913],[166.21878,-22.14341],[166.24313,-22.14915],[166.24736,-22.15562],[166.24586,-22.16383],[166.25514,-22.15852],[166.26427,-22.16327],[166.26906,-22.17001],[166.27642,-22.16814],[166.27986,-22.16272],[166.27872,-22.16578],[166.28394,-22.16795],[166.28942,-22.16474],[166.29331,-22.16695],[166.2893,-22.16292],[166.2906,-22.15842],[166.28252,-22.14628],[166.28554,-22.14512],[166.28421,-22.14268],[166.29289,-22.14532],[166.29441,-22.15159],[166.30099,-22.16117],[166.30494,-22.1598],[166.30819,-22.15147],[166.31338,-22.15424],[166.31691,-22.15219],[166.3235,-22.15264],[166.32414,-22.14917],[166.32694,-22.14781],[166.32412,-22.14496],[166.32814,-22.1422],[166.32577,-22.14083],[166.33136,-22.13959],[166.33411,-22.13556],[166.33827,-22.13432],[166.33531,-22.14213],[166.33999,-22.14507],[166.33965,-22.13711],[166.34579,-22.13704],[166.34746,-22.13189],[166.349,-22.13364],[166.35153,-22.13198],[166.34934,-22.14618],[166.34633,-22.14632],[166.34482,-22.14896],[166.3488,-22.14962],[166.34702,-22.1543],[166.35214,-22.15841],[166.3589,-22.15503],[166.36228,-22.15672],[166.36575,-22.16045],[166.3628,-22.15889],[166.362,-22.16585],[166.33823,-22.16106],[166.33363,-22.15855],[166.33211,-22.15373],[166.3312,-22.15813],[166.32044,-22.15987],[166.32471,-22.16619],[166.32189,-22.16982],[166.30949,-22.16698],[166.30688,-22.16722],[166.30616,-22.17041],[166.31224,-22.17224],[166.314,-22.17525],[166.31728,-22.17246],[166.32541,-22.17523],[166.3287,-22.18242],[166.32061,-22.18542],[166.3314,-22.19135],[166.33371,-22.19758],[166.33886,-22.19665],[166.34299,-22.19301],[166.34726,-22.19486],[166.34591,-22.20918],[166.34194,-22.21327],[166.33424,-22.21238],[166.33197,-22.21393],[166.33506,-22.22214],[166.3447,-22.22648],[166.34602,-22.2208],[166.35507,-22.21839],[166.3569,-22.21047],[166.35308,-22.20349],[166.3664,-22.19594],[166.36601,-22.19263],[166.37019,-22.18836],[166.37308,-22.18893],[166.37421,-22.187],[166.37576,-22.19332],[166.3669,-22.20326],[166.3717,-22.20701],[166.37389,-22.20075],[166.37796,-22.19881],[166.37755,-22.19418],[166.38003,-22.19075],[166.37401,-22.18113],[166.36819,-22.17675],[166.36731,-22.16782],[166.37935,-22.16967],[166.3763,-22.16403],[166.37808,-22.16308],[166.38351,-22.16842],[166.387,-22.16688],[166.38693,-22.16897],[166.39069,-22.17055],[166.38778,-22.1733],[166.39277,-22.1715],[166.39701,-22.17418],[166.40868,-22.17377],[166.40916,-22.17678],[166.41347,-22.17997],[166.41366,-22.18381],[166.41647,-22.18151],[166.41668,-22.17327],[166.42002,-22.17535],[166.4202,-22.17067],[166.426,-22.16591],[166.42692,-22.16248],[166.43099,-22.16256],[166.43532,-22.16755],[166.4397,-22.16735],[166.44096,-22.17014],[166.43836,-22.17258],[166.43176,-22.1672],[166.43503,-22.1741],[166.43898,-22.17238],[166.4422,-22.17529],[166.44518,-22.16187],[166.44275,-22.15948],[166.44594,-22.15637],[166.45388,-22.15314],[166.44468,-22.15803],[166.44944,-22.15865],[166.44964,-22.16029],[166.44627,-22.16089],[166.44515,-22.1741],[166.44073,-22.17614],[166.44583,-22.17651],[166.44692,-22.17972],[166.43736,-22.18211],[166.4354,-22.17821],[166.43071,-22.18154],[166.42729,-22.17782],[166.4256,-22.18089],[166.43456,-22.1852],[166.44205,-22.19248],[166.43942,-22.19368],[166.43551,-22.19191],[166.42847,-22.19468],[166.42804,-22.19189],[166.42582,-22.19162],[166.42372,-22.1941],[166.42916,-22.19636],[166.43584,-22.19577],[166.43544,-22.19934],[166.44144,-22.19766],[166.43882,-22.20091],[166.44087,-22.20357],[166.43714,-22.20283],[166.4372,-22.20519],[166.43202,-22.20059],[166.42205,-22.20055],[166.43936,-22.21207],[166.44034,-22.20814],[166.44433,-22.21114],[166.44741,-22.21043],[166.44725,-22.20668],[166.45116,-22.21178],[166.45717,-22.21064],[166.45542,-22.21472],[166.46183,-22.21332],[166.46396,-22.2175],[166.46104,-22.21823],[166.46835,-22.21826],[166.46585,-22.21927],[166.46663,-22.22326],[166.4593,-22.22431],[166.46062,-22.22627],[166.45592,-22.23117],[166.45733,-22.23448],[166.45734,-22.24363],[166.46235,-22.24412],[166.46648,-22.23485],[166.46595,-22.23762],[166.46932,-22.23588],[166.46506,-22.24547],[166.4664,-22.2471],[166.46404,-22.24773],[166.46157,-22.24443],[166.45451,-22.24657],[166.4569,-22.23452],[166.45382,-22.22512],[166.44518,-22.22158],[166.4394,-22.22184],[166.4384,-22.23238],[166.43348,-22.23017],[166.43515,-22.22549],[166.43021,-22.22465],[166.42972,-22.2224],[166.42994,-22.22996],[166.42813,-22.2317],[166.41849,-22.22782],[166.40889,-22.23337],[166.40262,-22.2274],[166.39895,-22.23059],[166.39405,-22.23068],[166.39913,-22.23508],[166.40715,-22.2343],[166.40894,-22.23704],[166.40669,-22.24033],[166.41065,-22.2433],[166.4131,-22.23946],[166.41608,-22.23928],[166.41474,-22.24781],[166.41923,-22.24371],[166.4243,-22.24885],[166.4268,-22.24643],[166.42445,-22.24122],[166.42916,-22.24039],[166.43535,-22.24474],[166.43856,-22.243],[166.44919,-22.24875],[166.43169,-22.24467],[166.42929,-22.24611],[166.42611,-22.2525],[166.43291,-22.25462],[166.4386,-22.26181],[166.44068,-22.25937],[166.44329,-22.26182],[166.43914,-22.26556],[166.42708,-22.26327],[166.42475,-22.26593],[166.42722,-22.26837],[166.43694,-22.26837],[166.43763,-22.27585],[166.44089,-22.27558],[166.43257,-22.28387],[166.44408,-22.28432],[166.44407,-22.28824],[166.43685,-22.28999],[166.43792,-22.29413],[166.43598,-22.29239],[166.43137,-22.29374],[166.43802,-22.29701],[166.43813,-22.30013],[166.43461,-22.30363],[166.44561,-22.30344],[166.44892,-22.31149],[166.45605,-22.31181],[166.46205,-22.30673],[166.45751,-22.30101],[166.45958,-22.27989],[166.46822,-22.28087],[166.46993,-22.27141],[166.47424,-22.27478],[166.47182,-22.27826],[166.47464,-22.27964],[166.46638,-22.28273],[166.46619,-22.28577],[166.47412,-22.28328],[166.47731,-22.27987],[166.47935,-22.28062],[166.4788,-22.28339],[166.48134,-22.28337],[166.47932,-22.27974],[166.47824,-22.27945],[166.48076,-22.27704],[166.47544,-22.26866],[166.47201,-22.2674],[166.47586,-22.25902],[166.47348,-22.25607],[166.47289,-22.25065],[166.47526,-22.24977],[166.47725,-22.25241],[166.47419,-22.25536],[166.47603,-22.2589],[166.47881,-22.25741],[166.47708,-22.25656],[166.47809,-22.25341],[166.48074,-22.25268],[166.4831,-22.25446],[166.48053,-22.25773],[166.4861,-22.25821],[166.48409,-22.25214],[166.48667,-22.25208],[166.4887,-22.25978],[166.49059,-22.2598],[166.49348,-22.25681],[166.49031,-22.25426],[166.49386,-22.25422],[166.49321,-22.25246],[166.48961,-22.25206],[166.49066,-22.24972],[166.48548,-22.24717],[166.48915,-22.2459],[166.49286,-22.25024],[166.49609,-22.25052],[166.4883,-22.24452],[166.48959,-22.24188],[166.48621,-22.24317],[166.48251,-22.2409],[166.48363,-22.23907],[166.48573,-22.24112],[166.48588,-22.23915],[166.48913,-22.23924],[166.48594,-22.23753],[166.48778,-22.23522],[166.49272,-22.24037],[166.49658,-22.23878],[166.50395,-22.24113],[166.49293,-22.23174],[166.4939,-22.2237],[166.49089,-22.22165],[166.50291,-22.22853],[166.50684,-22.22557],[166.50692,-22.23304],[166.51018,-22.23284],[166.51334,-22.22816],[166.52061,-22.23049],[166.52212,-22.22893],[166.52928,-22.23988],[166.53169,-22.23356],[166.52949,-22.23154],[166.5312,-22.23016],[166.53336,-22.23235],[166.53611,-22.22982],[166.53476,-22.23334],[166.53669,-22.23458],[166.53455,-22.23356],[166.53126,-22.23844],[166.53584,-22.23748],[166.54011,-22.23968],[166.53873,-22.23683],[166.54185,-22.23742],[166.54443,-22.23429],[166.54605,-22.23632],[166.54258,-22.24252],[166.55008,-22.23659],[166.55037,-22.23257],[166.55529,-22.2344],[166.55782,-22.23069],[166.56286,-22.23149],[166.56447,-22.23373],[166.56113,-22.23492],[166.56379,-22.2359],[166.57429,-22.23511],[166.56289,-22.23973],[166.56621,-22.24219],[166.56906,-22.23779],[166.57362,-22.23676],[166.57146,-22.24108],[166.57367,-22.24128],[166.57297,-22.24357],[166.56729,-22.24595],[166.56711,-22.24974],[166.56208,-22.25356],[166.56102,-22.2591],[166.55922,-22.25616],[166.55466,-22.25691],[166.55799,-22.26296],[166.56204,-22.2624],[166.56044,-22.264],[166.56364,-22.26529],[166.56241,-22.26687],[166.55721,-22.2647],[166.55743,-22.26799],[166.55961,-22.26821],[166.55586,-22.27111],[166.5641,-22.27063],[166.57158,-22.27366],[166.57325,-22.27812],[166.58559,-22.28513],[166.59068,-22.29252],[166.5996,-22.29279],[166.61841,-22.28711],[166.62283,-22.28414],[166.62325,-22.2769],[166.63001,-22.27413],[166.64533,-22.28506],[166.65004,-22.29297],[166.64893,-22.29448],[166.66424,-22.29728],[166.67044,-22.30601],[166.68461,-22.30726],[166.68332,-22.31693],[166.6797,-22.31895],[166.68445,-22.32252],[166.69592,-22.32376],[166.69835,-22.31322],[166.70029,-22.31046],[166.70522,-22.31008],[166.70718,-22.31151],[166.70079,-22.33523],[166.72651,-22.34458],[166.74811,-22.33984],[166.7581,-22.34278],[166.758,-22.3479],[166.74628,-22.34879],[166.73031,-22.36393],[166.73088,-22.37466],[166.74283,-22.38232],[166.76669,-22.38569],[166.77166,-22.391],[166.78613,-22.38942],[166.79813,-22.38275],[166.79802,-22.37654],[166.80118,-22.3773],[166.81137,-22.37245],[166.8228,-22.37616],[166.82715,-22.37996],[166.82682,-22.38229],[166.83071,-22.38335],[166.83196,-22.38715],[166.84325,-22.38658],[166.84191,-22.37907],[166.83256,-22.37316],[166.83316,-22.3701],[166.83016,-22.36673],[166.83269,-22.36554],[166.83195,-22.3627],[166.82157,-22.35903],[166.82003,-22.36138],[166.81062,-22.361],[166.80923,-22.35852],[166.81696,-22.3543],[166.81127,-22.34789],[166.81299,-22.34433],[166.82049,-22.3458],[166.82756,-22.33542],[166.82025,-22.33227],[166.82078,-22.32881],[166.82772,-22.32426],[166.82581,-22.31972],[166.83352,-22.31639],[166.83743,-22.30903],[166.84395,-22.31069],[166.84677,-22.30888],[166.84735,-22.30651],[166.84365,-22.30665],[166.84229,-22.30399],[166.83881,-22.30641],[166.83736,-22.30425],[166.84092,-22.30159],[166.85029,-22.30484],[166.85441,-22.30069],[166.86023,-22.30164],[166.86055,-22.29917],[166.86277,-22.30104],[166.85108,-22.30845],[166.84852,-22.31406],[166.83988,-22.31425],[166.84259,-22.32676],[166.84056,-22.32795],[166.85254,-22.33615],[166.8502,-22.33912],[166.8522,-22.3504],[166.8658,-22.34594],[166.85562,-22.33389],[166.85903,-22.32191],[166.86217,-22.32084],[166.86841,-22.32557],[166.87388,-22.32047],[166.87714,-22.32029],[166.87843,-22.34078],[166.88269,-22.34162],[166.88956,-22.34747],[166.89125,-22.35306],[166.89706,-22.35568],[166.89671,-22.35802],[166.90206,-22.36287],[166.90037,-22.36518],[166.89359,-22.3648],[166.89025,-22.3676],[166.88749,-22.37091],[166.8883,-22.37493],[166.89621,-22.37272],[166.91055,-22.37452],[166.91289,-22.37087],[166.91591,-22.37413],[166.91931,-22.37408],[166.92089,-22.37872],[166.91612,-22.3776],[166.91339,-22.37918],[166.91634,-22.38382],[166.90866,-22.38195],[166.90766,-22.38681],[166.90124,-22.38369],[166.89724,-22.38656],[166.89338,-22.38565],[166.89084,-22.39053],[166.8957,-22.38946],[166.89703,-22.39164],[166.90655,-22.39456],[166.92529,-22.39512],[166.93547,-22.38624],[166.94179,-22.37596],[166.95095,-22.37065],[166.95473,-22.365],[166.9617,-22.3627],[166.96051,-22.35955],[166.95186,-22.35492],[166.95418,-22.34856],[166.95721,-22.34708],[166.95572,-22.34223],[166.962,-22.33948],[166.96123,-22.34322],[166.96388,-22.34765],[166.97516,-22.3531],[166.97877,-22.33809],[166.98181,-22.33584],[166.98682,-22.33674],[166.98147,-22.33072],[166.98793,-22.33515],[166.98559,-22.33904],[166.98937,-22.34294],[166.99086,-22.34083],[166.99654,-22.34166],[166.9973,-22.33932],[167.00173,-22.33864],[167.0029,-22.32992],[167.00719,-22.32771],[167.00785,-22.32199],[167.01244,-22.31818],[167.00951,-22.31054],[167.0106,-22.30467],[167.01565,-22.28973],[167.02334,-22.27721],[167.01894,-22.26413],[167.00464,-22.25739],[167.01265,-22.25936],[167.01142,-22.23432],[167.0003,-22.22094],[166.99768,-22.21441],[166.99403,-22.21224],[166.98919,-22.2035],[166.98938,-22.19887],[166.98694,-22.20002],[166.98346,-22.19777],[166.97349,-22.18349],[166.97041,-22.17451],[166.96315,-22.16864],[166.96028,-22.16887],[166.95198,-22.15622],[166.93734,-22.15692],[166.934,-22.15895],[166.93581,-22.15608],[166.93009,-22.15673],[166.92369,-22.15445],[166.9181,-22.15712],[166.91029,-22.15242],[166.91868,-22.15518],[166.92348,-22.15232],[166.93019,-22.15366],[166.94094,-22.14627],[166.94658,-22.14847],[166.9477,-22.1422],[166.94552,-22.13718],[166.94784,-22.13327],[166.94552,-22.1304],[166.94543,-22.12186],[166.94764,-22.11891],[166.95151,-22.11845],[166.94785,-22.10416],[166.94608,-22.10575],[166.94775,-22.10036],[166.94398,-22.09452],[166.93622,-22.09294],[166.932,-22.08295],[166.92169,-22.07951],[166.90937,-22.07084],[166.90296,-22.06294],[166.90324,-22.06046],[166.89119,-22.05292],[166.88945,-22.05398],[166.89087,-22.05135],[166.88852,-22.04807],[166.88695,-22.05047],[166.88242,-22.04851],[166.87115,-22.0379],[166.86924,-22.03857],[166.85658,-22.03098],[166.85698,-22.02907],[166.85119,-22.03064],[166.839,-22.0269],[166.82031,-22.02582],[166.81229,-22.02034],[166.79147,-22.01518],[166.77759,-22.0157],[166.77029,-22.0105],[166.75861,-22.01375],[166.7535,-22.02356],[166.75006,-22.02484],[166.75644,-22.01303],[166.75578,-22.01021],[166.75898,-22.00868],[166.75709,-22.0053],[166.76105,-21.98847],[166.75978,-21.9851],[166.75452,-21.98715],[166.75554,-21.99003],[166.75288,-21.9917],[166.73545,-21.98478],[166.73261,-21.98545],[166.72636,-21.98084],[166.70078,-21.98143],[166.68975,-21.98763],[166.68091,-21.98217],[166.68223,-21.9773],[166.67669,-21.98108],[166.6747,-21.97885],[166.677,-21.97439],[166.6733,-21.97006],[166.67184,-21.96531],[166.6726,-21.96319],[166.67426,-21.96481],[166.67255,-21.9669],[166.67555,-21.9696],[166.67609,-21.96753],[166.67896,-21.96736],[166.67754,-21.97083],[166.67928,-21.97379],[166.68183,-21.97333],[166.68361,-21.97731],[166.69085,-21.97804],[166.69442,-21.97081],[166.69947,-21.96714],[166.69753,-21.96243],[166.70372,-21.96233],[166.70685,-21.96464],[166.70874,-21.96144],[166.71565,-21.96384],[166.72006,-21.95839],[166.69994,-21.9418],[166.68921,-21.93805],[166.68436,-21.93108],[166.6746,-21.92365],[166.67061,-21.92277],[166.66699,-21.92897],[166.67361,-21.94101],[166.67024,-21.9439],[166.66324,-21.94259],[166.65635,-21.93704],[166.65448,-21.93888],[166.64317,-21.93438],[166.63937,-21.93014],[166.64575,-21.92383],[166.62893,-21.91903],[166.62346,-21.92165],[166.61681,-21.91534],[166.61609,-21.9066],[166.62517,-21.90204],[166.62073,-21.9013],[166.61499,-21.90542],[166.60308,-21.89805],[166.59288,-21.88831],[166.58167,-21.88553],[166.5687,-21.87672],[166.56246,-21.87774],[166.56292,-21.87335],[166.56078,-21.8751],[166.56021,-21.87207],[166.56388,-21.87273],[166.56387,-21.87535],[166.5651,-21.87169],[166.55199,-21.8474],[166.53389,-21.83073],[166.52899,-21.82891],[166.52359,-21.81948],[166.50838,-21.81594],[166.5066,-21.81291],[166.50131,-21.81357],[166.49662,-21.80992],[166.4954,-21.8167],[166.48883,-21.81382],[166.49491,-21.81644],[166.49526,-21.8093],[166.50386,-21.81182],[166.50995,-21.80964],[166.51015,-21.80649],[166.50531,-21.80621],[166.49531,-21.79684],[166.48162,-21.79186],[166.48131,-21.78586],[166.47204,-21.78011],[166.47237,-21.77926],[166.4711,-21.77813],[166.47094,-21.77712],[166.46936,-21.77581],[166.46834,-21.77395],[166.46639,-21.77335],[166.46287,-21.77723],[166.45598,-21.77763],[166.45925,-21.77658],[166.45646,-21.77485],[166.44666,-21.77524],[166.43883,-21.77072],[166.44801,-21.77411],[166.45633,-21.77331],[166.46196,-21.77635],[166.46506,-21.77084],[166.47223,-21.77093],[166.47464,-21.76007],[166.46515,-21.74909],[166.44419,-21.73261],[166.42893,-21.72988],[166.42693,-21.72835],[166.42828,-21.72161],[166.42757,-21.7208],[166.42736,-21.72372],[166.42545,-21.72245],[166.42048,-21.72527],[166.41165,-21.72286],[166.40609,-21.71607],[166.41367,-21.7228],[166.42018,-21.72354],[166.4254,-21.72064],[166.41252,-21.70548],[166.40944,-21.69845],[166.401,-21.70569],[166.38571,-21.70135],[166.37504,-21.70115],[166.36181,-21.69008],[166.3494,-21.68588],[166.34891,-21.68397],[166.34538,-21.68464],[166.34583,-21.68178],[166.3416,-21.67912],[166.34341,-21.67433],[166.33756,-21.67427],[166.33439,-21.66606],[166.32672,-21.65825],[166.32938,-21.65893],[166.33278,-21.65613],[166.34981,-21.66519],[166.35138,-21.66079],[166.35909,-21.66245],[166.36065,-21.66084],[166.35638,-21.65352],[166.35004,-21.64997],[166.34383,-21.65125],[166.3375,-21.64421],[166.334,-21.64455],[166.32969,-21.64079],[166.32746,-21.64131],[166.32383,-21.64866],[166.30406,-21.64378],[166.30131,-21.63914],[166.29596,-21.63984],[166.28514,-21.63579],[166.28345,-21.63235],[166.27172,-21.62569],[166.26332,-21.62353],[166.25518,-21.61736],[166.2476,-21.6144],[166.23907,-21.61414],[166.23187,-21.60221],[166.23096,-21.60559],[166.23385,-21.60628],[166.22836,-21.60713],[166.22984,-21.61094],[166.22694,-21.60818],[166.22837,-21.60432],[166.21636,-21.61259],[166.21942,-21.60858],[166.21762,-21.60855],[166.21691,-21.60805],[166.21957,-21.60186],[166.2075,-21.59162],[166.20826,-21.58784],[166.19913,-21.57764],[166.18954,-21.57228],[166.18269,-21.57244],[166.17803,-21.56628],[166.17258,-21.56583],[166.16119,-21.55154],[166.13116,-21.53027],[166.127,-21.5207],[166.12005,-21.51506],[166.11434,-21.51416],[166.10583,-21.51681],[166.09581,-21.51263],[166.0889,-21.51331],[166.08947,-21.52376],[166.08331,-21.53033],[166.07656,-21.53003],[166.07017,-21.53318],[166.06727,-21.5285],[166.06328,-21.53125],[166.05666,-21.52826],[166.05368,-21.53046],[166.05232,-21.53753],[166.04881,-21.53863],[166.05231,-21.53665],[166.05007,-21.53487],[166.04575,-21.53712],[166.05027,-21.53392],[166.05005,-21.52994],[166.05356,-21.52774],[166.06449,-21.52782],[166.07034,-21.52557],[166.06823,-21.52223],[166.07195,-21.51971],[166.06214,-21.50595],[166.06557,-21.50209],[166.06375,-21.49852],[166.06788,-21.49271],[166.06097,-21.49362],[166.05826,-21.48638],[166.0513,-21.48569],[166.0435,-21.48856],[166.0395,-21.48401],[166.04202,-21.4782],[166.05345,-21.47387],[166.05844,-21.46541],[166.0512,-21.46602],[166.04611,-21.46135],[166.03746,-21.46706],[166.03395,-21.46536],[166.03493,-21.45975],[166.03101,-21.46088],[166.02796,-21.45671],[166.02277,-21.45983],[166.01996,-21.45804],[166.02132,-21.45051],[166.01625,-21.45419],[166.01156,-21.45323],[166.00665,-21.44724],[166.00648,-21.44039],[165.99979,-21.44199],[165.99065,-21.43478],[165.99238,-21.42724],[165.98453,-21.42705],[165.97455,-21.41094],[165.96029,-21.40464],[165.95413,-21.40875],[165.95321,-21.41392],[165.95734,-21.42749],[165.9629,-21.42878],[165.96244,-21.43341],[165.96759,-21.44065],[165.9671,-21.44926],[165.96297,-21.45467],[165.97293,-21.45647],[165.96948,-21.46446],[165.97284,-21.46544],[165.97534,-21.46181],[165.97973,-21.46226],[165.98796,-21.46696],[165.98689,-21.47058],[165.98303,-21.47243],[165.9806,-21.46958],[165.97532,-21.47349],[165.98169,-21.47928],[165.99092,-21.48185],[165.99189,-21.48591],[165.98925,-21.49388],[165.99506,-21.49949],[165.9895,-21.50316],[165.98887,-21.51058],[165.97993,-21.51107],[165.97613,-21.51344],[165.97772,-21.52101],[165.97656,-21.52591],[165.97394,-21.52749],[165.97136,-21.52551],[165.97237,-21.52306],[165.97605,-21.52233],[165.96776,-21.51727],[165.96866,-21.51494],[165.9658,-21.51735],[165.96074,-21.51574],[165.96168,-21.50966],[165.9561,-21.5081],[165.95834,-21.50337],[165.95239,-21.49669],[165.95801,-21.4949],[165.9715,-21.50116],[165.97488,-21.49475],[165.96713,-21.48891],[165.96176,-21.48835],[165.95551,-21.48208],[165.93842,-21.4744],[165.9335,-21.47028],[165.93292,-21.46543],[165.92631,-21.46884],[165.91937,-21.46409],[165.92164,-21.45936],[165.9343,-21.457],[165.94845,-21.46604],[165.94696,-21.4535],[165.95021,-21.45046],[165.94853,-21.44353],[165.92736,-21.41898],[165.92221,-21.41462],[165.91333,-21.41189],[165.91554,-21.40478],[165.91429,-21.40046],[165.89744,-21.37935],[165.89588,-21.3727],[165.88453,-21.35635],[165.88165,-21.3546],[165.87193,-21.35507],[165.88181,-21.36589],[165.88266,-21.37765],[165.87572,-21.38459],[165.87814,-21.39086],[165.88416,-21.3969],[165.87729,-21.39659],[165.87162,-21.39349],[165.862,-21.37164],[165.84364,-21.37338],[165.8423,-21.38255],[165.83438,-21.3866],[165.84058,-21.39072],[165.84139,-21.39622],[165.84695,-21.40331],[165.84554,-21.40707],[165.84978,-21.40892],[165.85096,-21.41271],[165.86106,-21.41755],[165.85871,-21.42094],[165.85077,-21.41837],[165.84862,-21.42089],[165.84594,-21.42023],[165.84416,-21.41478],[165.83459,-21.40856],[165.83343,-21.39952],[165.82985,-21.397],[165.83002,-21.39409],[165.82545,-21.39146],[165.82397,-21.39018],[165.82406,-21.38936],[165.82177,-21.39533],[165.81891,-21.39062],[165.82237,-21.38514],[165.8186,-21.37854],[165.82673,-21.37648],[165.82182,-21.36707],[165.83241,-21.3596],[165.82676,-21.35502],[165.82191,-21.35644],[165.82003,-21.35173],[165.81827,-21.35402],[165.8079,-21.35481],[165.80601,-21.35714],[165.80142,-21.35555],[165.80112,-21.35106],[165.80762,-21.34644],[165.80417,-21.34454],[165.79309,-21.3457],[165.78828,-21.33954],[165.78643,-21.33099],[165.78417,-21.33498],[165.78024,-21.33308],[165.7803,-21.3311],[165.785,-21.32859],[165.78106,-21.32364],[165.78169,-21.32133],[165.75994,-21.29934],[165.74316,-21.29848],[165.73949,-21.29421],[165.73661,-21.2975],[165.71476,-21.30377],[165.70348,-21.29044],[165.69244,-21.28483],[165.68551,-21.2869],[165.67288,-21.2865],[165.65809,-21.27883],[165.65037,-21.27827],[165.64013,-21.26968],[165.6408,-21.27327],[165.6372,-21.2778],[165.64246,-21.28537],[165.64159,-21.28723],[165.63857,-21.28446],[165.63839,-21.28361],[165.63937,-21.28237],[165.63646,-21.27797],[165.63721,-21.27529],[165.63473,-21.27573],[165.63219,-21.27339],[165.62314,-21.27695],[165.61818,-21.27501],[165.61989,-21.2712],[165.62428,-21.27087],[165.62743,-21.26653],[165.61544,-21.24922],[165.61327,-21.25076],[165.61466,-21.24571],[165.6052,-21.23647],[165.60125,-21.22479],[165.5946,-21.21875],[165.58257,-21.21268],[165.57067,-21.20173],[165.56869,-21.20222],[165.55933,-21.19444],[165.5531,-21.19396],[165.54727,-21.18876],[165.5518,-21.18129],[165.55987,-21.18298],[165.56701,-21.18941],[165.56787,-21.19288],[165.58192,-21.1961],[165.5996,-21.20722],[165.61022,-21.20847],[165.61898,-21.20427],[165.61635,-21.19621],[165.61218,-21.19156],[165.60984,-21.18131],[165.58454,-21.17055],[165.55731,-21.14632],[165.54763,-21.14944],[165.54174,-21.15439],[165.53804,-21.15312],[165.53634,-21.14865],[165.54881,-21.1398],[165.53665,-21.13291],[165.52662,-21.13027],[165.51155,-21.13193],[165.50287,-21.13549],[165.49798,-21.13416],[165.4931,-21.13577],[165.49077,-21.14032],[165.49099,-21.13533],[165.48854,-21.13886],[165.49224,-21.14412],[165.48655,-21.145],[165.48617,-21.1477],[165.48277,-21.14602],[165.48818,-21.14268],[165.48405,-21.13334],[165.48434,-21.13152],[165.4877,-21.12706],[165.49024,-21.12561],[165.47949,-21.11107],[165.4494,-21.10211],[165.44326,-21.09385],[165.43829,-21.0924],[165.43222,-21.09406],[165.43871,-21.08943],[165.41989,-21.07474],[165.41859,-21.06909],[165.41276,-21.06165],[165.4071,-21.06076],[165.40356,-21.04311],[165.40445,-21.03038],[165.40174,-21.02348],[165.39721,-21.02062],[165.3968,-21.01284],[165.38524,-21.01532],[165.3866,-21.01892],[165.38212,-21.02399],[165.38083,-21.02164],[165.38463,-21.01947],[165.37956,-21.01293],[165.3711,-21.01682],[165.36885,-21.02046],[165.36444,-21.02099],[165.36263,-21.01882],[165.36258,-21.01685],[165.36637,-21.01606],[165.36271,-21.01205],[165.36883,-21.01192],[165.37289,-21.00847],[165.37897,-21.00887],[165.38083,-21.01187],[165.39733,-21.01176],[165.40463,-21.00933],[165.40678,-21.00479],[165.40005,-20.98871],[165.40237,-20.98451],[165.40157,-20.9795],[165.40677,-20.97551],[165.40914,-20.96399],[165.41584,-20.95612],[165.41362,-20.94564],[165.39962,-20.93815],[165.3954,-20.93934],[165.38772,-20.93588],[165.37265,-20.93476],[165.35496,-20.93742],[165.34886,-20.93508],[165.33649,-20.93718],[165.33034,-20.93439],[165.3184,-20.92667],[165.31503,-20.91801],[165.29981,-20.90415],[165.30031,-20.89776],[165.29811,-20.89398],[165.29647,-20.8938],[165.29907,-20.89587],[165.297,-20.89594],[165.2911,-20.89122],[165.27845,-20.88977],[165.27329,-20.88052],[165.27956,-20.88146],[165.27984,-20.87997],[165.27414,-20.87727],[165.2719,-20.87255],[165.26402,-20.86702],[165.26272,-20.86944],[165.24962,-20.86937],[165.245,-20.88296],[165.2463,-20.86833],[165.26078,-20.86139],[165.26253,-20.86289],[165.25246,-20.84758],[165.25825,-20.84346],[165.25968,-20.82611],[165.25336,-20.81582],[165.26118,-20.81448],[165.26302,-20.81016],[165.26233,-20.79994],[165.25798,-20.79138],[165.26341,-20.79406],[165.25677,-20.7849],[165.25758,-20.79115],[165.24678,-20.78804],[165.24348,-20.78376],[165.24401,-20.77476],[165.2378,-20.77426],[165.23467,-20.78001],[165.21944,-20.78142],[165.21859,-20.77982],[165.22157,-20.77799],[165.2227,-20.7806],[165.22489,-20.77958],[165.21918,-20.76573],[165.21262,-20.76975],[165.21481,-20.77671],[165.21177,-20.77722],[165.20847,-20.76572],[165.19927,-20.76194],[165.18873,-20.76213],[165.18463,-20.76393],[165.18742,-20.76334],[165.18362,-20.76666],[165.18288,-20.77404],[165.18292,-20.77708],[165.18747,-20.78003],[165.17903,-20.78005],[165.17481,-20.78321],[165.17337,-20.78185],[165.18014,-20.7747],[165.17741,-20.76785],[165.16908,-20.77018],[165.16007,-20.76469],[165.16735,-20.75793],[165.13886,-20.75304],[165.11855,-20.75498],[165.11593,-20.75745],[165.11632,-20.75479],[165.0939,-20.74574],[165.07042,-20.73993],[165.04704,-20.72541],[165.04231,-20.72463],[165.05577,-20.73925],[165.05694,-20.74155],[165.05382,-20.74341],[165.0437,-20.73598],[165.04419,-20.7332],[165.04033,-20.7336],[165.0416,-20.73179],[165.03967,-20.7295],[165.04301,-20.72815],[165.03634,-20.72534],[165.03042,-20.71679],[165.02986,-20.71859],[165.02606,-20.71816],[165.02551,-20.7224],[165.02183,-20.72581],[165.01894,-20.71838],[165.02154,-20.71802],[165.02314,-20.72164],[165.0225,-20.71657],[165.03015,-20.71521],[164.982,-20.68667],[164.98678,-20.69531],[164.9935,-20.69678],[164.99486,-20.69989],[164.98967,-20.69763],[164.98297,-20.69825],[164.97986,-20.69151],[164.96723,-20.6848],[164.96945,-20.68414],[164.98058,-20.69035],[164.97953,-20.68399],[164.97394,-20.68035],[164.9657,-20.67955],[164.96188,-20.68286],[164.95412,-20.68421],[164.95605,-20.68772],[164.95476,-20.69069],[164.94587,-20.69104],[164.94537,-20.6997],[164.93628,-20.7006],[164.93962,-20.70434],[164.93492,-20.70269],[164.93238,-20.70035],[164.9342,-20.69811],[164.94392,-20.69796],[164.9437,-20.69044],[164.94987,-20.68819],[164.94612,-20.687],[164.94397,-20.68187],[164.94096,-20.68098],[164.93516,-20.68098],[164.93317,-20.67876],[164.91763,-20.68033],[164.91614,-20.67955],[164.91556,-20.6754],[164.90921,-20.67762],[164.9061,-20.67532],[164.90554,-20.67373],[164.90954,-20.67672],[164.91427,-20.67421],[164.91622,-20.67484],[164.91858,-20.67835],[164.93372,-20.6776],[164.93921,-20.67101],[164.91346,-20.64559],[164.90741,-20.64462],[164.89565,-20.63566],[164.887,-20.63356],[164.875,-20.6264],[164.86655,-20.63029],[164.86159,-20.62559],[164.85624,-20.624],[164.84637,-20.63054],[164.83412,-20.63285],[164.84792,-20.62808],[164.85402,-20.61994],[164.8579,-20.6223],[164.84835,-20.61255],[164.84518,-20.60464],[164.82921,-20.58461],[164.81845,-20.56162],[164.80172,-20.55492],[164.79465,-20.53875],[164.77613,-20.52436],[164.77131,-20.51642],[164.76728,-20.5149],[164.75547,-20.49315],[164.73008,-20.47535],[164.70183,-20.46903],[164.69105,-20.45958],[164.68747,-20.45985],[164.67332,-20.45261],[164.66558,-20.44119],[164.6504,-20.42889],[164.63271,-20.42181],[164.62269,-20.42017],[164.61783,-20.41687],[164.61636,-20.41422],[164.61878,-20.41386],[164.61603,-20.40964],[164.61038,-20.40945],[164.6083,-20.41178],[164.60929,-20.40903],[164.60704,-20.40797],[164.60583,-20.41004],[164.60515,-20.40774],[164.60509,-20.41077],[164.60202,-20.41175],[164.5979,-20.40461],[164.59293,-20.40451],[164.58592,-20.39493],[164.58754,-20.39184],[164.58133,-20.3902],[164.58078,-20.38567],[164.57673,-20.38661],[164.57551,-20.38239],[164.57783,-20.37612],[164.5823,-20.37404],[164.58325,-20.37736],[164.58334,-20.3733],[164.5773,-20.37581],[164.57701,-20.37054],[164.56692,-20.36347],[164.56684,-20.35959],[164.56291,-20.35644],[164.55953,-20.35746],[164.56066,-20.35572],[164.55715,-20.35112],[164.55174,-20.34833],[164.55179,-20.34393],[164.54411,-20.34272],[164.54355,-20.33816],[164.53774,-20.33679],[164.53675,-20.33036],[164.53501,-20.33176],[164.533,-20.32861],[164.52591,-20.32593],[164.52289,-20.31821],[164.51594,-20.31703],[164.50702,-20.30943],[164.50183,-20.3082],[164.50125,-20.30491],[164.49941,-20.30689],[164.4927,-20.30357],[164.49175,-20.30046],[164.48737,-20.30192],[164.48828,-20.29535],[164.48482,-20.29339],[164.47725,-20.29552],[164.47174,-20.29363],[164.46231,-20.28863],[164.45333,-20.28014],[164.42825,-20.27333],[164.42061,-20.27652],[164.4251,-20.27314],[164.41449,-20.26165],[164.40392,-20.25942],[164.39059,-20.26124],[164.37527,-20.25704],[164.37441,-20.25358],[164.37148,-20.25393],[164.37107,-20.25597],[164.36574,-20.25578],[164.36466,-20.25162],[164.35926,-20.24739],[164.35818,-20.24465],[164.36015,-20.24276],[164.35823,-20.24143],[164.35164,-20.24029],[164.34958,-20.24353],[164.34642,-20.24345],[164.32697,-20.2327],[164.31808,-20.23115],[164.31291,-20.2331],[164.30183,-20.23053],[164.30192,-20.23469],[164.30475,-20.23384],[164.30657,-20.23587],[164.30425,-20.2386],[164.3076,-20.24674],[164.30543,-20.25798],[164.31175,-20.2671],[164.31161,-20.27239],[164.31734,-20.2863],[164.33524,-20.30555],[164.33235,-20.31292],[164.33318,-20.31967],[164.32453,-20.32005],[164.32608,-20.32273],[164.32035,-20.31918],[164.32133,-20.32191],[164.33422,-20.32466],[164.34027,-20.32341],[164.33929,-20.32592],[164.34613,-20.32851],[164.34804,-20.32712],[164.34923,-20.32943],[164.35225,-20.32944],[164.35073,-20.33191],[164.356,-20.33394],[164.34798,-20.33129],[164.34431,-20.33498],[164.35108,-20.33365],[164.35924,-20.33594],[164.35725,-20.33389],[164.36232,-20.32601],[164.36273,-20.33369],[164.36548,-20.33165],[164.36446,-20.33003],[164.36684,-20.33157],[164.36504,-20.33499],[164.36735,-20.3343],[164.3687,-20.33725],[164.3665,-20.33904],[164.36952,-20.34088],[164.37147,-20.33918],[164.37262,-20.34137],[164.37135,-20.3421],[164.36472,-20.34012],[164.36186,-20.33772],[164.36336,-20.34059],[164.37278,-20.34473],[164.37504,-20.34478],[164.37787,-20.34261],[164.37741,-20.33531],[164.37853,-20.33851],[164.38361,-20.33647],[164.38274,-20.34115],[164.37551,-20.34522],[164.37367,-20.34536],[164.36889,-20.34342],[164.36505,-20.34309],[164.3708,-20.34936],[164.37846,-20.34839],[164.37765,-20.35235],[164.3798,-20.35537],[164.38248,-20.35271],[164.38473,-20.35336],[164.38767,-20.36063],[164.38379,-20.35718],[164.38211,-20.36277],[164.38049,-20.3615],[164.38088,-20.35713],[164.37888,-20.35678],[164.37698,-20.35115],[164.36491,-20.35065],[164.36009,-20.34007],[164.35508,-20.33697],[164.35442,-20.34086],[164.35877,-20.33979],[164.3609,-20.34666],[164.36686,-20.35292],[164.3684,-20.35255],[164.36782,-20.35454],[164.36065,-20.35093],[164.36007,-20.35408],[164.35711,-20.3545],[164.35841,-20.35793],[164.35536,-20.35525],[164.35795,-20.35264],[164.35286,-20.3545],[164.35615,-20.34931],[164.35585,-20.34723],[164.3541,-20.34936],[164.35332,-20.34759],[164.35576,-20.34337],[164.35364,-20.34525],[164.35241,-20.34268],[164.34803,-20.34563],[164.3493,-20.34248],[164.34784,-20.34101],[164.34571,-20.34283],[164.34677,-20.3373],[164.34118,-20.3436],[164.34219,-20.34723],[164.33848,-20.35108],[164.33917,-20.34565],[164.33744,-20.34666],[164.33502,-20.34292],[164.33959,-20.34401],[164.34071,-20.34073],[164.33894,-20.32885],[164.33377,-20.32603],[164.3381,-20.33088],[164.34014,-20.3395],[164.33249,-20.33865],[164.33539,-20.33658],[164.33508,-20.3316],[164.33266,-20.33643],[164.33212,-20.33285],[164.32953,-20.33659],[164.33007,-20.33098],[164.328,-20.32893],[164.3271,-20.34054],[164.32687,-20.33735],[164.32414,-20.33628],[164.32261,-20.34004],[164.31852,-20.34064],[164.32401,-20.32573],[164.3213,-20.32545],[164.32163,-20.32903],[164.31988,-20.32749],[164.31699,-20.3319],[164.31333,-20.33209],[164.32035,-20.32281],[164.31753,-20.32042],[164.31859,-20.31493],[164.31196,-20.3192],[164.31517,-20.32743],[164.3111,-20.32541],[164.3089,-20.32881],[164.30759,-20.32754],[164.31072,-20.32105],[164.30599,-20.32525],[164.30662,-20.32241],[164.30466,-20.32167],[164.30801,-20.31798],[164.30478,-20.3185],[164.30291,-20.32238],[164.3044,-20.32651],[164.29895,-20.32679],[164.29463,-20.32333],[164.29607,-20.32116],[164.2926,-20.31764],[164.28656,-20.31478],[164.28867,-20.30963],[164.29177,-20.31307],[164.30028,-20.31192],[164.30219,-20.31497],[164.30398,-20.31429],[164.30198,-20.3127],[164.30879,-20.30972],[164.30474,-20.29981],[164.29931,-20.30349],[164.29778,-20.3027],[164.30005,-20.29664],[164.29368,-20.29673],[164.29161,-20.29444],[164.29563,-20.29415],[164.29308,-20.28953],[164.29524,-20.28709],[164.29713,-20.2864],[164.29989,-20.28913],[164.30137,-20.28742],[164.29484,-20.28309],[164.28693,-20.28923],[164.28424,-20.28442],[164.27929,-20.28653],[164.2771,-20.28239],[164.26743,-20.28476],[164.26714,-20.2882],[164.27224,-20.28525],[164.26833,-20.28986],[164.26953,-20.29159],[164.27442,-20.29083],[164.27123,-20.29315],[164.27276,-20.29674],[164.2677,-20.29367],[164.26656,-20.29654],[164.26221,-20.2965],[164.26073,-20.29476],[164.26255,-20.29204],[164.25699,-20.29467],[164.25511,-20.29341],[164.25873,-20.29015],[164.25244,-20.28785],[164.24931,-20.28243],[164.24765,-20.28357],[164.24617,-20.2811],[164.23417,-20.27606],[164.23039,-20.26985],[164.22562,-20.27054],[164.22059,-20.26812],[164.21241,-20.25979],[164.21224,-20.25511],[164.20542,-20.2532],[164.2011,-20.24506],[164.2021,-20.25089],[164.1986,-20.2505],[164.19158,-20.24338],[164.1861,-20.2454],[164.18211,-20.24444],[164.17665,-20.23952],[164.1698,-20.23738],[164.17058,-20.23543],[164.16372,-20.22536],[164.16322,-20.21659],[164.1507,-20.20425],[164.14536,-20.19296],[164.13702,-20.18704],[164.13598,-20.18253],[164.13206,-20.18004],[164.13242,-20.17483],[164.11806,-20.17146],[164.10369,-20.16166],[164.10311,-20.16499],[164.10278,-20.16051],[164.09951,-20.16078],[164.09964,-20.1581],[164.09489,-20.15689],[164.09133,-20.14662],[164.08536,-20.14383],[164.07719,-20.12913],[164.07499,-20.13043],[164.07619,-20.13218],[164.07211,-20.13069],[164.07033,-20.12616],[164.0762,-20.12929],[164.07758,-20.12782],[164.07282,-20.1242],[164.06325,-20.10314],[164.0601,-20.10166],[164.05988,-20.10586],[164.05671,-20.10769],[164.06198,-20.1093],[164.06131,-20.11228],[164.05705,-20.10854],[164.05471,-20.11468],[164.05507,-20.11143],[164.05174,-20.11118],[164.05126,-20.10868],[164.05631,-20.1075],[164.05371,-20.10634],[164.05375,-20.1032],[164.04784,-20.10039],[164.04293,-20.08904],[164.03606,-20.08818],[164.03132,-20.07863],[164.01938,-20.08267],[164.00244,-20.07666],[164.00224,-20.08444],[164.0035,-20.08534],[164.00683,-20.08096],[164.00913,-20.08509],[164.01274,-20.08259],[164.01529,-20.0845],[164.01256,-20.0922],[164.01786,-20.09014],[164.01677,-20.09545],[164.00976,-20.09958],[164.00949,-20.10492],[164.00241,-20.10405],[164.00029,-20.10285],[164.00001,-20.09682],[163.99648,-20.09766],[163.99554,-20.10365],[164.00044,-20.1044],[164.00281,-20.11285],[164.01348,-20.10472],[164.01031,-20.10344],[164.01404,-20.0991],[164.01775,-20.09901],[164.01925,-20.09415],[164.0228,-20.09605],[164.0202,-20.09654],[164.02049,-20.1005],[164.02536,-20.10262],[164.02262,-20.10442],[164.02083,-20.11055],[164.0181,-20.11158],[164.02236,-20.11042],[164.02392,-20.10741],[164.03098,-20.1084],[164.02799,-20.11177],[164.0302,-20.11216],[164.02722,-20.11659],[164.028,-20.11938],[164.02476,-20.12079],[164.02458,-20.11667],[164.02299,-20.11739],[164.01981,-20.12599],[164.01233,-20.12806],[164.01252,-20.13202],[164.01664,-20.13315],[164.01858,-20.1284],[164.01936,-20.13078],[164.0224,-20.13],[164.02111,-20.13396],[164.01909,-20.13276],[164.01621,-20.13506],[164.01874,-20.14304],[164.01721,-20.14395],[164.01856,-20.14587],[164.02548,-20.1457],[164.0254,-20.1293],[164.03273,-20.12448],[164.03162,-20.12292],[164.03535,-20.12013],[164.03828,-20.11996],[164.03782,-20.12478],[164.03387,-20.12501],[164.04019,-20.12709],[164.04078,-20.12502],[164.04354,-20.12517],[164.04429,-20.12805],[164.04165,-20.12957],[164.04319,-20.13482],[164.04848,-20.13192],[164.04662,-20.1342],[164.04926,-20.13736],[164.05442,-20.13703],[164.05347,-20.14021],[164.04841,-20.13842],[164.04687,-20.14092],[164.05142,-20.1404],[164.05786,-20.14507],[164.06303,-20.15229],[164.06183,-20.15532],[164.06679,-20.16205],[164.06683,-20.16783],[164.0724,-20.16812],[164.06817,-20.16841],[164.06936,-20.17002],[164.06671,-20.17227],[164.06449,-20.1709],[164.06313,-20.17413],[164.05984,-20.17527],[164.05852,-20.17983],[164.06724,-20.17886],[164.06866,-20.17692],[164.07466,-20.18578],[164.07033,-20.18416],[164.0678,-20.18879],[164.06442,-20.18875],[164.06657,-20.19229],[164.07407,-20.19183],[164.06772,-20.1961],[164.05782,-20.19337],[164.05482,-20.19019],[164.04607,-20.19001],[164.04771,-20.19464],[164.05308,-20.19372],[164.05522,-20.1958],[164.05686,-20.20222],[164.0545,-20.20492],[164.05671,-20.20984],[164.06335,-20.21017],[164.06561,-20.21289],[164.06882,-20.20963],[164.0707,-20.21224],[164.06892,-20.22188],[164.07136,-20.22345],[164.07271,-20.22745],[164.07087,-20.22948],[164.07299,-20.23207],[164.06908,-20.24523],[164.06474,-20.24516],[164.06395,-20.24826],[164.05759,-20.24347],[164.05651,-20.23579],[164.04853,-20.23638],[164.04497,-20.23008],[164.03851,-20.22942],[164.03228,-20.22573],[164.02994,-20.22933],[164.02115,-20.23283],[164.01133,-20.23647],[164.00685,-20.23574],[163.99991,-20.24818],[164.00559,-20.25189],[164.01309,-20.26241],[164.02242,-20.26698],[164.02678,-20.2736],[164.03094,-20.27326],[164.03616,-20.27745],[164.03714,-20.28288],[164.02786,-20.2888],[164.0302,-20.2962],[164.03369,-20.29643],[164.03735,-20.30096],[164.05883,-20.29215],[164.073,-20.27866],[164.06551,-20.27312],[164.06199,-20.26702],[164.06462,-20.26331],[164.06833,-20.26578],[164.06955,-20.26368],[164.06442,-20.25851],[164.06583,-20.25342],[164.07047,-20.25141],[164.08051,-20.25504],[164.08463,-20.2617],[164.08932,-20.25823],[164.08879,-20.26186],[164.10208,-20.26946],[164.09842,-20.2705],[164.09714,-20.26852],[164.09536,-20.27094],[164.09032,-20.27172],[164.09331,-20.27888],[164.09873,-20.28198],[164.09962,-20.28751],[164.09475,-20.28494],[164.09645,-20.28759],[164.09476,-20.28766],[164.0866,-20.28162],[164.08826,-20.28594],[164.08349,-20.29102],[164.08524,-20.29611],[164.07987,-20.30079],[164.08668,-20.29757],[164.0868,-20.30153],[164.09287,-20.29832],[164.09561,-20.29834],[164.09753,-20.3024],[164.09994,-20.30159],[164.09805,-20.29852],[164.10222,-20.29557],[164.1009,-20.29178],[164.12924,-20.29553],[164.13344,-20.29864],[164.13399,-20.30269],[164.13455,-20.29813],[164.13719,-20.29662],[164.13893,-20.29909],[164.1502,-20.30254],[164.15248,-20.30562],[164.15023,-20.30759],[164.15151,-20.30996],[164.16364,-20.31336],[164.15891,-20.31779],[164.16535,-20.31989],[164.16585,-20.32401],[164.16838,-20.32157],[164.16688,-20.32796],[164.17249,-20.32864],[164.17415,-20.33828],[164.17562,-20.33904],[164.17632,-20.33507],[164.18015,-20.33354],[164.17881,-20.32878],[164.18159,-20.33378],[164.18038,-20.33714],[164.18344,-20.33728],[164.18259,-20.3316],[164.18426,-20.33048],[164.18517,-20.33523],[164.19005,-20.33452],[164.18543,-20.34022],[164.19125,-20.34246],[164.18889,-20.34404],[164.18236,-20.34306],[164.1785,-20.34792],[164.17932,-20.35215],[164.18494,-20.35714],[164.18128,-20.36375],[164.18674,-20.3712],[164.19023,-20.37249],[164.18831,-20.37391],[164.18819,-20.38034],[164.1889,-20.3828],[164.1927,-20.38344],[164.18101,-20.3829],[164.1836,-20.3853],[164.18282,-20.38838],[164.18027,-20.38888],[164.18272,-20.39554],[164.17781,-20.39433],[164.15986,-20.3975],[164.14776,-20.38908],[164.145,-20.3834],[164.14335,-20.38744],[164.14035,-20.38764],[164.12561,-20.38338],[164.12124,-20.37933],[164.11851,-20.36966],[164.11664,-20.37148],[164.12645,-20.3914],[164.12592,-20.40235],[164.13657,-20.40808],[164.13897,-20.41548],[164.15263,-20.41805],[164.16082,-20.42525],[164.1645,-20.4373],[164.16725,-20.43843],[164.17119,-20.4469],[164.17369,-20.46632],[164.17816,-20.47548],[164.17829,-20.4808],[164.17342,-20.4878],[164.17525,-20.48916],[164.18036,-20.48764],[164.18274,-20.48988],[164.18182,-20.49226],[164.18651,-20.49405],[164.19077,-20.50052],[164.19856,-20.50187],[164.21022,-20.51284],[164.21506,-20.52117],[164.20688,-20.51264],[164.21306,-20.52385],[164.21842,-20.52889],[164.23305,-20.53719],[164.23714,-20.53803],[164.23475,-20.53455],[164.23662,-20.53499],[164.23793,-20.53725],[164.23614,-20.54006],[164.23854,-20.54774],[164.23742,-20.55069],[164.24215,-20.54687],[164.24337,-20.54944],[164.2447,-20.54492],[164.24814,-20.54354],[164.24483,-20.55087],[164.24611,-20.55302],[164.25576,-20.55498],[164.25733,-20.55798],[164.26048,-20.55659],[164.26036,-20.561],[164.26722,-20.56084],[164.26878,-20.56694],[164.27464,-20.56697],[164.26921,-20.56137],[164.27353,-20.56152],[164.27318,-20.5635],[164.27793,-20.56538],[164.27566,-20.57776],[164.27325,-20.57869],[164.27519,-20.58318],[164.28587,-20.57307],[164.2983,-20.57839],[164.30537,-20.5891],[164.30544,-20.59591],[164.31966,-20.61198],[164.31865,-20.6147],[164.32139,-20.6187],[164.31877,-20.61782],[164.32087,-20.62584],[164.31896,-20.63302],[164.32448,-20.63934],[164.33228,-20.64302],[164.33281,-20.64736],[164.34011,-20.6517],[164.35109,-20.67244],[164.35454,-20.67417],[164.36256,-20.67237],[164.36809,-20.67567],[164.37003,-20.68336],[164.36458,-20.68526],[164.36402,-20.68755],[164.36109,-20.68475],[164.36169,-20.68637],[164.36458,-20.68828],[164.37015,-20.68342],[164.37208,-20.68585],[164.37733,-20.68406],[164.37956,-20.68769],[164.37849,-20.69189],[164.38214,-20.68705],[164.38657,-20.68678],[164.38497,-20.69223],[164.38819,-20.69034],[164.38793,-20.69311],[164.38962,-20.69133],[164.39075,-20.70018],[164.39448,-20.70115],[164.3975,-20.69987],[164.39564,-20.6969],[164.39158,-20.69615],[164.39311,-20.69306],[164.39256,-20.69608],[164.39569,-20.6964],[164.39997,-20.70125],[164.4034,-20.69974],[164.40321,-20.69706],[164.40532,-20.69856],[164.40702,-20.69727],[164.41035,-20.70088],[164.40968,-20.69917],[164.41263,-20.69881],[164.4091,-20.70409],[164.40385,-20.7069],[164.40797,-20.71238],[164.40403,-20.71706],[164.40564,-20.72117],[164.41484,-20.71851],[164.42392,-20.72596],[164.42076,-20.72659],[164.42126,-20.73497],[164.41525,-20.74175],[164.41479,-20.75264],[164.39916,-20.76017],[164.39121,-20.76087],[164.38225,-20.75844],[164.37602,-20.75321],[164.37115,-20.7533],[164.3692,-20.7556],[164.3758,-20.76686],[164.38384,-20.77335],[164.39789,-20.77168],[164.39568,-20.7703],[164.39875,-20.76918],[164.40202,-20.77459],[164.41684,-20.78411],[164.41773,-20.79168],[164.41915,-20.78983],[164.42515,-20.79417],[164.42423,-20.80031],[164.43032,-20.8033],[164.43161,-20.81326],[164.43613,-20.81577],[164.43787,-20.81981],[164.44983,-20.82215],[164.45162,-20.82628],[164.4549,-20.82416],[164.46301,-20.82682],[164.46493,-20.83412],[164.46112,-20.83989],[164.46147,-20.84742],[164.4687,-20.85035],[164.48052,-20.84875],[164.48614,-20.85451],[164.49148,-20.85492],[164.4925,-20.85818],[164.4988,-20.85614],[164.50777,-20.85963],[164.51095,-20.85893],[164.51203,-20.86251],[164.5094,-20.87231],[164.51397,-20.87337],[164.51578,-20.8776],[164.51818,-20.87786],[164.52057,-20.87275],[164.52199,-20.87346],[164.51917,-20.88143],[164.52292,-20.87961],[164.52535,-20.88079],[164.5211,-20.88648],[164.52536,-20.8845],[164.53004,-20.89105],[164.53326,-20.88928],[164.54307,-20.89096],[164.54513,-20.88855],[164.54454,-20.89643],[164.54952,-20.89528],[164.55276,-20.89705],[164.56508,-20.88994],[164.56884,-20.89093],[164.57594,-20.90586],[164.57615,-20.91962],[164.57969,-20.90887],[164.57983,-20.91208],[164.58705,-20.92065],[164.59589,-20.92461],[164.60101,-20.92147],[164.60428,-20.92177],[164.60603,-20.92914],[164.60982,-20.92449],[164.60831,-20.91053],[164.6138,-20.90923],[164.62075,-20.91692],[164.6232,-20.91412],[164.62126,-20.91161],[164.62774,-20.90932],[164.63238,-20.91147],[164.63356,-20.91713],[164.62815,-20.92476],[164.62879,-20.92687],[164.63548,-20.93196],[164.62901,-20.93516],[164.63993,-20.93588],[164.63816,-20.93105],[164.64572,-20.9244],[164.63997,-20.91689],[164.64699,-20.90926],[164.64184,-20.90526],[164.64942,-20.90214],[164.65372,-20.89568],[164.65565,-20.8954],[164.65773,-20.89893],[164.65561,-20.9022],[164.65321,-20.9013],[164.65584,-20.90351],[164.66187,-20.89882],[164.67208,-20.89961],[164.67564,-20.8973],[164.67304,-20.8999],[164.67483,-20.8997],[164.67949,-20.89651],[164.67759,-20.9004],[164.66617,-20.90308],[164.67039,-20.90369],[164.66445,-20.91188],[164.66671,-20.91336],[164.66623,-20.91702],[164.67016,-20.91713],[164.6752,-20.92738],[164.67038,-20.93655],[164.67327,-20.93836],[164.67742,-20.93663],[164.6788,-20.93941],[164.68067,-20.93893],[164.68279,-20.94573],[164.6801,-20.94676],[164.6754,-20.94429],[164.67943,-20.94873],[164.67344,-20.95106],[164.67958,-20.95202],[164.67832,-20.95524],[164.66971,-20.94891],[164.66893,-20.94612],[164.6658,-20.94874],[164.66682,-20.9529],[164.67608,-20.95824],[164.67305,-20.96183],[164.66944,-20.96398],[164.66682,-20.96217],[164.66398,-20.96678],[164.65593,-20.96604],[164.64793,-20.96821],[164.65018,-20.97119],[164.65447,-20.97016],[164.66264,-20.97277],[164.66335,-20.97561],[164.65211,-20.9798],[164.65526,-20.98367],[164.65501,-20.98707],[164.65685,-20.98869],[164.66324,-20.98382],[164.66678,-20.98698],[164.67413,-20.98552],[164.67911,-20.98753],[164.67355,-20.97615],[164.67569,-20.9655],[164.68031,-20.96614],[164.68218,-20.96442],[164.68027,-20.97079],[164.68241,-20.97468],[164.68536,-20.97406],[164.69305,-20.9815],[164.69166,-20.97804],[164.69331,-20.97675],[164.69633,-20.9776],[164.70622,-20.97079],[164.70851,-20.97139],[164.70921,-20.9778],[164.70649,-20.98391],[164.71204,-20.98936],[164.70815,-20.99296],[164.70998,-20.99596],[164.70777,-20.99995],[164.70918,-21.00413],[164.70168,-21.00457],[164.69788,-21.01261],[164.69258,-21.01712],[164.68934,-21.0157],[164.69121,-21.00699],[164.68931,-21.00204],[164.68352,-21.0032],[164.68192,-21.00171],[164.67558,-21.00598],[164.67011,-21.00116],[164.66688,-21.00244],[164.66968,-21.00596],[164.66876,-21.00982],[164.67161,-21.01379],[164.67833,-21.01478],[164.68032,-21.02038],[164.69108,-21.02061],[164.69191,-21.03752],[164.69533,-21.04292],[164.6995,-21.04236],[164.7118,-21.05346],[164.72968,-21.05448],[164.73588,-21.05016],[164.74458,-21.05094],[164.74605,-21.04769],[164.75005,-21.05415],[164.75643,-21.05516],[164.75362,-21.05822],[164.75761,-21.06058],[164.75055,-21.06857],[164.75015,-21.07234],[164.75317,-21.07905],[164.76148,-21.08525],[164.76862,-21.08496],[164.77798,-21.07627],[164.77741,-21.06814],[164.77067,-21.05611],[164.77474,-21.05709],[164.77474,-21.06272],[164.7841,-21.06175],[164.78195,-21.05983],[164.78307,-21.05647],[164.78871,-21.0562],[164.78868,-21.05369],[164.79389,-21.0539],[164.79367,-21.05564],[164.80271,-21.05527],[164.80533,-21.05129],[164.80453,-21.04826],[164.80673,-21.05091],[164.81746,-21.05295],[164.82382,-21.05719],[164.82994,-21.05481],[164.83517,-21.05628],[164.83989,-21.06211],[164.83857,-21.06601],[164.83254,-21.06145],[164.82963,-21.06682],[164.83268,-21.06936],[164.84011,-21.06683],[164.83617,-21.07065],[164.83834,-21.06972],[164.84173,-21.07389],[164.8394,-21.07292],[164.83238,-21.07719],[164.83931,-21.07818],[164.84051,-21.0766],[164.84638,-21.08265],[164.84195,-21.08122],[164.83847,-21.08445],[164.84144,-21.08723],[164.83938,-21.09109],[164.83419,-21.09123],[164.83476,-21.08854],[164.82869,-21.08709],[164.82915,-21.09096],[164.8209,-21.09884],[164.81354,-21.09413],[164.80689,-21.09458],[164.8057,-21.09212],[164.80022,-21.0938],[164.80195,-21.10692],[164.80343,-21.10817],[164.80983,-21.10134],[164.82083,-21.09913],[164.83163,-21.10568],[164.83214,-21.1145],[164.8369,-21.11544],[164.83755,-21.10781],[164.84192,-21.10878],[164.84292,-21.10574],[164.84894,-21.10441],[164.85205,-21.10578],[164.85569,-21.10371],[164.85607,-21.10101],[164.86567,-21.10538],[164.86543,-21.10848],[164.8574,-21.11095],[164.85468,-21.11617],[164.85558,-21.11871],[164.86098,-21.11777],[164.86713,-21.12256],[164.85988,-21.126],[164.8602,-21.12938],[164.85744,-21.1306],[164.86245,-21.13086],[164.85744,-21.13233],[164.86161,-21.13473],[164.86215,-21.13706],[164.86116,-21.13876],[164.8616,-21.14492],[164.8565,-21.14282],[164.85139,-21.14776],[164.8494,-21.14465],[164.8392,-21.14972],[164.83294,-21.157],[164.83402,-21.16385],[164.83079,-21.16787],[164.82982,-21.16654],[164.82937,-21.1746],[164.832,-21.17612],[164.83876,-21.17363],[164.84161,-21.16787],[164.84415,-21.16955],[164.84357,-21.17167],[164.84642,-21.17309],[164.84483,-21.17463],[164.84317,-21.1734],[164.84187,-21.18108],[164.83932,-21.18323],[164.84405,-21.19228],[164.84741,-21.19444],[164.84931,-21.19316],[164.84878,-21.1955],[164.85427,-21.20069],[164.86801,-21.20684],[164.86581,-21.20946],[164.86213,-21.20784],[164.8614,-21.2102],[164.86196,-21.21267],[164.86467,-21.21084],[164.866,-21.21251],[164.86548,-21.21526],[164.86489,-21.21355],[164.86221,-21.21546],[164.86749,-21.22741],[164.88198,-21.23282],[164.88453,-21.23559],[164.88507,-21.23383],[164.88998,-21.24201],[164.89398,-21.24392],[164.90116,-21.26378],[164.91109,-21.27105],[164.90944,-21.27622],[164.91779,-21.2814],[164.91824,-21.28365],[164.9224,-21.28207],[164.93332,-21.28688],[164.93492,-21.29004],[164.94902,-21.29304],[164.95008,-21.30097],[164.94556,-21.30474],[164.94272,-21.31732],[164.93574,-21.32377],[164.93926,-21.32619],[164.94633,-21.32548],[164.94865,-21.32854],[164.9541,-21.32732],[164.94738,-21.32937],[164.94552,-21.33549],[164.93879,-21.3371],[164.93599,-21.33998],[164.94728,-21.35707],[164.95232,-21.35801],[164.9623,-21.35187],[164.97183,-21.35105],[164.97158,-21.3397],[164.97635,-21.34133],[164.97973,-21.33803],[164.97498,-21.33361],[164.97014,-21.3231],[164.97476,-21.31727],[164.97811,-21.30718],[164.98825,-21.31024],[164.99253,-21.30731],[164.99179,-21.30537],[164.9935,-21.3058],[164.99591,-21.30969],[164.99842,-21.30782],[164.99799,-21.31035],[164.9888,-21.31324],[164.98358,-21.32356],[164.98776,-21.33498],[164.99119,-21.33216],[164.99493,-21.33366],[164.99391,-21.33568],[164.99964,-21.33555],[165.00384,-21.32981],[165.00623,-21.32025],[165.00915,-21.31828],[165.00914,-21.31315],[165.01047,-21.31233],[165.01182,-21.31592],[165.01422,-21.31319],[165.01974,-21.31267],[165.02642,-21.31974],[165.02022,-21.33259],[165.00853,-21.33843],[165.00839,-21.34357],[165.01124,-21.3465],[165.01636,-21.34552],[165.02753,-21.33009],[165.03529,-21.33535],[165.0344,-21.33928],[165.0377,-21.33797],[165.03643,-21.34281],[165.04431,-21.3439],[165.04394,-21.33996],[165.04546,-21.34377],[165.04948,-21.34547],[165.05463,-21.34368],[165.05698,-21.35182],[165.05393,-21.35409],[165.05423,-21.35978],[165.05713,-21.35494],[165.06072,-21.35477],[165.06097,-21.35678],[165.05915,-21.35768],[165.06119,-21.3643],[165.05901,-21.36689],[165.06131,-21.36769],[165.05776,-21.37699],[165.06216,-21.37221],[165.06611,-21.37305],[165.06464,-21.3755],[165.06618,-21.37857],[165.07075,-21.37848],[165.06854,-21.3804],[165.07159,-21.383],[165.07052,-21.38971],[165.07966,-21.39153],[165.08338,-21.38974],[165.08847,-21.37984],[165.09231,-21.37865],[165.09425,-21.37155],[165.1014,-21.36778],[165.10415,-21.36316],[165.09822,-21.35375],[165.10243,-21.34919],[165.10249,-21.34249],[165.10746,-21.34254],[165.11438,-21.34654],[165.11509,-21.34502],[165.11035,-21.34215],[165.1083,-21.33509],[165.11943,-21.33687],[165.12295,-21.33537],[165.12261,-21.33994],[165.12513,-21.33808],[165.1247,-21.33147],[165.13012,-21.32961],[165.13278,-21.33112],[165.13126,-21.33277],[165.13576,-21.33121],[165.13589,-21.33514],[165.12968,-21.33758],[165.12608,-21.33614],[165.1285,-21.33904],[165.13137,-21.33747],[165.13021,-21.34009],[165.13738,-21.34094],[165.13425,-21.34515],[165.13935,-21.34752],[165.13787,-21.35173],[165.14285,-21.35256],[165.14271,-21.34768],[165.14603,-21.34919],[165.14462,-21.35286],[165.15059,-21.34661],[165.15235,-21.34953],[165.15634,-21.34633],[165.15697,-21.34792],[165.15515,-21.34886],[165.15787,-21.35152],[165.15328,-21.34979],[165.14729,-21.35554],[165.13996,-21.35642],[165.1436,-21.35911],[165.1422,-21.36128],[165.1467,-21.36214],[165.14678,-21.36797],[165.14308,-21.3746],[165.14577,-21.37743],[165.14475,-21.37956],[165.14998,-21.37977],[165.15028,-21.38521],[165.13789,-21.39247],[165.13171,-21.38847],[165.12363,-21.38962],[165.12394,-21.39285],[165.11622,-21.40034],[165.11117,-21.40142],[165.11124,-21.40469],[165.12227,-21.40578],[165.12381,-21.40409],[165.1262,-21.40931],[165.12369,-21.41887],[165.12657,-21.42184],[165.13692,-21.41942],[165.13366,-21.42785],[165.13824,-21.42533],[165.13921,-21.42902],[165.14594,-21.42858],[165.14547,-21.43078],[165.13722,-21.43228],[165.137,-21.44414],[165.14536,-21.45257],[165.14604,-21.45804],[165.14841,-21.45726],[165.14928,-21.45961],[165.14781,-21.46066],[165.16122,-21.47097],[165.16476,-21.47693],[165.16603,-21.47393],[165.17149,-21.4781],[165.1728,-21.47425],[165.17768,-21.47845],[165.18232,-21.4789],[165.18353,-21.48508],[165.18681,-21.48708],[165.19675,-21.48451],[165.20666,-21.49324],[165.21006,-21.49292],[165.2154,-21.48799],[165.21951,-21.48836],[165.21283,-21.49491],[165.21449,-21.50216],[165.22435,-21.50018],[165.22421,-21.49731],[165.22843,-21.49324],[165.23409,-21.48931],[165.2372,-21.48951],[165.24026,-21.49218],[165.23646,-21.49371],[165.23735,-21.49588],[165.23215,-21.49825],[165.23105,-21.50119],[165.23334,-21.50582],[165.23204,-21.50865],[165.23393,-21.50926],[165.23234,-21.51499],[165.23913,-21.51137],[165.25059,-21.51364],[165.2491,-21.50876],[165.25512,-21.50954],[165.25635,-21.50719],[165.26578,-21.50946],[165.26221,-21.51404],[165.26341,-21.51689],[165.26565,-21.51455],[165.27573,-21.51289],[165.28001,-21.51682],[165.27772,-21.51841],[165.28379,-21.51928],[165.26811,-21.53075],[165.26266,-21.53116],[165.26313,-21.52675],[165.25927,-21.53367],[165.26285,-21.54606],[165.26187,-21.5497],[165.26462,-21.54937],[165.26883,-21.5585],[165.28636,-21.57302],[165.31155,-21.58228],[165.33923,-21.58903],[165.34087,-21.59295],[165.36079,-21.59822],[165.36757,-21.60284],[165.37683,-21.60469],[165.37913,-21.60325],[165.37715,-21.605],[165.37444,-21.60531],[165.38188,-21.6089],[165.42591,-21.61972],[165.43633,-21.61659],[165.4335,-21.61043],[165.43452,-21.60567],[165.43633,-21.60676],[165.44437,-21.60374],[165.44765,-21.60647],[165.45116,-21.60512],[165.45881,-21.60738],[165.46351,-21.61323],[165.4641,-21.62052],[165.4684,-21.61999],[165.47077,-21.6178],[165.46903,-21.6117],[165.46246,-21.6086],[165.46232,-21.60651],[165.45946,-21.60765],[165.45836,-21.60488],[165.47375,-21.60536],[165.47549,-21.60269],[165.48233,-21.6007],[165.49204,-21.60071],[165.48877,-21.60315],[165.48403,-21.60158],[165.47984,-21.60303],[165.47474,-21.60956],[165.47495,-21.61636],[165.47647,-21.61277],[165.47721,-21.61583],[165.47335,-21.62043],[165.46164,-21.6226],[165.45896,-21.62546],[165.46004,-21.63182],[165.46783,-21.63222],[165.46628,-21.63063],[165.46667,-21.62768],[165.46832,-21.62943],[165.46661,-21.63079],[165.46971,-21.63277],[165.48105,-21.62811],[165.48292,-21.623],[165.48862,-21.6236],[165.49094,-21.62693],[165.5042,-21.63015],[165.51507,-21.63812],[165.5149,-21.64291],[165.51193,-21.63975],[165.50928,-21.63994],[165.51061,-21.64304],[165.50843,-21.64467],[165.50696,-21.64122],[165.50443,-21.64242],[165.50446,-21.63966],[165.49847,-21.64095],[165.49059,-21.6368],[165.48269,-21.64102],[165.48354,-21.64359],[165.47551,-21.63972],[165.46789,-21.64335],[165.47032,-21.65101],[165.47874,-21.65447],[165.48532,-21.66253],[165.49022,-21.66305],[165.49834,-21.67396],[165.51935,-21.68626],[165.52477,-21.68241],[165.53512,-21.69314],[165.54168,-21.69265],[165.53714,-21.69449],[165.54318,-21.7026],[165.55317,-21.70372],[165.55772,-21.6995],[165.56026,-21.70196],[165.55733,-21.70664],[165.56011,-21.70801],[165.56413,-21.70745],[165.56921,-21.70191],[165.5736,-21.70478],[165.57378,-21.70721],[165.57815,-21.70687],[165.57944,-21.71166],[165.58225,-21.71133],[165.58539,-21.71626],[165.58978,-21.71112],[165.59395,-21.71012],[165.59973,-21.71041],[165.60279,-21.713],[165.61262,-21.70419],[165.6149,-21.70653],[165.61177,-21.71037],[165.61284,-21.71707],[165.60963,-21.72253],[165.62582,-21.70854],[165.6266,-21.71456],[165.62371,-21.71995],[165.62712,-21.72681],[165.62371,-21.73427],[165.63032,-21.73315],[165.63313,-21.7289],[165.63279,-21.72413],[165.63644,-21.72215],[165.63703,-21.72587],[165.64057,-21.72503],[165.64215,-21.72761],[165.65067,-21.71999],[165.65773,-21.72027],[165.65247,-21.7163],[165.65422,-21.71213],[165.65578,-21.71559],[165.65879,-21.71417],[165.65851,-21.71207],[165.66344,-21.713],[165.66346,-21.70492],[165.66012,-21.70602],[165.65907,-21.70372],[165.66156,-21.70173],[165.6652,-21.70355],[165.66568,-21.70746],[165.66987,-21.70492],[165.67052,-21.70826],[165.67457,-21.70527],[165.67316,-21.7091],[165.67636,-21.7076],[165.67448,-21.71129],[165.67693,-21.71325],[165.67641,-21.71703],[165.68092,-21.71492],[165.68443,-21.71476],[165.68425,-21.71622],[165.67985,-21.72066],[165.67185,-21.72014],[165.67059,-21.72235],[165.68172,-21.7227],[165.68912,-21.72721],[165.68749,-21.7299],[165.67545,-21.73087],[165.6794,-21.73492],[165.67532,-21.73769],[165.67353,-21.74374],[165.68899,-21.74392],[165.69533,-21.74149],[165.69729,-21.74574],[165.69451,-21.74673],[165.69608,-21.7515],[165.69245,-21.75577],[165.70005,-21.76065],[165.70929,-21.75447],[165.70054,-21.74962],[165.70345,-21.74113],[165.71621,-21.73556],[165.71965,-21.72708],[165.72685,-21.72585],[165.72717,-21.72402],[165.72376,-21.72443],[165.72376,-21.71944],[165.72024,-21.72356],[165.72121,-21.72631],[165.71317,-21.72562],[165.7139,-21.72334],[165.71051,-21.72128],[165.71417,-21.72101],[165.7187,-21.7146],[165.71456,-21.71119],[165.70796,-21.7114],[165.70707,-21.70784],[165.71075,-21.70988],[165.71276,-21.7059],[165.72162,-21.70744],[165.72402,-21.70301],[165.72858,-21.70298],[165.74173,-21.71059],[165.74751,-21.702],[165.74393,-21.69716],[165.74173,-21.69718],[165.74504,-21.69623],[165.75127,-21.70157],[165.75423,-21.7004],[165.75602,-21.70235],[165.75018,-21.70287],[165.74828,-21.70752],[165.74999,-21.71051],[165.76304,-21.71907],[165.77206,-21.72209],[165.77711,-21.71676],[165.78108,-21.72219],[165.77775,-21.72569],[165.78188,-21.73295],[165.77796,-21.73711],[165.78342,-21.73186],[165.78286,-21.72576],[165.78714,-21.72626],[165.78507,-21.73163],[165.78872,-21.72881],[165.78769,-21.72127],[165.7941,-21.72075],[165.79299,-21.72494],[165.79979,-21.72215],[165.80019,-21.7247],[165.79447,-21.7244],[165.79809,-21.72685],[165.79284,-21.72961],[165.79561,-21.73358],[165.79424,-21.73662],[165.77346,-21.74405],[165.77098,-21.74688],[165.76694,-21.73709],[165.76176,-21.73683],[165.75559,-21.74114],[165.74461,-21.72976],[165.74329,-21.7309],[165.74914,-21.73818],[165.74594,-21.73925],[165.74469,-21.74539],[165.73928,-21.7412],[165.72926,-21.73863],[165.72672,-21.74275],[165.73392,-21.75126],[165.74493,-21.7553],[165.74757,-21.75422],[165.7554,-21.76101],[165.77131,-21.76777],[165.77458,-21.76462],[165.77359,-21.76967],[165.77876,-21.76824],[165.77352,-21.77143],[165.76951,-21.77966],[165.7601,-21.78099],[165.76012,-21.78369],[165.75682,-21.78131],[165.75341,-21.78319],[165.76158,-21.79013],[165.76192,-21.79921],[165.76534,-21.80395],[165.76827,-21.80351],[165.76999,-21.80908],[165.77832,-21.81026],[165.78168,-21.81621],[165.77779,-21.80894],[165.77841,-21.80469],[165.78348,-21.80378],[165.78248,-21.80139],[165.77937,-21.80169],[165.78056,-21.79879],[165.77839,-21.79669],[165.7781,-21.79],[165.78171,-21.79189],[165.78141,-21.78893],[165.78616,-21.78864],[165.78867,-21.79054],[165.79163,-21.78449],[165.79392,-21.78976],[165.80261,-21.78932],[165.80438,-21.79163],[165.8109,-21.79213],[165.80171,-21.7953],[165.80064,-21.80406],[165.79495,-21.80148],[165.79424,-21.80284],[165.80009,-21.8045],[165.79508,-21.81054],[165.80139,-21.81058],[165.807,-21.80681],[165.80974,-21.81457],[165.81488,-21.81342],[165.81375,-21.81703],[165.81891,-21.82035],[165.82076,-21.82003],[165.81972,-21.8124],[165.82279,-21.81043],[165.82535,-21.81107],[165.82661,-21.81663],[165.8309,-21.81821],[165.82808,-21.82029],[165.83193,-21.8276],[165.8299,-21.83326],[165.83382,-21.83377],[165.83475,-21.84474],[165.84008,-21.84535],[165.83792,-21.85279],[165.82915,-21.85421],[165.8206,-21.85034],[165.81146,-21.8521],[165.81409,-21.84795],[165.80848,-21.84302],[165.8106,-21.84867],[165.80791,-21.85723],[165.81905,-21.86357],[165.81984,-21.87295],[165.83347,-21.86568],[165.84711,-21.86528],[165.85332,-21.85689],[165.86233,-21.85844],[165.8631,-21.86038],[165.86771,-21.85519],[165.86928,-21.86138],[165.87157,-21.86213],[165.87187,-21.85952],[165.87516,-21.8585],[165.87824,-21.86086],[165.87673,-21.86557],[165.87862,-21.86725],[165.88577,-21.86485],[165.90106,-21.86705],[165.92202,-21.88071],[165.93603,-21.90208],[165.93739,-21.90084],[165.93893,-21.90561],[165.94208,-21.90605],[165.94413,-21.91583],[165.93365,-21.91561],[165.93492,-21.91135],[165.93258,-21.91652],[165.93912,-21.91652],[165.94093,-21.91979],[165.9449,-21.91716],[165.94692,-21.91807],[165.94969,-21.92204],[165.94605,-21.92335],[165.94902,-21.92519],[165.96046,-21.92281],[165.97133,-21.92965],[165.98041,-21.92982],[165.98248,-21.93715],[165.9805,-21.94025],[165.97748,-21.93883],[165.9767,-21.9407],[165.97891,-21.94587],[165.98478,-21.94712],[165.98281,-21.93948],[165.98666,-21.93732],[165.99439,-21.94109],[165.99827,-21.94698],[166.00262,-21.94684],[166.00463,-21.95047],[166.00146,-21.95628],[165.99046,-21.95913],[166.00259,-21.96716],[165.99979,-21.96112],[166.00276,-21.95949],[166.00201,-21.95607],[166.00422,-21.95403],[166.00632,-21.95599],[166.00907,-21.95522],[166.01355,-21.9478],[166.00577,-21.94552],[166.00625,-21.93706],[166.00844,-21.93493],[166.01332,-21.93145],[166.01812,-21.93148],[166.01774,-21.92908],[166.02357,-21.92669],[166.02586,-21.92953],[166.02381,-21.93742],[166.03019,-21.94183],[166.03497,-21.93917],[166.03349,-21.93438],[166.03626,-21.93039],[166.0311,-21.92646],[166.03066,-21.91893],[166.02866,-21.92051],[166.02605,-21.91505],[166.02842,-21.91029],[166.02677,-21.9076],[166.02186,-21.90649],[166.02418,-21.90112],[166.02569,-21.90557],[166.02829,-21.90304],[166.0321,-21.90489],[166.0331,-21.90283],[166.02985,-21.90333],[166.03283,-21.90181],[166.02939,-21.90228],[166.02812,-21.89924],[166.03568,-21.9],[166.03354,-21.89788],[166.03639,-21.89614],[166.02573,-21.89332],[166.02337,-21.89081],[166.02581,-21.89227],[166.03092,-21.89002],[166.03293,-21.88133],[166.03514,-21.88088],[166.04051,-21.88143],[166.03975,-21.88524],[166.04335,-21.88408],[166.04554,-21.88568],[166.04092,-21.88816],[166.04626,-21.88733],[166.04715,-21.88482],[166.04428,-21.88107],[166.04843,-21.88627],[166.05662,-21.87595],[166.05888,-21.87695],[166.0588,-21.87979],[166.06247,-21.87884],[166.06471,-21.8817],[166.06753,-21.88043],[166.06945,-21.88707],[166.06656,-21.88958],[166.06457,-21.89741],[166.06533,-21.91108],[166.06941,-21.91417],[166.07702,-21.90779],[166.07371,-21.91369],[166.07872,-21.91372],[166.08427,-21.9237],[166.082,-21.92634],[166.08289,-21.92988],[166.07965,-21.93268],[166.08037,-21.93658],[166.07705,-21.93712],[166.07794,-21.93429],[166.07107,-21.93029],[166.07018,-21.93793],[166.07285,-21.94484],[166.08076,-21.93674],[166.0868,-21.93683],[166.08888,-21.93401],[166.08482,-21.92667],[166.08672,-21.92545],[166.08852,-21.92926],[166.09149,-21.9188],[166.08829,-21.91678],[166.08623,-21.91724],[166.08629,-21.91392],[166.08404,-21.91435],[166.08304,-21.91197],[166.08738,-21.90942],[166.08962,-21.91327],[166.09256,-21.9128],[166.08896,-21.915],[166.08974,-21.91667],[166.09068,-21.91702],[166.09161,-21.91902],[166.08929,-21.92906],[166.09852,-21.92814],[166.09944,-21.93159],[166.10116,-21.92864],[166.10348,-21.92978],[166.10171,-21.92988],[166.10163,-21.93231],[166.10318,-21.93179],[166.10125,-21.93478],[166.09956,-21.93375],[166.09831,-21.93577],[166.10165,-21.94253],[166.09891,-21.94554],[166.10242,-21.94321],[166.10392,-21.93584],[166.10649,-21.93246],[166.10975,-21.93101],[166.11145,-21.93174],[166.11547,-21.92685],[166.11769,-21.9307],[166.11161,-21.93269],[166.11,-21.93115],[166.10585,-21.93361],[166.10297,-21.94077],[166.10458,-21.9422],[166.10727,-21.93611],[166.11461,-21.9367],[166.11325,-21.93341],[166.1156,-21.93315],[166.12004,-21.93925],[166.12521,-21.94146],[166.1264,-21.94514],[166.13295,-21.946],[166.12829,-21.94743],[166.13944,-21.95275],[166.13932,-21.95904],[166.14142,-21.96095],[166.14818,-21.96257],[166.15029,-21.96105],[166.15438,-21.96544],[166.1689,-21.9706],[166.16796,-21.9753],[166.16376,-21.97501],[166.16304,-21.98489],[166.16036,-21.98429],[166.1599,-21.98742],[166.15603,-21.98877],[166.15105,-21.98758],[166.14797,-21.99638],[166.15205,-21.99155],[166.15637,-21.99165],[166.15224,-21.99198],[166.14863,-21.99705],[166.14491,-21.99461],[166.14888,-21.9978],[166.16189,-21.99372]],[[164.84684,-21.07701],[164.84952,-21.0816],[164.84648,-21.0825],[164.84684,-21.07701]],[[164.83141,-21.10096],[164.83252,-21.1028],[164.82883,-21.10118],[164.83141,-21.10096]],[[164.81421,-21.09965],[164.81146,-21.10035],[164.81269,-21.09795],[164.81421,-21.09965]],[[164.28339,-20.56436],[164.2897,-20.56456],[164.28706,-20.56807],[164.28999,-20.57017],[164.28497,-20.57039],[164.27839,-20.56722],[164.27822,-20.56552],[164.28061,-20.56646],[164.28339,-20.56436]],[[165.82264,-21.86561],[165.8205,-21.86543],[165.82234,-21.86401],[165.82264,-21.86561]],[[165.8227,-21.86828],[165.82317,-21.86542],[165.82635,-21.86628],[165.8227,-21.86828]],[[166.19124,-22.01696],[166.19298,-22.01512],[166.19378,-22.01702],[166.19124,-22.01696]],[[166.12617,-22.09223],[166.1254,-22.0906],[166.1311,-22.08832],[166.12899,-22.09588],[166.12679,-22.09583],[166.12617,-22.09223]],[[164.86155,-21.14028],[164.86134,-21.13914],[164.86246,-21.13846],[164.86232,-21.13546],[164.86476,-21.1352],[164.86312,-21.14074],[164.86155,-21.14028]],[[165.21965,-21.48806],[165.22225,-21.48655],[165.22065,-21.48965],[165.21965,-21.48806]]],[[[165.45817,-21.65961],[165.46125,-21.65875],[165.45869,-21.65712],[165.45675,-21.65907],[165.45817,-21.65961]]],[[[166.05082,-21.53442],[166.05265,-21.53424],[166.05233,-21.53007],[166.05037,-21.53088],[166.05082,-21.53442]]],[[[166.0774,-21.48956],[166.07974,-21.48906],[166.07873,-21.48385],[166.07577,-21.48338],[166.06974,-21.49132],[166.0774,-21.48956]]],[[[166.4049,-22.21694],[166.40937,-22.21616],[166.40526,-22.21011],[166.40237,-22.21271],[166.39741,-22.21224],[166.40182,-22.21799],[166.4049,-22.21694]]],[[[164.94431,-20.67196],[164.94026,-20.67387],[164.94701,-20.67483],[164.94431,-20.67196]]],[[[165.05146,-20.66452],[165.05434,-20.66326],[165.04966,-20.66178],[165.05146,-20.66452]]],[[[164.98967,-20.64712],[164.98445,-20.6426],[164.98612,-20.64693],[164.98967,-20.64712]]],[[[164.93609,-20.62319],[164.93448,-20.62495],[164.93667,-20.62654],[164.94085,-20.62185],[164.93609,-20.62319]]],[[[165.78097,-21.33205],[165.7839,-21.33476],[165.78452,-21.33161],[165.78097,-21.33205]]],[[[165.64088,-21.28493],[165.64008,-21.28306],[165.63895,-21.28321],[165.64149,-21.28708],[165.64088,-21.28493]]],[[[165.63854,-21.27262],[165.63609,-21.27123],[165.63401,-21.27299],[165.63568,-21.27538],[165.63854,-21.27262]]],[[[165.62382,-21.27129],[165.62081,-21.27143],[165.62011,-21.27367],[165.6271,-21.27493],[165.63102,-21.27192],[165.62733,-21.26856],[165.62471,-21.27264],[165.62382,-21.27129]]],[[[165.63265,-21.26767],[165.63096,-21.26603],[165.6318,-21.27068],[165.63506,-21.2696],[165.63265,-21.26767]]],[[[165.62548,-21.262],[165.62921,-21.26742],[165.6298,-21.26515],[165.62548,-21.262]]],[[[167.45392,-22.70725],[167.45528,-22.71139],[167.46104,-22.7115],[167.46679,-22.70747],[167.46705,-22.70499],[167.45392,-22.70725]]],[[[167.42018,-22.67065],[167.42429,-22.67319],[167.42639,-22.67152],[167.42355,-22.66902],[167.42018,-22.67065]]],[[[167.39312,-22.65073],[167.39491,-22.65271],[167.39696,-22.65141],[167.39552,-22.64901],[167.39312,-22.65073]]],[[[167.50512,-22.68858],[167.50775,-22.69213],[167.51747,-22.69118],[167.54604,-22.69502],[167.5573,-22.67095],[167.55484,-22.66107],[167.54961,-22.65503],[167.53559,-22.65051],[167.53106,-22.64674],[167.53113,-22.64413],[167.52785,-22.64318],[167.52448,-22.65246],[167.51997,-22.65687],[167.51899,-22.66473],[167.51615,-22.66767],[167.51832,-22.66975],[167.51508,-22.66838],[167.51626,-22.6663],[167.51181,-22.66493],[167.51161,-22.66967],[167.51771,-22.67717],[167.52274,-22.67925],[167.52557,-22.67309],[167.54459,-22.66413],[167.55057,-22.66825],[167.5523,-22.6743],[167.53593,-22.6821],[167.53199,-22.6877],[167.51263,-22.68368],[167.50512,-22.68858]]],[[[167.41205,-22.63867],[167.41462,-22.64344],[167.41575,-22.64107],[167.41205,-22.63867]]],[[[167.53297,-22.64535],[167.53677,-22.64613],[167.53879,-22.64356],[167.53682,-22.64138],[167.53863,-22.64059],[167.53746,-22.63633],[167.5343,-22.63761],[167.53297,-22.64535]]],[[[167.41573,-22.61702],[167.41663,-22.61835],[167.4179,-22.61691],[167.41573,-22.61702]]],[[[167.40773,-22.62244],[167.41081,-22.62363],[167.41532,-22.61803],[167.41051,-22.61519],[167.40773,-22.62244]]],[[[167.52093,-22.58125],[167.52577,-22.58443],[167.52673,-22.58326],[167.52501,-22.5823],[167.52426,-22.58087],[167.52367,-22.57841],[167.52405,-22.57765],[167.51965,-22.57699],[167.51742,-22.57815],[167.52093,-22.58125]]],[[[167.52392,-22.57824],[167.52574,-22.58252],[167.52936,-22.58354],[167.52739,-22.57603],[167.52521,-22.57473],[167.52519,-22.57727],[167.52392,-22.57824]]],[[[167.51222,-22.56826],[167.5153,-22.57093],[167.51835,-22.56999],[167.5131,-22.56697],[167.51222,-22.56826]]],[[[167.51434,-22.5627],[167.51596,-22.56713],[167.51898,-22.5673],[167.5196,-22.56201],[167.51434,-22.5627]]],[[[167.42033,-22.64031],[167.41902,-22.64494],[167.42112,-22.64491],[167.42155,-22.64853],[167.41978,-22.65235],[167.42785,-22.64833],[167.43584,-22.65488],[167.43914,-22.65297],[167.4421,-22.65391],[167.44231,-22.6614],[167.43611,-22.66153],[167.43458,-22.66359],[167.43901,-22.66845],[167.44144,-22.66947],[167.44179,-22.66272],[167.44549,-22.66159],[167.44797,-22.66265],[167.4486,-22.66977],[167.45227,-22.66569],[167.48253,-22.6748],[167.49334,-22.67507],[167.50388,-22.67015],[167.50356,-22.6655],[167.5081,-22.65899],[167.51968,-22.65549],[167.52294,-22.6511],[167.52192,-22.63961],[167.51654,-22.63768],[167.51485,-22.63402],[167.51838,-22.61322],[167.52551,-22.60189],[167.52973,-22.59917],[167.53364,-22.60148],[167.53352,-22.60762],[167.52833,-22.61959],[167.52913,-22.62312],[167.53868,-22.62469],[167.53914,-22.62725],[167.53665,-22.62663],[167.53694,-22.63146],[167.5437,-22.62948],[167.54628,-22.63384],[167.5418,-22.64735],[167.5528,-22.64537],[167.55236,-22.6421],[167.54981,-22.64182],[167.55536,-22.63107],[167.55777,-22.6304],[167.55598,-22.62553],[167.55761,-22.61529],[167.55204,-22.6052],[167.54761,-22.60251],[167.54692,-22.59599],[167.54426,-22.59341],[167.53667,-22.59088],[167.52949,-22.58408],[167.52567,-22.58475],[167.51825,-22.58148],[167.5167,-22.57735],[167.51644,-22.57409],[167.51063,-22.56878],[167.51052,-22.55748],[167.49506,-22.55951],[167.4657,-22.54223],[167.44874,-22.53873],[167.44437,-22.5351],[167.44473,-22.54788],[167.43044,-22.53731],[167.43103,-22.54655],[167.42013,-22.55178],[167.41677,-22.55587],[167.41569,-22.56425],[167.41928,-22.57922],[167.42491,-22.58846],[167.42462,-22.59389],[167.42257,-22.59804],[167.41325,-22.60481],[167.41923,-22.60645],[167.42007,-22.60991],[167.41728,-22.61276],[167.4218,-22.61272],[167.42519,-22.61961],[167.42104,-22.62493],[167.42648,-22.62542],[167.42907,-22.63064],[167.42742,-22.63361],[167.41867,-22.63567],[167.41742,-22.63913],[167.42033,-22.64031]]],[[[167.40884,-22.54045],[167.41585,-22.53602],[167.41192,-22.5354],[167.40884,-22.54045]]],[[[167.43844,-22.53707],[167.43957,-22.53846],[167.44176,-22.53581],[167.44024,-22.53429],[167.43844,-22.53707]]],[[[167.41655,-22.53386],[167.41952,-22.53529],[167.41859,-22.53205],[167.41655,-22.53386]]],[[[167.42898,-22.528],[167.42972,-22.53125],[167.43139,-22.53082],[167.43143,-22.52703],[167.42898,-22.528]]],[[[167.42557,-22.52788],[167.4282,-22.53073],[167.42812,-22.52724],[167.42688,-22.52611],[167.42557,-22.52788]]],[[[167.41819,-22.52525],[167.41926,-22.52896],[167.42354,-22.52583],[167.4192,-22.52395],[167.41819,-22.52525]]],[[[167.41068,-22.51626],[167.41286,-22.51824],[167.41226,-22.51529],[167.41068,-22.51626]]],[[[164.3963,-20.71551],[164.40339,-20.71523],[164.39524,-20.71423],[164.3963,-20.71551]]],[[[164.40379,-20.70185],[164.40161,-20.70336],[164.40529,-20.704],[164.40624,-20.69985],[164.40379,-20.70185]]],[[[164.36518,-20.70354],[164.36753,-20.70629],[164.3742,-20.7077],[164.36629,-20.70465],[164.37057,-20.70435],[164.37156,-20.70201],[164.3695,-20.69962],[164.36951,-20.70279],[164.36699,-20.70368],[164.36273,-20.69923],[164.36518,-20.70354]]],[[[164.365,-20.68928],[164.36602,-20.69493],[164.37433,-20.69819],[164.37281,-20.69375],[164.37792,-20.68866],[164.37491,-20.6873],[164.36584,-20.69054],[164.36629,-20.69322],[164.365,-20.68928]]],[[[164.83324,-21.07332],[164.83167,-21.07639],[164.83496,-21.07447],[164.83324,-21.07332]]],[[[164.83381,-21.07118],[164.83534,-21.07428],[164.83453,-21.06914],[164.83381,-21.07118]]],[[[164.18761,-20.56004],[164.18307,-20.55602],[164.18356,-20.55853],[164.18761,-20.56004]]],[[[164.03995,-20.4069],[164.0362,-20.40404],[164.03268,-20.40558],[164.03995,-20.4069]]],[[[164.10569,-20.35943],[164.10253,-20.35962],[164.10332,-20.36275],[164.10569,-20.35943]]],[[[165.85151,-21.897],[165.856,-21.89946],[165.84555,-21.89133],[165.84328,-21.89292],[165.84245,-21.89502],[165.85151,-21.897]]],[[[165.76421,-21.81138],[165.76119,-21.81423],[165.76423,-21.81378],[165.76421,-21.81138]]],[[[165.75752,-21.81119],[165.7556,-21.81012],[165.75222,-21.82032],[165.76182,-21.82734],[165.76707,-21.8195],[165.76606,-21.8166],[165.76349,-21.82059],[165.76323,-21.8167],[165.75941,-21.816],[165.75752,-21.81119]]],[[[165.77515,-21.7408],[165.77979,-21.74085],[165.78047,-21.73769],[165.77515,-21.7408]]],[[[167.81609,-21.08795],[167.8114,-21.08533],[167.80311,-21.08488],[167.79895,-21.0861],[167.79389,-21.09193],[167.80106,-21.10479],[167.81455,-21.11654],[167.82293,-21.12881],[167.83492,-21.12476],[167.83975,-21.11883],[167.83206,-21.11156],[167.82108,-21.09206],[167.81609,-21.08795]]],[[[167.14071,-21.0794],[167.15929,-21.0868],[167.16624,-21.08353],[167.17758,-21.08342],[167.21581,-21.0914],[167.23034,-21.08809],[167.23988,-21.09065],[167.26337,-21.0918],[167.27027,-21.10238],[167.26635,-21.12023],[167.26902,-21.12638],[167.28166,-21.12596],[167.28876,-21.13157],[167.31215,-21.13703],[167.31572,-21.14225],[167.31411,-21.15267],[167.33125,-21.17643],[167.3398,-21.18315],[167.35727,-21.18654],[167.35941,-21.18627],[167.3631,-21.17865],[167.36983,-21.17562],[167.37665,-21.17745],[167.38228,-21.18346],[167.38776,-21.183],[167.39124,-21.18113],[167.39521,-21.17193],[167.41442,-21.164],[167.41538,-21.1464],[167.41186,-21.14022],[167.41387,-21.13003],[167.40559,-21.10937],[167.40755,-21.09861],[167.41034,-21.09783],[167.40956,-21.09443],[167.41362,-21.09432],[167.44102,-21.07418],[167.45595,-21.06938],[167.4603,-21.06067],[167.45775,-21.05322],[167.45121,-21.04916],[167.44482,-21.0497],[167.4404,-21.05473],[167.43821,-21.05388],[167.43658,-21.04318],[167.42902,-21.03421],[167.42403,-21.0323],[167.41967,-21.03556],[167.4122,-21.03539],[167.38185,-21.01552],[167.37784,-21.00278],[167.37856,-20.99601],[167.38169,-20.99317],[167.3848,-20.98236],[167.38377,-20.97181],[167.3776,-20.95609],[167.36927,-20.94861],[167.34983,-20.93896],[167.34097,-20.94159],[167.31652,-20.93593],[167.30633,-20.9292],[167.30181,-20.91915],[167.29376,-20.91531],[167.28687,-20.9142],[167.27546,-20.91999],[167.26411,-20.91547],[167.25784,-20.90893],[167.25913,-20.90093],[167.26681,-20.89801],[167.2818,-20.88338],[167.28821,-20.88001],[167.29013,-20.87602],[167.28366,-20.84815],[167.27541,-20.83461],[167.27212,-20.82078],[167.27639,-20.80299],[167.27489,-20.77359],[167.27865,-20.75946],[167.29256,-20.75595],[167.30067,-20.74654],[167.3012,-20.73133],[167.29874,-20.72721],[167.28468,-20.72952],[167.27444,-20.72635],[167.26984,-20.72143],[167.26875,-20.71393],[167.25868,-20.70861],[167.24805,-20.6957],[167.22915,-20.68773],[167.22533,-20.68343],[167.21109,-20.67982],[167.18353,-20.67936],[167.16339,-20.68872],[167.16035,-20.69459],[167.16305,-20.71179],[167.14875,-20.72342],[167.13621,-20.72473],[167.09909,-20.70969],[167.0936,-20.71456],[167.08631,-20.71502],[167.07601,-20.71194],[167.0618,-20.71675],[167.03913,-20.73309],[167.03937,-20.75156],[167.03361,-20.76136],[167.02877,-20.76453],[167.03426,-20.77866],[167.03873,-20.78054],[167.05632,-20.77309],[167.10184,-20.76538],[167.11171,-20.77124],[167.1179,-20.7811],[167.11676,-20.78533],[167.12115,-20.78622],[167.12228,-20.79071],[167.12643,-20.78291],[167.13587,-20.78016],[167.15134,-20.78542],[167.15775,-20.79438],[167.17053,-20.79293],[167.17985,-20.81219],[167.178,-20.83172],[167.17351,-20.83744],[167.16548,-20.84235],[167.16336,-20.84744],[167.16546,-20.85182],[167.16419,-20.85698],[167.14099,-20.87288],[167.13414,-20.89281],[167.12913,-20.8966],[167.12143,-20.909],[167.11314,-20.91032],[167.10508,-20.91615],[167.09249,-20.91677],[167.08641,-20.92519],[167.07269,-20.92936],[167.06163,-20.92704],[167.04854,-20.92028],[167.0457,-20.91249],[167.04143,-20.91175],[167.0404,-20.91368],[167.02888,-20.91515],[167.01753,-20.91366],[167.01253,-20.91545],[167.01102,-20.91845],[167.01707,-20.92613],[167.0195,-20.93399],[167.02664,-20.94093],[167.0521,-20.94835],[167.05587,-20.95225],[167.05778,-20.95582],[167.05646,-20.95868],[167.06123,-20.96383],[167.06365,-20.97112],[167.06175,-20.97774],[167.05455,-20.98457],[167.05457,-20.98788],[167.06178,-20.9909],[167.06694,-20.99885],[167.07513,-21.00242],[167.08701,-21.01439],[167.09076,-21.03364],[167.09502,-21.0413],[167.11213,-21.05007],[167.1272,-21.07041],[167.14071,-21.0794]]],[[[167.97268,-21.42578],[167.96555,-21.41057],[167.95774,-21.40306],[167.95263,-21.38796],[167.95933,-21.3729],[167.97821,-21.35899],[167.97882,-21.35351],[167.97423,-21.34835],[167.969,-21.35005],[167.95795,-21.36387],[167.95672,-21.36879],[167.94596,-21.36791],[167.93327,-21.37375],[167.92624,-21.37454],[167.91881,-21.38236],[167.90749,-21.3797],[167.90087,-21.38099],[167.89834,-21.38477],[167.89889,-21.39311],[167.89185,-21.40256],[167.88593,-21.40352],[167.87318,-21.40025],[167.86589,-21.39553],[167.86547,-21.39238],[167.85768,-21.38984],[167.84056,-21.37617],[167.82193,-21.3735],[167.81103,-21.3798],[167.80031,-21.38192],[167.80495,-21.39231],[167.80726,-21.40631],[167.8256,-21.42053],[167.83479,-21.43742],[167.8393,-21.45461],[167.83493,-21.47858],[167.83234,-21.48145],[167.83575,-21.49218],[167.83849,-21.4933],[167.84604,-21.5055],[167.84434,-21.50692],[167.84595,-21.51217],[167.8502,-21.51587],[167.84891,-21.51796],[167.85201,-21.51958],[167.85409,-21.52717],[167.86413,-21.53234],[167.86904,-21.54212],[167.8709,-21.54437],[167.87547,-21.5435],[167.87864,-21.5499],[167.8738,-21.57163],[167.86441,-21.57545],[167.85892,-21.59038],[167.85156,-21.59123],[167.8449,-21.59779],[167.84551,-21.5999],[167.85246,-21.60194],[167.86106,-21.60119],[167.86364,-21.59832],[167.88989,-21.60039],[167.90243,-21.59682],[167.90805,-21.59701],[167.91539,-21.60264],[167.91987,-21.60126],[167.93567,-21.60491],[167.94537,-21.60201],[167.95255,-21.61725],[167.94527,-21.63084],[167.94629,-21.63465],[167.95353,-21.63681],[167.95823,-21.64922],[167.97343,-21.65259],[167.97977,-21.66091],[167.98341,-21.65765],[167.99771,-21.65484],[168.00597,-21.65893],[168.03739,-21.65929],[168.04147,-21.65647],[168.04307,-21.64792],[168.04781,-21.64204],[168.0535,-21.63994],[168.06688,-21.6437],[168.07182,-21.64135],[168.0759,-21.63484],[168.08708,-21.63098],[168.11384,-21.6288],[168.11635,-21.6262],[168.11637,-21.61746],[168.10913,-21.5966],[168.10725,-21.58322],[168.10725,-21.56507],[168.11404,-21.54363],[168.11112,-21.52488],[168.11431,-21.51173],[168.12352,-21.50403],[168.12407,-21.49568],[168.11695,-21.48452],[168.12057,-21.46521],[168.1322,-21.45389],[168.13262,-21.44575],[168.11706,-21.43529],[168.08715,-21.45378],[168.07838,-21.45565],[168.05329,-21.45478],[168.04211,-21.46211],[168.02917,-21.46668],[168.02407,-21.46334],[167.99915,-21.45795],[167.9807,-21.43864],[167.97268,-21.42578]]],[[[167.73741,-21.37923],[167.73889,-21.37354],[167.73622,-21.35935],[167.7443,-21.35056],[167.74074,-21.34236],[167.73369,-21.34714],[167.73151,-21.35416],[167.73497,-21.36759],[167.7328,-21.3746],[167.73741,-21.37923]]],[[[167.56871,-21.31764],[167.57115,-21.32033],[167.57538,-21.31718],[167.57607,-21.31035],[167.57195,-21.31025],[167.56816,-21.31347],[167.56871,-21.31764]]],[[[167.5943,-21.26635],[167.59636,-21.26682],[167.59749,-21.2645],[167.59645,-21.25961],[167.593,-21.25507],[167.58847,-21.25479],[167.58621,-21.25798],[167.5943,-21.26635]]],[[[167.54819,-21.13459],[167.56326,-21.14831],[167.56696,-21.14909],[167.5664,-21.14243],[167.55396,-21.13108],[167.54359,-21.13025],[167.54819,-21.13459]]],[[[165.68433,-21.77723],[165.68857,-21.77918],[165.6912,-21.76802],[165.68949,-21.76633],[165.6846,-21.76848],[165.6852,-21.77125],[165.68808,-21.77127],[165.68726,-21.77495],[165.68323,-21.77632],[165.68293,-21.77464],[165.67809,-21.77766],[165.68138,-21.77908],[165.68433,-21.77723]]],[[[165.65057,-21.72685],[165.65081,-21.73187],[165.65255,-21.72934],[165.65057,-21.72685]]],[[[166.87676,-22.8473],[166.87907,-22.84731],[166.87869,-22.84576],[166.87676,-22.8473]]],[[[166.85251,-22.72387],[166.85112,-22.72047],[166.85025,-22.72378],[166.85251,-22.72387]]],[[[166.79748,-22.71036],[166.79477,-22.70951],[166.79424,-22.71105],[166.79748,-22.71036]]],[[[166.8287,-22.53164],[166.82953,-22.53347],[166.83209,-22.53174],[166.8287,-22.53164]]],[[[166.76827,-22.51772],[166.76939,-22.51891],[166.77009,-22.51622],[166.76827,-22.51772]]],[[[166.60936,-22.51638],[166.6124,-22.51682],[166.61234,-22.51466],[166.60936,-22.51638]]],[[[166.77902,-22.46033],[166.79645,-22.46332],[166.80498,-22.46157],[166.80931,-22.46772],[166.81325,-22.46765],[166.81816,-22.46595],[166.82306,-22.45884],[166.83293,-22.45131],[166.83261,-22.44592],[166.81637,-22.44622],[166.81576,-22.44897],[166.81098,-22.44949],[166.79939,-22.43996],[166.80489,-22.43513],[166.81791,-22.43999],[166.82308,-22.43166],[166.82779,-22.42871],[166.83637,-22.43196],[166.84251,-22.4318],[166.84156,-22.42172],[166.84758,-22.41547],[166.84289,-22.40685],[166.84412,-22.40465],[166.83926,-22.39785],[166.83418,-22.39665],[166.83142,-22.3982],[166.82529,-22.39447],[166.82076,-22.39752],[166.81834,-22.39335],[166.81401,-22.39328],[166.80458,-22.39886],[166.80641,-22.4028],[166.80427,-22.40764],[166.79775,-22.40726],[166.78611,-22.39857],[166.7836,-22.40276],[166.77862,-22.40507],[166.77744,-22.4117],[166.78472,-22.41782],[166.78593,-22.42817],[166.78492,-22.434],[166.7719,-22.44139],[166.78163,-22.45517],[166.78141,-22.4579],[166.77646,-22.46014],[166.77902,-22.46033]]],[[[166.84366,-22.37859],[166.85462,-22.38172],[166.85585,-22.37838],[166.84366,-22.37859]]],[[[166.84629,-22.35602],[166.84499,-22.35155],[166.84014,-22.35197],[166.8394,-22.35419],[166.84261,-22.35567],[166.84359,-22.35915],[166.84629,-22.35602]]],[[[166.56823,-22.3265],[166.56952,-22.32788],[166.5706,-22.32621],[166.56968,-22.32486],[166.56823,-22.3265]]],[[[166.56817,-22.31046],[166.56462,-22.30914],[166.56762,-22.31194],[166.56817,-22.31046]]],[[[166.59748,-22.30276],[166.59801,-22.2997],[166.59521,-22.29762],[166.59534,-22.3019],[166.59748,-22.30276]]],[[[166.58234,-22.30511],[166.58549,-22.30277],[166.575,-22.29973],[166.57633,-22.30492],[166.58234,-22.30511]]],[[[166.4101,-22.33434],[166.41198,-22.33119],[166.40768,-22.33587],[166.40899,-22.33683],[166.4101,-22.33434]]],[[[166.47233,-22.31428],[166.47283,-22.31602],[166.48091,-22.31504],[166.47916,-22.31297],[166.47543,-22.31489],[166.47396,-22.31143],[166.47233,-22.31428]]],[[[166.29161,-22.29619],[166.29374,-22.29891],[166.29436,-22.29435],[166.29161,-22.29619]]],[[[166.43037,-22.29361],[166.42802,-22.29225],[166.42851,-22.28949],[166.42455,-22.28806],[166.42603,-22.29228],[166.43037,-22.29361]]],[[[166.48055,-22.28888],[166.48325,-22.30192],[166.4766,-22.30664],[166.47762,-22.31013],[166.4814,-22.31087],[166.48834,-22.29876],[166.48591,-22.29706],[166.4862,-22.2924],[166.48381,-22.29165],[166.4835,-22.28806],[166.48055,-22.28888]]],[[[166.50462,-22.27478],[166.50362,-22.2732],[166.50265,-22.27485],[166.50462,-22.27478]]],[[[166.49731,-22.25749],[166.4985,-22.25975],[166.50193,-22.25997],[166.49926,-22.2539],[166.49731,-22.25749]]],[[[166.41096,-22.27237],[166.41278,-22.26902],[166.41628,-22.27215],[166.42377,-22.27185],[166.42576,-22.27428],[166.42415,-22.28078],[166.42668,-22.28274],[166.42834,-22.27151],[166.42602,-22.26785],[166.41627,-22.26405],[166.41358,-22.26689],[166.40971,-22.26215],[166.40393,-22.26138],[166.39207,-22.2473],[166.38708,-22.24855],[166.38574,-22.25255],[166.39143,-22.2582],[166.38792,-22.26042],[166.39,-22.26365],[166.39853,-22.27017],[166.41096,-22.27237]]],[[[166.38927,-22.22457],[166.38696,-22.22485],[166.38765,-22.22729],[166.38927,-22.22457]]],[[[164.31927,-20.30717],[164.32056,-20.31654],[164.32273,-20.30607],[164.31927,-20.30717]]],[[[164.31242,-20.3044],[164.31708,-20.30646],[164.3225,-20.30484],[164.31714,-20.3021],[164.31242,-20.3044]]],[[[164.37701,-20.25664],[164.37656,-20.25397],[164.37536,-20.25613],[164.37701,-20.25664]]],[[[164.29849,-20.25256],[164.29364,-20.24852],[164.29477,-20.24033],[164.29138,-20.23817],[164.28744,-20.22833],[164.28807,-20.22291],[164.28125,-20.21965],[164.278,-20.23136],[164.28317,-20.23656],[164.28371,-20.24584],[164.28696,-20.24829],[164.2901,-20.2607],[164.29528,-20.26592],[164.29581,-20.26222],[164.30001,-20.25993],[164.29849,-20.25256]]],[[[164.24615,-20.16588],[164.24854,-20.16647],[164.24837,-20.16248],[164.24481,-20.1644],[164.24615,-20.16588]]],[[[164.18198,-20.07832],[164.18284,-20.06957],[164.18008,-20.06781],[164.17949,-20.07079],[164.17161,-20.07066],[164.17146,-20.06842],[164.17706,-20.06905],[164.17014,-20.06114],[164.16886,-20.05258],[164.16495,-20.05063],[164.16475,-20.05815],[164.16212,-20.06313],[164.16452,-20.06732],[164.16159,-20.06995],[164.16536,-20.07502],[164.16208,-20.0823],[164.15612,-20.08529],[164.15646,-20.08743],[164.16062,-20.08756],[164.16085,-20.08551],[164.165,-20.0846],[164.1656,-20.08226],[164.16352,-20.08234],[164.16563,-20.08001],[164.16524,-20.07202],[164.16691,-20.07286],[164.1672,-20.08347],[164.17001,-20.08916],[164.16398,-20.08821],[164.16558,-20.08956],[164.16688,-20.09284],[164.16872,-20.09321],[164.17024,-20.09609],[164.16855,-20.09357],[164.16866,-20.09956],[164.17152,-20.10421],[164.17019,-20.10721],[164.17437,-20.11467],[164.1738,-20.11067],[164.17644,-20.11088],[164.17699,-20.11786],[164.18138,-20.12408],[164.1901,-20.12787],[164.19062,-20.13019],[164.1929,-20.12944],[164.19164,-20.13134],[164.19452,-20.1346],[164.20089,-20.13704],[164.20825,-20.14426],[164.2096,-20.14299],[164.20736,-20.13886],[164.21171,-20.13763],[164.21363,-20.13948],[164.21077,-20.14123],[164.22104,-20.14281],[164.23565,-20.15459],[164.2368,-20.14759],[164.23208,-20.14324],[164.22539,-20.12874],[164.21906,-20.12355],[164.21941,-20.11743],[164.21327,-20.11206],[164.21598,-20.11277],[164.21619,-20.10956],[164.20812,-20.10037],[164.19762,-20.09513],[164.19444,-20.08921],[164.18198,-20.07832]]],[[[166.466,-20.70767],[166.46288,-20.71329],[166.47543,-20.70927],[166.46813,-20.70506],[166.466,-20.70767]]],[[[166.40581,-20.7289],[166.41721,-20.73497],[166.42853,-20.72782],[166.44203,-20.72808],[166.47024,-20.70095],[166.46854,-20.69976],[166.45307,-20.71138],[166.42687,-20.72063],[166.411,-20.72216],[166.39169,-20.71586],[166.38925,-20.72163],[166.39554,-20.72172],[166.40581,-20.7289]]],[[[166.37352,-20.6855],[166.3798,-20.69117],[166.37534,-20.68182],[166.37352,-20.6855]]],[[[166.37304,-20.67304],[166.37478,-20.67128],[166.37221,-20.66689],[166.36914,-20.66834],[166.37304,-20.67304]]],[[[166.33763,-20.6379],[166.33787,-20.6352],[166.33445,-20.63382],[166.33352,-20.63498],[166.33763,-20.6379]]],[[[166.29151,-20.63009],[166.29358,-20.62798],[166.28836,-20.627],[166.29151,-20.63009]]],[[[166.30557,-20.62812],[166.30668,-20.62361],[166.3037,-20.62684],[166.30557,-20.62812]]],[[[166.27059,-20.61966],[166.27768,-20.62548],[166.28407,-20.62411],[166.27792,-20.61878],[166.2742,-20.61768],[166.27059,-20.61966]]],[[[166.22531,-20.50377],[166.2268,-20.50481],[166.22858,-20.50249],[166.22684,-20.49958],[166.22531,-20.50377]]],[[[166.32503,-20.48756],[166.32848,-20.48674],[166.32764,-20.48539],[166.32503,-20.48756]]],[[[166.65483,-20.47913],[166.65663,-20.4809],[166.64968,-20.48164],[166.65145,-20.48332],[166.65694,-20.48243],[166.65867,-20.47814],[166.65483,-20.47913]]],[[[166.39958,-20.45326],[166.39506,-20.45212],[166.39348,-20.45446],[166.39715,-20.45607],[166.40401,-20.45286],[166.39958,-20.45326]]],[[[166.43312,-20.45386],[166.43606,-20.45647],[166.44253,-20.45251],[166.4394,-20.45147],[166.43312,-20.45386]]],[[[166.45132,-20.45108],[166.45349,-20.4521],[166.45462,-20.44925],[166.45132,-20.45108]]],[[[166.39818,-20.45046],[166.4018,-20.45234],[166.40358,-20.44869],[166.4084,-20.44817],[166.39871,-20.44791],[166.39818,-20.45046]]],[[[166.47047,-20.44244],[166.47199,-20.44234],[166.47078,-20.4407],[166.46806,-20.44139],[166.46329,-20.44468],[166.4634,-20.44708],[166.46891,-20.4482],[166.4675,-20.4441],[166.47047,-20.44244]]],[[[166.47269,-20.44077],[166.47631,-20.43864],[166.47413,-20.4371],[166.47085,-20.44031],[166.47269,-20.44077]]],[[[166.47501,-20.4364],[166.47956,-20.43742],[166.4791,-20.43141],[166.47501,-20.4364]]],[[[166.48816,-20.42419],[166.4915,-20.42522],[166.49084,-20.42243],[166.48816,-20.42419]]],[[[166.49717,-20.41528],[166.49463,-20.41465],[166.50075,-20.41909],[166.49969,-20.41527],[166.49717,-20.41528]]],[[[166.49585,-20.41402],[166.49847,-20.41423],[166.49852,-20.4115],[166.49585,-20.41402]]],[[[166.14699,-20.40882],[166.14878,-20.40725],[166.13551,-20.40763],[166.1353,-20.41172],[166.13847,-20.41273],[166.14699,-20.40882]]],[[[166.52249,-20.40167],[166.52467,-20.415],[166.54616,-20.41686],[166.54841,-20.4118],[166.54733,-20.40477],[166.54443,-20.40641],[166.53852,-20.40169],[166.52912,-20.40016],[166.52916,-20.40744],[166.53292,-20.40261],[166.53418,-20.40576],[166.53207,-20.40802],[166.53425,-20.41131],[166.52403,-20.40719],[166.52739,-20.40049],[166.52249,-20.40167]]],[[[166.66598,-20.4671],[166.66649,-20.46016],[166.66199,-20.45494],[166.64026,-20.44166],[166.62509,-20.42864],[166.60818,-20.39542],[166.60301,-20.39127],[166.59411,-20.38961],[166.58941,-20.39149],[166.58175,-20.39955],[166.55067,-20.40449],[166.55261,-20.40893],[166.55185,-20.41834],[166.56069,-20.4212],[166.5606,-20.41673],[166.55693,-20.41358],[166.56037,-20.41168],[166.55814,-20.40398],[166.56184,-20.40934],[166.56109,-20.41202],[166.56217,-20.41017],[166.56189,-20.41235],[166.56405,-20.41274],[166.56243,-20.41736],[166.56552,-20.41206],[166.5642,-20.40506],[166.56788,-20.41224],[166.57064,-20.40565],[166.57446,-20.40643],[166.57356,-20.41007],[166.57871,-20.40478],[166.57843,-20.4015],[166.58467,-20.39811],[166.58716,-20.40297],[166.58885,-20.39961],[166.58733,-20.40405],[166.58361,-20.40173],[166.57648,-20.40818],[166.57767,-20.41077],[166.58319,-20.41163],[166.5779,-20.41204],[166.58153,-20.41548],[166.57973,-20.41729],[166.5742,-20.41726],[166.57232,-20.41367],[166.56754,-20.4157],[166.57706,-20.41935],[166.57745,-20.42188],[166.56534,-20.4175],[166.56274,-20.42058],[166.58004,-20.42819],[166.5925,-20.44323],[166.5953,-20.45624],[166.59265,-20.48467],[166.5742,-20.51424],[166.56223,-20.55202],[166.56007,-20.56735],[166.56047,-20.59472],[166.55444,-20.61885],[166.54155,-20.64163],[166.51875,-20.66845],[166.48901,-20.69234],[166.4715,-20.70039],[166.47712,-20.69911],[166.48436,-20.70357],[166.49243,-20.70096],[166.50231,-20.6906],[166.50871,-20.6891],[166.51118,-20.69096],[166.50507,-20.69234],[166.50683,-20.69396],[166.50389,-20.69856],[166.49904,-20.70143],[166.48368,-20.70485],[166.47845,-20.70818],[166.49255,-20.70542],[166.50345,-20.7068],[166.52701,-20.69757],[166.53785,-20.69956],[166.5526,-20.69108],[166.56779,-20.68847],[166.57743,-20.67147],[166.57896,-20.66363],[166.59241,-20.64567],[166.59461,-20.63238],[166.60108,-20.62279],[166.60865,-20.61721],[166.61049,-20.60873],[166.61585,-20.60286],[166.61834,-20.59579],[166.58459,-20.60454],[166.57885,-20.60321],[166.57296,-20.59715],[166.56924,-20.58318],[166.57596,-20.56586],[166.574,-20.56435],[166.57342,-20.55215],[166.57101,-20.54952],[166.57468,-20.54169],[166.58195,-20.53634],[166.57572,-20.52192],[166.58092,-20.51109],[166.59021,-20.49929],[166.60304,-20.48788],[166.60464,-20.48409],[166.603,-20.4796],[166.60714,-20.47274],[166.64025,-20.46643],[166.64692,-20.46993],[166.65235,-20.4786],[166.66598,-20.4671]],[[166.58533,-20.42999],[166.58611,-20.4284],[166.59416,-20.43687],[166.59764,-20.44782],[166.59307,-20.44296],[166.58533,-20.42999]]],[[[166.58923,-20.43525],[166.59324,-20.44238],[166.59488,-20.44165],[166.58923,-20.43525]]],[[[166.22713,-22.24125],[166.2241,-22.24196],[166.22493,-22.2449],[166.22673,-22.2453],[166.22713,-22.24125]]],[[[166.19959,-22.21348],[166.20129,-22.2188],[166.20622,-22.21991],[166.19959,-22.21348]]],[[[166.26228,-22.17803],[166.26288,-22.17653],[166.26055,-22.17782],[166.26228,-22.17803]]],[[[166.28876,-22.18593],[166.29079,-22.18363],[166.28477,-22.17463],[166.28477,-22.17092],[166.2823,-22.17634],[166.28876,-22.18593]]],[[[166.15992,-22.11897],[166.16373,-22.11925],[166.16158,-22.1177],[166.15992,-22.11897]]],[[[166.14958,-22.11401],[166.14687,-22.11481],[166.15531,-22.1181],[166.15215,-22.11371],[166.14958,-22.11401]]],[[[166.11631,-22.10237],[166.12064,-22.10521],[166.12008,-22.0957],[166.11735,-22.09748],[166.11818,-22.10234],[166.11631,-22.10237]]],[[[166.10816,-22.07955],[166.09975,-22.08615],[166.09133,-22.08689],[166.09066,-22.09085],[166.10421,-22.09369],[166.11412,-22.08006],[166.10816,-22.07955]]],[[[166.0977,-22.05465],[166.10167,-22.05152],[166.10969,-22.05114],[166.09987,-22.04994],[166.0977,-22.05465]]],[[[166.08101,-22.05312],[166.08467,-22.05421],[166.08511,-22.05871],[166.09205,-22.04654],[166.08975,-22.04577],[166.08101,-22.05312]]],[[[166.18905,-22.0366],[166.19258,-22.04023],[166.19302,-22.03712],[166.18905,-22.0366]]],[[[166.19904,-22.03429],[166.20403,-22.03576],[166.20258,-22.03266],[166.19904,-22.03429]]],[[[166.19503,-22.02999],[166.19978,-22.0311],[166.19906,-22.02731],[166.19503,-22.02999]]],[[[166.14554,-22.02521],[166.14448,-22.02413],[166.14139,-22.02687],[166.14738,-22.02601],[166.14554,-22.02521]]],[[[165.28277,-20.8893],[165.28374,-20.88604],[165.27961,-20.88405],[165.2789,-20.88672],[165.28339,-20.88638],[165.28277,-20.8893]]],[[[165.49456,-21.13026],[165.49048,-21.12706],[165.48467,-21.13209],[165.48522,-21.1343],[165.48772,-21.13663],[165.49329,-21.13408],[165.49068,-21.13123],[165.49552,-21.13303],[165.49456,-21.13026]]],[[[164.82599,-21.15711],[164.82675,-21.15236],[164.81851,-21.14905],[164.81962,-21.15496],[164.81421,-21.15904],[164.82599,-21.15711]]],[[[164.18113,-20.37265],[164.17795,-20.37426],[164.17864,-20.37681],[164.18627,-20.37673],[164.18113,-20.37265]]],[[[164.17147,-20.35723],[164.17092,-20.36035],[164.17407,-20.36323],[164.18018,-20.36068],[164.17806,-20.35713],[164.17292,-20.35579],[164.17147,-20.35723]]],[[[164.16336,-20.33271],[164.16123,-20.33625],[164.16451,-20.335],[164.16336,-20.33271]]],[[[164.07759,-20.3149],[164.07019,-20.31723],[164.0661,-20.31585],[164.07096,-20.32089],[164.08195,-20.31911],[164.07759,-20.3149]]],[[[164.09377,-20.3043],[164.08834,-20.30814],[164.09553,-20.31111],[164.09298,-20.31231],[164.09498,-20.31445],[164.09517,-20.31755],[164.09318,-20.31581],[164.09272,-20.31738],[164.0944,-20.31763],[164.09272,-20.31936],[164.09397,-20.32536],[164.08917,-20.31775],[164.08526,-20.31817],[164.08564,-20.32913],[164.09264,-20.33029],[164.09908,-20.3272],[164.09573,-20.3197],[164.0999,-20.31401],[164.09377,-20.3043]]],[[[164.17112,-20.23457],[164.17135,-20.23725],[164.17495,-20.23784],[164.17112,-20.23457]]],[[[164.0686,-20.21223],[164.06593,-20.21407],[164.06818,-20.21633],[164.0686,-20.21223]]],[[[164.00511,-20.21017],[164.00387,-20.2109],[164.01187,-20.22062],[164.0213,-20.22265],[164.02297,-20.21751],[164.00932,-20.21368],[164.00511,-20.21017]]],[[[164.02563,-20.20395],[164.0255,-20.20236],[164.02264,-20.20423],[164.02371,-20.2064],[164.02563,-20.20395]]],[[[163.98609,-20.19593],[163.98205,-20.19984],[163.98303,-20.20126],[163.98572,-20.20116],[163.98609,-20.19593]]],[[[164.04649,-20.17663],[164.04216,-20.17297],[164.04169,-20.17877],[164.04773,-20.17806],[164.04649,-20.17663]]],[[[164.01869,-20.16005],[164.01959,-20.16988],[164.02169,-20.17021],[164.02314,-20.16112],[164.01869,-20.16005]]],[[[164.00139,-20.14755],[163.99498,-20.14858],[163.99408,-20.15319],[164.00246,-20.15204],[164.00139,-20.14755]]],[[[163.92115,-20.14324],[163.91364,-20.13214],[163.91037,-20.14267],[163.92707,-20.15432],[163.929,-20.16042],[163.92543,-20.16433],[163.92675,-20.16622],[163.93827,-20.16635],[163.94681,-20.17057],[163.94119,-20.16173],[163.93431,-20.15722],[163.92986,-20.14812],[163.92115,-20.14324]]],[[[163.99292,-20.10836],[163.98989,-20.10814],[163.98413,-20.11402],[163.97889,-20.11465],[163.98471,-20.11795],[163.99292,-20.10836]]],[[[163.97185,-20.0854],[163.97051,-20.08329],[163.96716,-20.08656],[163.96339,-20.0863],[163.96225,-20.09273],[163.97793,-20.09702],[163.97493,-20.09012],[163.97627,-20.08434],[163.97185,-20.0854]]],[[[163.81324,-20.02869],[163.81082,-20.0303],[163.80529,-20.02908],[163.80372,-20.03129],[163.80079,-20.03],[163.79903,-20.03376],[163.79473,-20.03464],[163.79411,-20.03743],[163.79131,-20.03772],[163.78932,-20.04895],[163.81182,-20.06505],[163.8138,-20.0741],[163.82142,-20.07843],[163.82601,-20.07813],[163.82797,-20.07238],[163.82088,-20.06165],[163.81996,-20.05651],[163.8235,-20.05005],[163.8303,-20.04617],[163.82812,-20.03842],[163.81324,-20.02869]]],[[[163.93495,-20.0251],[163.93117,-20.02822],[163.93272,-20.02984],[163.93495,-20.0251]]],[[[163.93295,-20.00427],[163.92978,-20.0076],[163.92791,-20.01619],[163.9336,-20.01995],[163.93539,-20.01259],[163.93295,-20.00427]]],[[[163.9642,-20.00036],[163.96019,-20.00253],[163.96412,-20.00425],[163.9605,-20.00881],[163.95842,-20.00895],[163.96294,-20.00504],[163.96039,-20.00577],[163.96039,-20.00313],[163.95282,-20.00813],[163.95455,-20.01185],[163.95254,-20.01513],[163.95932,-20.01885],[163.96026,-20.01685],[163.95778,-20.01458],[163.96168,-20.01425],[163.96283,-20.01132],[163.96682,-20.01467],[163.97172,-20.01404],[163.97069,-20.01764],[163.97257,-20.01986],[163.96786,-20.01864],[163.97008,-20.02584],[163.96368,-20.02131],[163.96064,-20.02356],[163.95857,-20.02145],[163.9581,-20.02325],[163.96293,-20.0257],[163.96025,-20.02782],[163.9625,-20.02771],[163.96144,-20.03122],[163.96391,-20.03561],[163.95735,-20.03744],[163.94603,-20.03027],[163.94592,-20.03415],[163.95095,-20.03808],[163.95989,-20.03842],[163.96507,-20.0434],[163.96551,-20.04643],[163.96136,-20.04502],[163.95948,-20.04648],[163.95754,-20.04522],[163.95881,-20.03974],[163.95478,-20.04606],[163.95314,-20.05785],[163.95678,-20.05651],[163.9524,-20.06067],[163.95186,-20.06912],[163.96013,-20.07389],[163.96199,-20.07816],[163.96541,-20.0784],[163.97424,-20.06813],[163.9725,-20.06601],[163.97009,-20.06749],[163.96988,-20.0653],[163.97546,-20.06442],[163.97676,-20.0686],[163.97955,-20.06937],[163.97819,-20.0672],[163.98086,-20.06369],[163.97767,-20.06024],[163.9805,-20.06093],[163.98102,-20.058],[163.98776,-20.06167],[163.98812,-20.05841],[163.99246,-20.05612],[163.9929,-20.06043],[163.99579,-20.06183],[163.99077,-20.06363],[163.98757,-20.06886],[163.99133,-20.07015],[163.99187,-20.07435],[163.98534,-20.07669],[163.9848,-20.07344],[163.98479,-20.07574],[163.98049,-20.0801],[163.98154,-20.07684],[163.9793,-20.07906],[163.98042,-20.08184],[163.98524,-20.08109],[163.98608,-20.08293],[163.99405,-20.07252],[163.99863,-20.07085],[163.99709,-20.04884],[163.98269,-20.04008],[163.97583,-20.01095],[163.9642,-20.00036]]],[[[163.95938,-19.99617],[163.9609,-19.99947],[163.96246,-19.99864],[163.95938,-19.99617]]],[[[163.93162,-19.9734],[163.92571,-19.97485],[163.92978,-19.97942],[163.93517,-19.97781],[163.93444,-19.97452],[163.93162,-19.9734]]],[[[165.02253,-21.37132],[165.01697,-21.3715],[165.01993,-21.37683],[165.02253,-21.37132]]],[[[165.03805,-21.36977],[165.03676,-21.37641],[165.03084,-21.38012],[165.03019,-21.38406],[165.03815,-21.38325],[165.04078,-21.3849],[165.04409,-21.38303],[165.04466,-21.38517],[165.04198,-21.38726],[165.03743,-21.38621],[165.04035,-21.39351],[165.04664,-21.38964],[165.0536,-21.37983],[165.03805,-21.36977]]],[[[164.98578,-21.36011],[164.99413,-21.3728],[165.00367,-21.3712],[165.00439,-21.36571],[165.01043,-21.35979],[165.00115,-21.35163],[164.99328,-21.34908],[164.9906,-21.34914],[164.99019,-21.35222],[164.98457,-21.35672],[164.98578,-21.36011]]],[[[165.02708,-21.36305],[165.03053,-21.34894],[165.0265,-21.35893],[165.02708,-21.36305]]],[[[166.48279,-21.78533],[166.48371,-21.78398],[166.47725,-21.77588],[166.47093,-21.77414],[166.47079,-21.77555],[166.47024,-21.77631],[166.48279,-21.78533]]],[[[166.46972,-21.77606],[166.47057,-21.77555],[166.47058,-21.7742],[166.46701,-21.77193],[166.46728,-21.77322],[166.46865,-21.77412],[166.46917,-21.77464],[166.46972,-21.77606]]],[[[166.47653,-21.77343],[166.47643,-21.76979],[166.4722,-21.77218],[166.47653,-21.77343]]],[[[166.43816,-21.68837],[166.43062,-21.68484],[166.42847,-21.6816],[166.425,-21.68156],[166.42664,-21.68858],[166.42422,-21.69087],[166.41044,-21.69149],[166.40565,-21.68775],[166.40319,-21.68887],[166.41378,-21.69958],[166.42304,-21.70207],[166.42709,-21.70114],[166.43223,-21.70436],[166.43802,-21.7002],[166.44018,-21.70565],[166.44361,-21.70624],[166.44702,-21.70455],[166.43816,-21.68837]]],[[[166.3813,-21.67523],[166.37317,-21.67235],[166.37125,-21.67555],[166.38306,-21.67882],[166.38449,-21.677],[166.38914,-21.67768],[166.3959,-21.67235],[166.38822,-21.67051],[166.3813,-21.67523]]],[[[166.20907,-21.5878],[166.21013,-21.58943],[166.20763,-21.59151],[166.21492,-21.59583],[166.2197,-21.60194],[166.21767,-21.60841],[166.21958,-21.60837],[166.2208,-21.60637],[166.2242,-21.60638],[166.22802,-21.60184],[166.21976,-21.59891],[166.20907,-21.5878]]],[[[165.26041,-20.86586],[165.26061,-20.8645],[165.25706,-20.86538],[165.26041,-20.86586]]],[[[165.14569,-20.71662],[165.14886,-20.71686],[165.14978,-20.71474],[165.14604,-20.71484],[165.14569,-20.71662]]],[[[165.08949,-20.68998],[165.09208,-20.68788],[165.08869,-20.68846],[165.08949,-20.68998]]],[[[164.65447,-20.94198],[164.66023,-20.94365],[164.6585,-20.94108],[164.65447,-20.94198]]],[[[164.66346,-20.93028],[164.65914,-20.93232],[164.6636,-20.93224],[164.66346,-20.93028]]],[[[164.59821,-20.92378],[164.60061,-20.92513],[164.60088,-20.92224],[164.59821,-20.92378]]],[[[164.5777,-20.92216],[164.57438,-20.92039],[164.57275,-20.91599],[164.57424,-20.92044],[164.5777,-20.92216]]],[[[164.66602,-20.91587],[164.66231,-20.91095],[164.66094,-20.91684],[164.66305,-20.91445],[164.66646,-20.91971],[164.66451,-20.92269],[164.66811,-20.91935],[164.66545,-20.91793],[164.66602,-20.91587]]],[[[164.65697,-20.90368],[164.65903,-20.91136],[164.66018,-20.90904],[164.66296,-20.90857],[164.65697,-20.90368]]],[[[164.64951,-20.90553],[164.65351,-20.90295],[164.65245,-20.90174],[164.64951,-20.90553]]],[[[164.6661,-20.90834],[164.66373,-20.90515],[164.66569,-20.90117],[164.66376,-20.89948],[164.66387,-20.90266],[164.65874,-20.90314],[164.6629,-20.90743],[164.66324,-20.91017],[164.6661,-20.90834]]],[[[167.02866,-22.2694],[167.03162,-22.27087],[167.03076,-22.27657],[167.02776,-22.27638],[167.02888,-22.27799],[167.03676,-22.27823],[167.03851,-22.27323],[167.0329,-22.26899],[167.02866,-22.2694]]],[[[167.02896,-22.26647],[167.0276,-22.26824],[167.03055,-22.26804],[167.02896,-22.26647]]],[[[167.02751,-22.26616],[167.025,-22.26705],[167.02626,-22.26833],[167.02751,-22.26616]]],[[[167.03067,-22.25663],[167.034,-22.26379],[167.03768,-22.26265],[167.0368,-22.25072],[167.03494,-22.2499],[167.03067,-22.25663]]],[[[167.01009,-22.2267],[167.00856,-22.22648],[167.01528,-22.23747],[167.02404,-22.24389],[167.02322,-22.2499],[167.02549,-22.25148],[167.03324,-22.24871],[167.03008,-22.24265],[167.01009,-22.2267]]],[[[165.82465,-21.39036],[165.82998,-21.39382],[165.83089,-21.39572],[165.83224,-21.39423],[165.82662,-21.38802],[165.82421,-21.38928],[165.82465,-21.39036]]]]},"properties":{"code":"988","nom":"Nouvelle-Calédonie"}},
{"type":"Feature","geometry":{"type":"Polygon","coordinates":[[[-109.22842,10.29747],[-109.2182,10.28823],[-109.21153,10.28756],[-109.20373,10.29306],[-109.19983,10.30536],[-109.20558,10.31127],[-109.2272,10.31923],[-109.23459,10.30991],[-109.22842,10.29747]]]},"properties":{"code":"989","nom":"Île de Clipperton"}}
]}